[31Jul2026 15:44:41.331] [main/INFO] [cpw.mods.modlauncher.Launcher/MODLAUNCHER]: ModLauncher running: args [--launchTarget, forgeserver, --fml.forgeVersion, 47.4.10, --fml.mcVersion, 1.20.1, --fml.forgeGroup, net.minecraftforge, --fml.mcpVersion, 20230612.114412]
[31Jul2026 15:44:41.334] [main/INFO] [cpw.mods.modlauncher.Launcher/MODLAUNCHER]: ModLauncher 10.0.9+10.0.9+main.dcd20f30 starting: java version 17.0.20 by Eclipse Adoptium; OS Windows 11 arch amd64 version 10.0
[31Jul2026 15:44:41.352] [main/DEBUG] [cpw.mods.modlauncher.LaunchServiceHandler/MODLAUNCHER]: Found launch services [fmlclientdev,forgeclient,minecraft,forgegametestserverdev,fmlserveruserdev,fmlclient,fmldatauserdev,forgeserverdev,forgeserveruserdev,forgeclientdev,forgeclientuserdev,forgeserver,forgedatadev,fmlserver,fmlclientuserdev,fmlserverdev,forgedatauserdev,testharness,forgegametestserveruserdev]
[31Jul2026 15:44:41.363] [main/DEBUG] [cpw.mods.modlauncher.NameMappingServiceHandler/MODLAUNCHER]: Found naming services : [srgtomcp]
[31Jul2026 15:44:41.372] [main/DEBUG] [cpw.mods.modlauncher.LaunchPluginHandler/MODLAUNCHER]: Found launch plugins: [mixin,eventbus,slf4jfixer,object_holder_definalize,runtime_enum_extender,capability_token_subclass,accesstransformer,runtimedistcleaner]
[31Jul2026 15:44:41.380] [main/DEBUG] [cpw.mods.modlauncher.TransformationServicesHandler/MODLAUNCHER]: Discovering transformation services
[31Jul2026 15:44:41.383] [main/DEBUG] [net.minecraftforge.fml.loading.FMLPaths/CORE]: Path GAMEDIR is C:\Minecraft\ModdedServer
[31Jul2026 15:44:41.384] [main/DEBUG] [net.minecraftforge.fml.loading.FMLPaths/CORE]: Path MODSDIR is C:\Minecraft\ModdedServer\mods
[31Jul2026 15:44:41.384] [main/DEBUG] [net.minecraftforge.fml.loading.FMLPaths/CORE]: Path CONFIGDIR is C:\Minecraft\ModdedServer\config
[31Jul2026 15:44:41.384] [main/DEBUG] [net.minecraftforge.fml.loading.FMLPaths/CORE]: Path FMLCONFIG is C:\Minecraft\ModdedServer\config\fml.toml
[31Jul2026 15:44:41.595] [main/DEBUG] [cpw.mods.modlauncher.TransformationServicesHandler/MODLAUNCHER]: Found additional transformation services from discovery services: 
[31Jul2026 15:44:41.599] [main/INFO] [net.minecraftforge.fml.loading.ImmediateWindowHandler/]: ImmediateWindowProvider not loading because launch target is forgeserver
[31Jul2026 15:44:41.605] [main/DEBUG] [cpw.mods.modlauncher.TransformationServicesHandler/MODLAUNCHER]: Found transformer services : [mixin,fml]
[31Jul2026 15:44:41.605] [main/DEBUG] [cpw.mods.modlauncher.TransformationServicesHandler/MODLAUNCHER]: Transformation services loading
[31Jul2026 15:44:41.606] [main/DEBUG] [cpw.mods.modlauncher.TransformationServiceDecorator/MODLAUNCHER]: Loading service mixin
[31Jul2026 15:44:41.607] [main/DEBUG] [cpw.mods.modlauncher.TransformationServiceDecorator/MODLAUNCHER]: Loaded service mixin
[31Jul2026 15:44:41.607] [main/DEBUG] [cpw.mods.modlauncher.TransformationServiceDecorator/MODLAUNCHER]: Loading service fml
[31Jul2026 15:44:41.607] [main/DEBUG] [net.minecraftforge.fml.loading.LauncherVersion/CORE]: Found FMLLauncher version 1.0
[31Jul2026 15:44:41.607] [main/DEBUG] [net.minecraftforge.fml.loading.FMLLoader/CORE]: FML 1.0 loading
[31Jul2026 15:44:41.608] [main/DEBUG] [net.minecraftforge.fml.loading.FMLLoader/CORE]: FML found ModLauncher version : 10.0.9+10.0.9+main.dcd20f30
[31Jul2026 15:44:41.608] [main/DEBUG] [net.minecraftforge.fml.loading.FMLLoader/CORE]: Requesting CoreMods to not apply the fix for ASMAPI.findFirstInstructionBefore by default
[31Jul2026 15:44:41.608] [main/DEBUG] [net.minecraftforge.fml.loading.FMLLoader/CORE]: FML found AccessTransformer version : 8.0.4+66+master.c09db6d7
[31Jul2026 15:44:41.608] [main/DEBUG] [net.minecraftforge.fml.loading.FMLLoader/CORE]: FML found EventBus version : 6.0.5+6.0.5+master.eb8e549b
[31Jul2026 15:44:41.608] [main/DEBUG] [net.minecraftforge.fml.loading.FMLLoader/CORE]: Found Runtime Dist Cleaner
[31Jul2026 15:44:41.609] [main/DEBUG] [net.minecraftforge.coremod.CoreModEngine/]: CoreMods will preserve legacy behavior of ASMAPI.findFirstInstructionBefore for backwards-compatibility
[31Jul2026 15:44:41.609] [main/DEBUG] [net.minecraftforge.fml.loading.FMLLoader/CORE]: FML found CoreMod version : 5.2.4
[31Jul2026 15:44:41.609] [main/DEBUG] [net.minecraftforge.fml.loading.FMLLoader/CORE]: Found ForgeSPI package implementation version 7.0.1+7.0.1+master.d2b38bf6
[31Jul2026 15:44:41.609] [main/DEBUG] [net.minecraftforge.fml.loading.FMLLoader/CORE]: Found ForgeSPI package specification 5
[31Jul2026 15:44:41.609] [main/DEBUG] [cpw.mods.modlauncher.TransformationServiceDecorator/MODLAUNCHER]: Loaded service fml
[31Jul2026 15:44:41.610] [main/DEBUG] [cpw.mods.modlauncher.TransformationServicesHandler/MODLAUNCHER]: Configuring option handling for services
[31Jul2026 15:44:41.613] [main/DEBUG] [cpw.mods.modlauncher.TransformationServicesHandler/MODLAUNCHER]: Transformation services initializing
[31Jul2026 15:44:41.614] [main/DEBUG] [cpw.mods.modlauncher.TransformationServiceDecorator/MODLAUNCHER]: Initializing transformation service mixin
[31Jul2026 15:44:41.622] [main/DEBUG] [mixin/]: MixinService [ModLauncher] was successfully booted in cpw.mods.cl.ModuleClassLoader@1f021e6c
[31Jul2026 15:44:41.633] [main/INFO] [mixin/]: SpongePowered MIXIN Subsystem Version=0.8.5 Source=union:/C:/Minecraft/ModdedServer/libraries/org/spongepowered/mixin/0.8.5/mixin-0.8.5.jar%2365!/ Service=ModLauncher Env=SERVER
[31Jul2026 15:44:41.635] [main/DEBUG] [mixin/]: Initialising Mixin Platform Manager
[31Jul2026 15:44:41.635] [main/DEBUG] [mixin/]: Adding mixin platform agents for container ModLauncher Root Container(ModLauncher:4f56a0a2)
[31Jul2026 15:44:41.636] [main/DEBUG] [mixin/]: Instancing new MixinPlatformAgentMinecraftForge for ModLauncher Root Container(ModLauncher:4f56a0a2)
[31Jul2026 15:44:41.636] [main/DEBUG] [mixin/]: MixinPlatformAgentMinecraftForge rejected container ModLauncher Root Container(ModLauncher:4f56a0a2)
[31Jul2026 15:44:41.637] [main/DEBUG] [mixin/]: Instancing new MixinPlatformAgentDefault for ModLauncher Root Container(ModLauncher:4f56a0a2)
[31Jul2026 15:44:41.637] [main/DEBUG] [mixin/]: MixinPlatformAgentDefault accepted container ModLauncher Root Container(ModLauncher:4f56a0a2)
[31Jul2026 15:44:41.638] [main/DEBUG] [cpw.mods.modlauncher.TransformationServiceDecorator/MODLAUNCHER]: Initialized transformation service mixin
[31Jul2026 15:44:41.638] [main/DEBUG] [cpw.mods.modlauncher.TransformationServiceDecorator/MODLAUNCHER]: Initializing transformation service fml
[31Jul2026 15:44:41.638] [main/DEBUG] [net.minecraftforge.fml.loading.FMLServiceProvider/CORE]: Setting up basic FML game directories
[31Jul2026 15:44:41.639] [main/DEBUG] [net.minecraftforge.fml.loading.FMLPaths/CORE]: Path GAMEDIR is C:\Minecraft\ModdedServer
[31Jul2026 15:44:41.639] [main/DEBUG] [net.minecraftforge.fml.loading.FMLPaths/CORE]: Path MODSDIR is C:\Minecraft\ModdedServer\mods
[31Jul2026 15:44:41.639] [main/DEBUG] [net.minecraftforge.fml.loading.FMLPaths/CORE]: Path CONFIGDIR is C:\Minecraft\ModdedServer\config
[31Jul2026 15:44:41.639] [main/DEBUG] [net.minecraftforge.fml.loading.FMLPaths/CORE]: Path FMLCONFIG is C:\Minecraft\ModdedServer\config\fml.toml
[31Jul2026 15:44:41.639] [main/DEBUG] [net.minecraftforge.fml.loading.FMLServiceProvider/CORE]: Loading configuration
[31Jul2026 15:44:41.642] [main/DEBUG] [net.minecraftforge.fml.loading.FMLServiceProvider/CORE]: Preparing ModFile
[31Jul2026 15:44:41.644] [main/DEBUG] [net.minecraftforge.fml.loading.FMLServiceProvider/CORE]: Preparing launch handler
[31Jul2026 15:44:41.644] [main/DEBUG] [net.minecraftforge.fml.loading.FMLLoader/CORE]: Using forgeserver as launch service
[31Jul2026 15:44:41.652] [main/DEBUG] [net.minecraftforge.fml.loading.FMLLoader/CORE]: Received command line version data  : VersionInfo[forgeVersion=47.4.10, mcVersion=1.20.1, mcpVersion=20230612.114412, forgeGroup=net.minecraftforge]
[31Jul2026 15:44:41.654] [main/DEBUG] [cpw.mods.modlauncher.TransformationServiceDecorator/MODLAUNCHER]: Initialized transformation service fml
[31Jul2026 15:44:41.654] [main/DEBUG] [cpw.mods.modlauncher.NameMappingServiceHandler/MODLAUNCHER]: Current naming domain is 'srg'
[31Jul2026 15:44:41.655] [main/DEBUG] [cpw.mods.modlauncher.NameMappingServiceHandler/MODLAUNCHER]: Identified name mapping providers {}
[31Jul2026 15:44:41.655] [main/DEBUG] [cpw.mods.modlauncher.TransformationServicesHandler/MODLAUNCHER]: Transformation services begin scanning
[31Jul2026 15:44:41.655] [main/DEBUG] [cpw.mods.modlauncher.TransformationServiceDecorator/MODLAUNCHER]: Beginning scan trigger - transformation service mixin
[31Jul2026 15:44:41.655] [main/DEBUG] [cpw.mods.modlauncher.TransformationServiceDecorator/MODLAUNCHER]: End scan trigger - transformation service mixin
[31Jul2026 15:44:41.655] [main/DEBUG] [cpw.mods.modlauncher.TransformationServiceDecorator/MODLAUNCHER]: Beginning scan trigger - transformation service fml
[31Jul2026 15:44:41.655] [main/DEBUG] [net.minecraftforge.fml.loading.FMLServiceProvider/CORE]: Initiating mod scan
[31Jul2026 15:44:41.663] [main/DEBUG] [net.minecraftforge.fml.loading.moddiscovery.ModListHandler/CORE]: Found mod coordinates from lists: []
[31Jul2026 15:44:41.666] [main/DEBUG] [net.minecraftforge.fml.loading.moddiscovery.ModDiscoverer/CORE]: Found Mod Locators : (mods folder:null),(maven libs:null),(exploded directory:null),(minecraft:null),(userdev classpath:null)
[31Jul2026 15:44:41.666] [main/DEBUG] [net.minecraftforge.fml.loading.moddiscovery.ModDiscoverer/CORE]: Found Dependency Locators : (JarInJar:null)
[31Jul2026 15:44:41.675] [main/DEBUG] [net.minecraftforge.fml.loading.moddiscovery.ModFileParser/LOADING]: Considering mod file candidate C:\Minecraft\ModdedServer\mods\alexscaves-2.0.2.jar
[31Jul2026 15:44:41.702] [main/DEBUG] [net.minecraftforge.fml.loading.moddiscovery.ModFileInfo/LOADING]: Found valid mod file alexscaves-2.0.2.jar with {alexscaves} mods - versions {2.0.2}
[31Jul2026 15:44:41.706] [main/DEBUG] [net.minecraftforge.fml.loading.moddiscovery.ModFileParser/LOADING]: Considering mod file candidate C:\Minecraft\ModdedServer\mods\alexsmobs-1.22.9.jar
[31Jul2026 15:44:41.706] [main/DEBUG] [net.minecraftforge.fml.loading.moddiscovery.ModFileInfo/LOADING]: Found valid mod file alexsmobs-1.22.9.jar with {alexsmobs} mods - versions {1.22.9}
[31Jul2026 15:44:41.708] [main/DEBUG] [net.minecraftforge.fml.loading.moddiscovery.ModFileParser/LOADING]: Considering mod file candidate C:\Minecraft\ModdedServer\mods\AmbientSounds_FORGE_v6.3.8_mc1.20.1.jar
[31Jul2026 15:44:41.708] [main/DEBUG] [net.minecraftforge.fml.loading.moddiscovery.ModFileInfo/LOADING]: Found valid mod file AmbientSounds_FORGE_v6.3.8_mc1.20.1.jar with {ambientsounds} mods - versions {6.3.8}
[31Jul2026 15:44:41.709] [main/DEBUG] [net.minecraftforge.fml.loading.moddiscovery.ModFileParser/LOADING]: Considering mod file candidate C:\Minecraft\ModdedServer\mods\architectury-9.2.14-forge.jar
[31Jul2026 15:44:41.709] [main/DEBUG] [net.minecraftforge.fml.loading.moddiscovery.ModFileInfo/LOADING]: Found valid mod file architectury-9.2.14-forge.jar with {architectury} mods - versions {9.2.14}
[31Jul2026 15:44:41.711] [main/DEBUG] [net.minecraftforge.fml.loading.moddiscovery.ModFileParser/LOADING]: Considering mod file candidate C:\Minecraft\ModdedServer\mods\artifacts-forge-9.5.19.jar
[31Jul2026 15:44:41.712] [main/DEBUG] [net.minecraftforge.fml.loading.moddiscovery.ModFileInfo/LOADING]: Found valid mod file artifacts-forge-9.5.19.jar with {artifacts} mods - versions {9.5.19}
[31Jul2026 15:44:41.713] [main/DEBUG] [net.minecraftforge.fml.loading.moddiscovery.ModFileParser/LOADING]: Considering mod file candidate C:\Minecraft\ModdedServer\mods\bettercombat-forge-1.9.0+1.20.1.jar
[31Jul2026 15:44:41.714] [main/DEBUG] [net.minecraftforge.fml.loading.moddiscovery.ModFileInfo/LOADING]: Found valid mod file bettercombat-forge-1.9.0+1.20.1.jar with {bettercombat} mods - versions {1.9.0+1.20.1}
[31Jul2026 15:44:41.715] [main/DEBUG] [net.minecraftforge.fml.loading.moddiscovery.ModFileParser/LOADING]: Considering mod file candidate C:\Minecraft\ModdedServer\mods\citadel-2.6.3-1.20.1.jar
[31Jul2026 15:44:41.716] [main/DEBUG] [net.minecraftforge.fml.loading.moddiscovery.ModFileInfo/LOADING]: Found valid mod file citadel-2.6.3-1.20.1.jar with {citadel} mods - versions {2.6.3}
[31Jul2026 15:44:41.717] [main/DEBUG] [net.minecraftforge.fml.loading.moddiscovery.ModFileParser/LOADING]: Considering mod file candidate C:\Minecraft\ModdedServer\mods\cloth-config-11.1.136-forge.jar
[31Jul2026 15:44:41.718] [main/DEBUG] [net.minecraftforge.fml.loading.moddiscovery.ModFileInfo/LOADING]: Found valid mod file cloth-config-11.1.136-forge.jar with {cloth_config} mods - versions {11.1.136}
[31Jul2026 15:44:41.719] [main/DEBUG] [net.minecraftforge.fml.loading.moddiscovery.ModFileParser/LOADING]: Considering mod file candidate C:\Minecraft\ModdedServer\mods\CreativeCore_FORGE_v2.12.39_mc1.20.1.jar
[31Jul2026 15:44:41.719] [main/DEBUG] [net.minecraftforge.fml.loading.moddiscovery.ModFileInfo/LOADING]: Found valid mod file CreativeCore_FORGE_v2.12.39_mc1.20.1.jar with {creativecore} mods - versions {2.12.39}
[31Jul2026 15:44:41.721] [main/DEBUG] [net.minecraftforge.fml.loading.moddiscovery.ModFileParser/LOADING]: Considering mod file candidate C:\Minecraft\ModdedServer\mods\curios-forge-5.14.1+1.20.1.jar
[31Jul2026 15:44:41.723] [main/DEBUG] [net.minecraftforge.fml.loading.moddiscovery.ModFileInfo/LOADING]: Found valid mod file curios-forge-5.14.1+1.20.1.jar with {curios} mods - versions {5.14.1+1.20.1}
[31Jul2026 15:44:41.724] [main/DEBUG] [net.minecraftforge.fml.loading.moddiscovery.ModFileParser/LOADING]: Considering mod file candidate C:\Minecraft\ModdedServer\mods\DistantHorizons-3.2.0-b-1.20.1-fabric-forge.jar
[31Jul2026 15:44:41.725] [main/DEBUG] [net.minecraftforge.fml.loading.moddiscovery.ModFileInfo/LOADING]: Found valid mod file DistantHorizons-3.2.0-b-1.20.1-fabric-forge.jar with {distanthorizons} mods - versions {3.2.0-b}
[31Jul2026 15:44:41.727] [main/DEBUG] [net.minecraftforge.fml.loading.moddiscovery.ModFileParser/LOADING]: Considering mod file candidate C:\Minecraft\ModdedServer\mods\DungeonsArise-1.20.x-2.1.58-release.jar
[31Jul2026 15:44:41.727] [main/DEBUG] [net.minecraftforge.fml.loading.moddiscovery.ModFileInfo/LOADING]: Found valid mod file DungeonsArise-1.20.x-2.1.58-release.jar with {dungeons_arise} mods - versions {2.1.58-1.20.x}
[31Jul2026 15:44:41.728] [main/DEBUG] [net.minecraftforge.fml.loading.moddiscovery.ModFileParser/LOADING]: Considering mod file candidate C:\Minecraft\ModdedServer\mods\notenoughanimations-forge-1.12.4-mc1.20.1.jar
[31Jul2026 15:44:41.729] [main/DEBUG] [net.minecraftforge.fml.loading.moddiscovery.ModFileInfo/LOADING]: Found valid mod file notenoughanimations-forge-1.12.4-mc1.20.1.jar with {notenoughanimations} mods - versions {1.12.4}
[31Jul2026 15:44:41.730] [main/DEBUG] [net.minecraftforge.fml.loading.moddiscovery.ModFileParser/LOADING]: Considering mod file candidate C:\Minecraft\ModdedServer\mods\player-animation-lib-forge-1.0.2-rc1+1.20.jar
[31Jul2026 15:44:41.730] [main/DEBUG] [net.minecraftforge.fml.loading.moddiscovery.ModFileInfo/LOADING]: Found valid mod file player-animation-lib-forge-1.0.2-rc1+1.20.jar with {playeranimator} mods - versions {1.0.2-rc1+1.20}
[31Jul2026 15:44:41.733] [main/DEBUG] [net.minecraftforge.fml.loading.moddiscovery.ModFileParser/LOADING]: Considering mod file candidate C:\Minecraft\ModdedServer\mods\simplyswords-forge-1.56.0-1.20.1.jar
[31Jul2026 15:44:41.733] [main/DEBUG] [net.minecraftforge.fml.loading.moddiscovery.ModFileInfo/LOADING]: Found valid mod file simplyswords-forge-1.56.0-1.20.1.jar with {simplyswords} mods - versions {1.56.0-1.20.1}
[31Jul2026 15:44:41.735] [main/DEBUG] [net.minecraftforge.fml.loading.moddiscovery.ModFileParser/LOADING]: Considering mod file candidate C:\Minecraft\ModdedServer\mods\sound-physics-remastered-forge-1.20.1-1.5.1.jar
[31Jul2026 15:44:41.735] [main/DEBUG] [net.minecraftforge.fml.loading.moddiscovery.ModFileInfo/LOADING]: Found valid mod file sound-physics-remastered-forge-1.20.1-1.5.1.jar with {sound_physics_remastered} mods - versions {1.20.1-1.5.1}
[31Jul2026 15:44:41.737] [main/DEBUG] [net.minecraftforge.fml.loading.moddiscovery.ModFileParser/LOADING]: Considering mod file candidate C:\Minecraft\ModdedServer\mods\Terralith_1.20.x_v2.5.4.jar
[31Jul2026 15:44:41.737] [main/DEBUG] [net.minecraftforge.fml.loading.moddiscovery.ModFileInfo/LOADING]: Found valid mod file Terralith_1.20.x_v2.5.4.jar with {terralith} mods - versions {2.5.4}
[31Jul2026 15:44:41.740] [main/DEBUG] [net.minecraftforge.fml.loading.moddiscovery.ModFileParser/LOADING]: Considering mod file candidate C:\Minecraft\ModdedServer\mods\twilightforest-1.20.1-4.3.2508-universal.jar
[31Jul2026 15:44:41.740] [main/DEBUG] [net.minecraftforge.fml.loading.moddiscovery.ModFileInfo/LOADING]: Found valid mod file twilightforest-1.20.1-4.3.2508-universal.jar with {twilightforest} mods - versions {4.3.2508}
[31Jul2026 15:44:41.742] [main/DEBUG] [net.minecraftforge.fml.loading.moddiscovery.ModFileParser/LOADING]: Considering mod file candidate C:\Minecraft\ModdedServer\mods\YungsApi-1.20-Forge-4.0.6.jar
[31Jul2026 15:44:41.742] [main/DEBUG] [net.minecraftforge.fml.loading.moddiscovery.ModFileInfo/LOADING]: Found valid mod file YungsApi-1.20-Forge-4.0.6.jar with {yungsapi} mods - versions {1.20-Forge-4.0.6}
[31Jul2026 15:44:41.743] [main/DEBUG] [net.minecraftforge.fml.loading.moddiscovery.ModFileParser/LOADING]: Considering mod file candidate C:\Minecraft\ModdedServer\mods\YungsBetterCaves-1.20.1-Forge-2.0.5.jar
[31Jul2026 15:44:41.743] [main/DEBUG] [net.minecraftforge.fml.loading.moddiscovery.ModFileInfo/LOADING]: Found valid mod file YungsBetterCaves-1.20.1-Forge-2.0.5.jar with {bettercaves} mods - versions {1.20.1-Forge-2.0.5}
[31Jul2026 15:44:41.744] [main/DEBUG] [net.minecraftforge.fml.loading.moddiscovery.ModFileParser/LOADING]: Considering mod file candidate C:\Minecraft\ModdedServer\mods\YungsBetterDesertTemples-1.20-Forge-3.0.3.jar
[31Jul2026 15:44:41.745] [main/DEBUG] [net.minecraftforge.fml.loading.moddiscovery.ModFileInfo/LOADING]: Found valid mod file YungsBetterDesertTemples-1.20-Forge-3.0.3.jar with {betterdeserttemples} mods - versions {1.20-Forge-3.0.3}
[31Jul2026 15:44:41.746] [main/DEBUG] [net.minecraftforge.fml.loading.moddiscovery.ModFileParser/LOADING]: Considering mod file candidate C:\Minecraft\ModdedServer\mods\YungsBetterDungeons-1.20-Forge-4.0.3.jar
[31Jul2026 15:44:41.746] [main/DEBUG] [net.minecraftforge.fml.loading.moddiscovery.ModFileInfo/LOADING]: Found valid mod file YungsBetterDungeons-1.20-Forge-4.0.3.jar with {betterdungeons} mods - versions {1.20-Forge-4.0.3}
[31Jul2026 15:44:41.747] [main/DEBUG] [net.minecraftforge.fml.loading.moddiscovery.ModFileParser/LOADING]: Considering mod file candidate C:\Minecraft\ModdedServer\mods\YungsBetterMineshafts-1.20-Forge-4.0.4.jar
[31Jul2026 15:44:41.747] [main/DEBUG] [net.minecraftforge.fml.loading.moddiscovery.ModFileInfo/LOADING]: Found valid mod file YungsBetterMineshafts-1.20-Forge-4.0.4.jar with {bettermineshafts} mods - versions {1.20-Forge-4.0.4}
[31Jul2026 15:44:41.748] [main/DEBUG] [net.minecraftforge.fml.loading.moddiscovery.ModFileParser/LOADING]: Considering mod file candidate C:\Minecraft\ModdedServer\mods\YungsBetterNetherFortresses-1.20-Forge-2.0.6.jar
[31Jul2026 15:44:41.749] [main/DEBUG] [net.minecraftforge.fml.loading.moddiscovery.ModFileInfo/LOADING]: Found valid mod file YungsBetterNetherFortresses-1.20-Forge-2.0.6.jar with {betterfortresses} mods - versions {1.20-Forge-2.0.6}
[31Jul2026 15:44:41.750] [main/DEBUG] [net.minecraftforge.fml.loading.moddiscovery.ModFileParser/LOADING]: Considering mod file candidate C:\Minecraft\ModdedServer\mods\YungsBetterOceanMonuments-1.20-Forge-3.0.4.jar
[31Jul2026 15:44:41.750] [main/DEBUG] [net.minecraftforge.fml.loading.moddiscovery.ModFileInfo/LOADING]: Found valid mod file YungsBetterOceanMonuments-1.20-Forge-3.0.4.jar with {betteroceanmonuments} mods - versions {1.20-Forge-3.0.4}
[31Jul2026 15:44:41.751] [main/DEBUG] [net.minecraftforge.fml.loading.moddiscovery.ModFileParser/LOADING]: Considering mod file candidate C:\Minecraft\ModdedServer\mods\YungsBetterStrongholds-1.20-Forge-4.0.3.jar
[31Jul2026 15:44:41.751] [main/DEBUG] [net.minecraftforge.fml.loading.moddiscovery.ModFileInfo/LOADING]: Found valid mod file YungsBetterStrongholds-1.20-Forge-4.0.3.jar with {betterstrongholds} mods - versions {1.20-Forge-4.0.3}
[31Jul2026 15:44:41.753] [main/WARN] [net.minecraftforge.fml.loading.moddiscovery.ModDiscoverer/SCAN]: Locator {mods folder locator at C:\Minecraft\ModdedServer\mods} returned 1 files which are client-side-only mods, but we're on a dedicated server. They will be skipped!
[31Jul2026 15:44:41.809] [main/DEBUG] [net.minecraftforge.fml.loading.moddiscovery.ModFileInfo/LOADING]: Found valid mod file server-1.20.1-20230612.114412-srg.jar with {minecraft} mods - versions {1.20.1}
[31Jul2026 15:44:41.811] [main/DEBUG] [net.minecraftforge.fml.loading.moddiscovery.ModFileParser/LOADING]: Considering mod file candidate C:\Minecraft\ModdedServer\libraries\net\minecraftforge\fmlcore\1.20.1-47.4.10\fmlcore-1.20.1-47.4.10.jar
[31Jul2026 15:44:41.812] [main/WARN] [net.minecraftforge.fml.loading.moddiscovery.ModFileParser/LOADING]: Mod file C:\Minecraft\ModdedServer\libraries\net\minecraftforge\fmlcore\1.20.1-47.4.10\fmlcore-1.20.1-47.4.10.jar is missing mods.toml file
[31Jul2026 15:44:41.813] [main/DEBUG] [net.minecraftforge.fml.loading.moddiscovery.ModFileParser/LOADING]: Considering mod file candidate C:\Minecraft\ModdedServer\libraries\net\minecraftforge\javafmllanguage\1.20.1-47.4.10\javafmllanguage-1.20.1-47.4.10.jar
[31Jul2026 15:44:41.813] [main/WARN] [net.minecraftforge.fml.loading.moddiscovery.ModFileParser/LOADING]: Mod file C:\Minecraft\ModdedServer\libraries\net\minecraftforge\javafmllanguage\1.20.1-47.4.10\javafmllanguage-1.20.1-47.4.10.jar is missing mods.toml file
[31Jul2026 15:44:41.816] [main/DEBUG] [net.minecraftforge.fml.loading.moddiscovery.ModFileParser/LOADING]: Considering mod file candidate C:\Minecraft\ModdedServer\libraries\net\minecraftforge\lowcodelanguage\1.20.1-47.4.10\lowcodelanguage-1.20.1-47.4.10.jar
[31Jul2026 15:44:41.816] [main/WARN] [net.minecraftforge.fml.loading.moddiscovery.ModFileParser/LOADING]: Mod file C:\Minecraft\ModdedServer\libraries\net\minecraftforge\lowcodelanguage\1.20.1-47.4.10\lowcodelanguage-1.20.1-47.4.10.jar is missing mods.toml file
[31Jul2026 15:44:41.818] [main/DEBUG] [net.minecraftforge.fml.loading.moddiscovery.ModFileParser/LOADING]: Considering mod file candidate C:\Minecraft\ModdedServer\libraries\net\minecraftforge\mclanguage\1.20.1-47.4.10\mclanguage-1.20.1-47.4.10.jar
[31Jul2026 15:44:41.818] [main/WARN] [net.minecraftforge.fml.loading.moddiscovery.ModFileParser/LOADING]: Mod file C:\Minecraft\ModdedServer\libraries\net\minecraftforge\mclanguage\1.20.1-47.4.10\mclanguage-1.20.1-47.4.10.jar is missing mods.toml file
[31Jul2026 15:44:41.837] [main/DEBUG] [net.minecraftforge.fml.loading.moddiscovery.ModFileParser/LOADING]: Considering mod file candidate C:\Minecraft\ModdedServer\libraries\net\minecraftforge\forge\1.20.1-47.4.10\forge-1.20.1-47.4.10-universal.jar
[31Jul2026 15:44:41.838] [main/DEBUG] [net.minecraftforge.fml.loading.moddiscovery.ModFileInfo/LOADING]: Found valid mod file forge-1.20.1-47.4.10-universal.jar with {forge} mods - versions {47.4.10}
[31Jul2026 15:44:41.848] [main/DEBUG] [net.minecraftforge.fml.loading.moddiscovery.AbstractJarFileDependencyLocator/]: Failed to load resource META-INF\jarjar\metadata.json from server-1.20.1-20230612.114412-srg.jar, it does not contain dependency information.
[31Jul2026 15:44:41.848] [main/DEBUG] [net.minecraftforge.fml.loading.moddiscovery.AbstractJarFileDependencyLocator/]: Failed to load resource META-INF\jarjar\metadata.json from alexscaves-2.0.2.jar, it does not contain dependency information.
[31Jul2026 15:44:41.848] [main/DEBUG] [net.minecraftforge.fml.loading.moddiscovery.AbstractJarFileDependencyLocator/]: Failed to load resource META-INF\jarjar\metadata.json from YungsBetterDungeons-1.20-Forge-4.0.3.jar, it does not contain dependency information.
[31Jul2026 15:44:41.848] [main/DEBUG] [net.minecraftforge.fml.loading.moddiscovery.AbstractJarFileDependencyLocator/]: Failed to load resource META-INF\jarjar\metadata.json from simplyswords-forge-1.56.0-1.20.1.jar, it does not contain dependency information.
[31Jul2026 15:44:41.848] [main/DEBUG] [net.minecraftforge.fml.loading.moddiscovery.AbstractJarFileDependencyLocator/]: Failed to load resource META-INF\jarjar\metadata.json from AmbientSounds_FORGE_v6.3.8_mc1.20.1.jar, it does not contain dependency information.
[31Jul2026 15:44:41.848] [main/DEBUG] [net.minecraftforge.fml.loading.moddiscovery.AbstractJarFileDependencyLocator/]: Failed to load resource META-INF\jarjar\metadata.json from alexsmobs-1.22.9.jar, it does not contain dependency information.
[31Jul2026 15:44:41.848] [main/DEBUG] [net.minecraftforge.fml.loading.moddiscovery.AbstractJarFileDependencyLocator/]: Failed to load resource META-INF\jarjar\metadata.json from player-animation-lib-forge-1.0.2-rc1+1.20.jar, it does not contain dependency information.
[31Jul2026 15:44:41.848] [main/DEBUG] [net.minecraftforge.fml.loading.moddiscovery.AbstractJarFileDependencyLocator/]: Failed to load resource META-INF\jarjar\metadata.json from CreativeCore_FORGE_v2.12.39_mc1.20.1.jar, it does not contain dependency information.
[31Jul2026 15:44:41.848] [main/DEBUG] [net.minecraftforge.fml.loading.moddiscovery.AbstractJarFileDependencyLocator/]: Failed to load resource META-INF\jarjar\metadata.json from YungsBetterOceanMonuments-1.20-Forge-3.0.4.jar, it does not contain dependency information.
[31Jul2026 15:44:41.848] [main/DEBUG] [net.minecraftforge.fml.loading.moddiscovery.AbstractJarFileDependencyLocator/]: Failed to load resource META-INF\jarjar\metadata.json from curios-forge-5.14.1+1.20.1.jar, it does not contain dependency information.
[31Jul2026 15:44:41.848] [main/DEBUG] [net.minecraftforge.fml.loading.moddiscovery.AbstractJarFileDependencyLocator/]: Failed to load resource META-INF\jarjar\metadata.json from YungsBetterCaves-1.20.1-Forge-2.0.5.jar, it does not contain dependency information.
[31Jul2026 15:44:41.848] [main/DEBUG] [net.minecraftforge.fml.loading.moddiscovery.AbstractJarFileDependencyLocator/]: Failed to load resource META-INF\jarjar\metadata.json from sound-physics-remastered-forge-1.20.1-1.5.1.jar, it does not contain dependency information.
[31Jul2026 15:44:41.848] [main/DEBUG] [net.minecraftforge.fml.loading.moddiscovery.AbstractJarFileDependencyLocator/]: Failed to load resource META-INF\jarjar\metadata.json from citadel-2.6.3-1.20.1.jar, it does not contain dependency information.
[31Jul2026 15:44:41.848] [main/DEBUG] [net.minecraftforge.fml.loading.moddiscovery.AbstractJarFileDependencyLocator/]: Failed to load resource META-INF\jarjar\metadata.json from YungsApi-1.20-Forge-4.0.6.jar, it does not contain dependency information.
[31Jul2026 15:44:41.848] [main/DEBUG] [net.minecraftforge.fml.loading.moddiscovery.AbstractJarFileDependencyLocator/]: Failed to load resource META-INF\jarjar\metadata.json from YungsBetterStrongholds-1.20-Forge-4.0.3.jar, it does not contain dependency information.
[31Jul2026 15:44:41.848] [main/DEBUG] [net.minecraftforge.fml.loading.moddiscovery.AbstractJarFileDependencyLocator/]: Failed to load resource META-INF\jarjar\metadata.json from YungsBetterDesertTemples-1.20-Forge-3.0.3.jar, it does not contain dependency information.
[31Jul2026 15:44:41.848] [main/DEBUG] [net.minecraftforge.fml.loading.moddiscovery.AbstractJarFileDependencyLocator/]: Failed to load resource META-INF\jarjar\metadata.json from architectury-9.2.14-forge.jar, it does not contain dependency information.
[31Jul2026 15:44:41.849] [main/DEBUG] [net.minecraftforge.fml.loading.moddiscovery.AbstractJarFileDependencyLocator/]: Failed to load resource META-INF\jarjar\metadata.json from DistantHorizons-3.2.0-b-1.20.1-fabric-forge.jar, it does not contain dependency information.
[31Jul2026 15:44:41.849] [main/DEBUG] [net.minecraftforge.fml.loading.moddiscovery.AbstractJarFileDependencyLocator/]: Failed to load resource META-INF\jarjar\metadata.json from Terralith_1.20.x_v2.5.4.jar, it does not contain dependency information.
[31Jul2026 15:44:41.849] [main/DEBUG] [net.minecraftforge.fml.loading.moddiscovery.AbstractJarFileDependencyLocator/]: Failed to load resource META-INF\jarjar\metadata.json from YungsBetterNetherFortresses-1.20-Forge-2.0.6.jar, it does not contain dependency information.
[31Jul2026 15:44:41.849] [main/DEBUG] [net.minecraftforge.fml.loading.moddiscovery.AbstractJarFileDependencyLocator/]: Failed to load resource META-INF\jarjar\metadata.json from cloth-config-11.1.136-forge.jar, it does not contain dependency information.
[31Jul2026 15:44:41.849] [main/DEBUG] [net.minecraftforge.fml.loading.moddiscovery.AbstractJarFileDependencyLocator/]: Failed to load resource META-INF\jarjar\metadata.json from forge-1.20.1-47.4.10-universal.jar, it does not contain dependency information.
[31Jul2026 15:44:41.849] [main/DEBUG] [net.minecraftforge.fml.loading.moddiscovery.AbstractJarFileDependencyLocator/]: Failed to load resource META-INF\jarjar\metadata.json from YungsBetterMineshafts-1.20-Forge-4.0.4.jar, it does not contain dependency information.
[31Jul2026 15:44:41.849] [main/DEBUG] [net.minecraftforge.fml.loading.moddiscovery.AbstractJarFileDependencyLocator/]: Failed to load resource META-INF\jarjar\metadata.json from twilightforest-1.20.1-4.3.2508-universal.jar, it does not contain dependency information.
[31Jul2026 15:44:41.849] [main/DEBUG] [net.minecraftforge.fml.loading.moddiscovery.AbstractJarFileDependencyLocator/]: Failed to load resource META-INF\jarjar\metadata.json from DungeonsArise-1.20.x-2.1.58-release.jar, it does not contain dependency information.
[31Jul2026 15:44:41.849] [main/DEBUG] [net.minecraftforge.fml.loading.moddiscovery.AbstractJarFileDependencyLocator/]: Failed to load resource META-INF\jarjar\metadata.json from mclanguage-1.20.1-47.4.10.jar, it does not contain dependency information.
[31Jul2026 15:44:41.849] [main/DEBUG] [net.minecraftforge.fml.loading.moddiscovery.AbstractJarFileDependencyLocator/]: Failed to load resource META-INF\jarjar\metadata.json from javafmllanguage-1.20.1-47.4.10.jar, it does not contain dependency information.
[31Jul2026 15:44:41.849] [main/DEBUG] [net.minecraftforge.fml.loading.moddiscovery.AbstractJarFileDependencyLocator/]: Failed to load resource META-INF\jarjar\metadata.json from fmlcore-1.20.1-47.4.10.jar, it does not contain dependency information.
[31Jul2026 15:44:41.849] [main/DEBUG] [net.minecraftforge.fml.loading.moddiscovery.AbstractJarFileDependencyLocator/]: Failed to load resource META-INF\jarjar\metadata.json from lowcodelanguage-1.20.1-47.4.10.jar, it does not contain dependency information.
[31Jul2026 15:44:41.892] [main/DEBUG] [net.minecraftforge.fml.loading.moddiscovery.ModFileParser/LOADING]: Considering mod file candidate 
[31Jul2026 15:44:41.893] [main/DEBUG] [net.minecraftforge.fml.loading.moddiscovery.ModFileInfo/LOADING]: Found valid mod file mixinextras-forge-0.2.0.jar with {mixinextras} mods - versions {0.2.0}
[31Jul2026 15:44:41.894] [main/DEBUG] [net.minecraftforge.fml.loading.moddiscovery.ModFileParser/LOADING]: Considering mod file candidate 
[31Jul2026 15:44:41.894] [main/DEBUG] [net.minecraftforge.fml.loading.moddiscovery.ModFileInfo/LOADING]: Found valid mod file expandability-forge-9.0.4.jar with {expandability} mods - versions {9.0.4}
[31Jul2026 15:44:41.895] [main/DEBUG] [net.minecraftforge.fml.loading.moddiscovery.ModFileParser/LOADING]: Considering mod file candidate 
[31Jul2026 15:44:41.895] [main/DEBUG] [net.minecraftforge.fml.loading.moddiscovery.ModFileInfo/LOADING]: Found valid mod file mixinextras-forge-0.3.5.jar with {mixinextras} mods - versions {0.3.5}
[31Jul2026 15:44:41.902] [main/DEBUG] [net.minecraftforge.fml.loading.moddiscovery.AbstractJarFileDependencyLocator/]: Failed to load resource META-INF\jarjar\metadata.json from MixinExtras-0.2.0.jar, it does not contain dependency information.
[31Jul2026 15:44:41.902] [main/DEBUG] [net.minecraftforge.fml.loading.moddiscovery.AbstractJarFileDependencyLocator/]: Failed to load resource META-INF\jarjar\metadata.json from MixinExtras-0.1.1.jar, it does not contain dependency information.
[31Jul2026 15:44:41.902] [main/DEBUG] [net.minecraftforge.fml.loading.moddiscovery.AbstractJarFileDependencyLocator/]: Failed to load resource META-INF\jarjar\metadata.json from MixinExtras-0.3.5.jar, it does not contain dependency information.
[31Jul2026 15:44:41.923] [main/DEBUG] [net.minecraftforge.fml.loading.moddiscovery.ModFileParser/LOADING]: Considering mod file candidate 
[31Jul2026 15:44:41.923] [main/DEBUG] [net.minecraftforge.fml.loading.moddiscovery.ModFileInfo/LOADING]: Found valid mod file mixinextras-forge-0.3.5.jar with {mixinextras} mods - versions {0.3.5}
[31Jul2026 15:44:41.924] [main/DEBUG] [net.minecraftforge.fml.loading.moddiscovery.ModFileParser/LOADING]: Considering mod file candidate 
[31Jul2026 15:44:41.924] [main/DEBUG] [net.minecraftforge.fml.loading.moddiscovery.ModFileInfo/LOADING]: Found valid mod file expandability-forge-9.0.4.jar with {expandability} mods - versions {9.0.4}
[31Jul2026 15:44:41.926] [main/INFO] [net.minecraftforge.fml.loading.moddiscovery.JarInJarDependencyLocator/]: Found 3 dependencies adding them to mods collection
[31Jul2026 15:44:41.929] [main/DEBUG] [net.minecraftforge.fml.loading.moddiscovery.ModFileInfo/LOADING]: Found valid mod file server-1.20.1-20230612.114412-srg.jar with {minecraft} mods - versions {1.20.1}
[31Jul2026 15:44:41.931] [main/DEBUG] [net.minecraftforge.fml.loading.moddiscovery.ModFile/LOADING]: Loading mod file C:\Minecraft\ModdedServer\libraries\net\minecraft\server\1.20.1-20230612.114412\server-1.20.1-20230612.114412-srg.jar with languages [LanguageSpec[languageName=minecraft, acceptedVersions=1]]
[31Jul2026 15:44:41.931] [main/DEBUG] [net.minecraftforge.fml.loading.moddiscovery.ModFileParser/LOADING]: Considering mod file candidate C:\Minecraft\ModdedServer\mods\alexscaves-2.0.2.jar
[31Jul2026 15:44:41.932] [main/DEBUG] [net.minecraftforge.fml.loading.moddiscovery.ModFileInfo/LOADING]: Found valid mod file alexscaves-2.0.2.jar with {alexscaves} mods - versions {2.0.2}
[31Jul2026 15:44:41.932] [main/DEBUG] [net.minecraftforge.fml.loading.moddiscovery.ModFile/LOADING]: Loading mod file C:\Minecraft\ModdedServer\mods\alexscaves-2.0.2.jar with languages [LanguageSpec[languageName=javafml, acceptedVersions=[46,)]]
[31Jul2026 15:44:41.932] [main/DEBUG] [net.minecraftforge.fml.loading.moddiscovery.ModFileParser/LOADING]: Considering mod file candidate C:\Minecraft\ModdedServer\mods\simplyswords-forge-1.56.0-1.20.1.jar
[31Jul2026 15:44:41.932] [main/DEBUG] [net.minecraftforge.fml.loading.moddiscovery.ModFileInfo/LOADING]: Found valid mod file simplyswords-forge-1.56.0-1.20.1.jar with {simplyswords} mods - versions {1.56.0-1.20.1}
[31Jul2026 15:44:41.932] [main/DEBUG] [net.minecraftforge.fml.loading.moddiscovery.ModFile/LOADING]: Loading mod file C:\Minecraft\ModdedServer\mods\simplyswords-forge-1.56.0-1.20.1.jar with languages [LanguageSpec[languageName=javafml, acceptedVersions=[41,)]]
[31Jul2026 15:44:41.932] [main/DEBUG] [net.minecraftforge.fml.loading.moddiscovery.ModFileParser/LOADING]: Considering mod file candidate C:\Minecraft\ModdedServer\mods\YungsBetterDungeons-1.20-Forge-4.0.3.jar
[31Jul2026 15:44:41.933] [main/DEBUG] [net.minecraftforge.fml.loading.moddiscovery.ModFileInfo/LOADING]: Found valid mod file YungsBetterDungeons-1.20-Forge-4.0.3.jar with {betterdungeons} mods - versions {1.20-Forge-4.0.3}
[31Jul2026 15:44:41.933] [main/DEBUG] [net.minecraftforge.fml.loading.moddiscovery.ModFile/LOADING]: Loading mod file C:\Minecraft\ModdedServer\mods\YungsBetterDungeons-1.20-Forge-4.0.3.jar with languages [LanguageSpec[languageName=javafml, acceptedVersions=[46,)]]
[31Jul2026 15:44:41.933] [main/DEBUG] [net.minecraftforge.fml.loading.moddiscovery.ModFileParser/LOADING]: Considering mod file candidate C:\Minecraft\ModdedServer\mods\AmbientSounds_FORGE_v6.3.8_mc1.20.1.jar
[31Jul2026 15:44:41.933] [main/DEBUG] [net.minecraftforge.fml.loading.moddiscovery.ModFileInfo/LOADING]: Found valid mod file AmbientSounds_FORGE_v6.3.8_mc1.20.1.jar with {ambientsounds} mods - versions {6.3.8}
[31Jul2026 15:44:41.933] [main/DEBUG] [net.minecraftforge.fml.loading.moddiscovery.ModFile/LOADING]: Loading mod file C:\Minecraft\ModdedServer\mods\AmbientSounds_FORGE_v6.3.8_mc1.20.1.jar with languages [LanguageSpec[languageName=javafml, acceptedVersions=[46,)]]
[31Jul2026 15:44:41.933] [main/DEBUG] [net.minecraftforge.fml.loading.moddiscovery.ModFileParser/LOADING]: Considering mod file candidate C:\Minecraft\ModdedServer\mods\bettercombat-forge-1.9.0+1.20.1.jar
[31Jul2026 15:44:41.933] [main/DEBUG] [net.minecraftforge.fml.loading.moddiscovery.ModFileInfo/LOADING]: Found valid mod file bettercombat-forge-1.9.0+1.20.1.jar with {bettercombat} mods - versions {1.9.0+1.20.1}
[31Jul2026 15:44:41.933] [main/DEBUG] [net.minecraftforge.fml.loading.moddiscovery.ModFile/LOADING]: Loading mod file C:\Minecraft\ModdedServer\mods\bettercombat-forge-1.9.0+1.20.1.jar with languages [LanguageSpec[languageName=javafml, acceptedVersions=[39,)]]
[31Jul2026 15:44:41.933] [main/DEBUG] [net.minecraftforge.fml.loading.moddiscovery.ModFileParser/LOADING]: Considering mod file candidate C:\Minecraft\ModdedServer\mods\alexsmobs-1.22.9.jar
[31Jul2026 15:44:41.934] [main/DEBUG] [net.minecraftforge.fml.loading.moddiscovery.ModFileInfo/LOADING]: Found valid mod file alexsmobs-1.22.9.jar with {alexsmobs} mods - versions {1.22.9}
[31Jul2026 15:44:41.934] [main/DEBUG] [net.minecraftforge.fml.loading.moddiscovery.ModFile/LOADING]: Loading mod file C:\Minecraft\ModdedServer\mods\alexsmobs-1.22.9.jar with languages [LanguageSpec[languageName=javafml, acceptedVersions=[46,)]]
[31Jul2026 15:44:41.934] [main/DEBUG] [net.minecraftforge.fml.loading.moddiscovery.ModFileParser/LOADING]: Considering mod file candidate C:\Minecraft\ModdedServer\mods\CreativeCore_FORGE_v2.12.39_mc1.20.1.jar
[31Jul2026 15:44:41.934] [main/DEBUG] [net.minecraftforge.fml.loading.moddiscovery.ModFileInfo/LOADING]: Found valid mod file CreativeCore_FORGE_v2.12.39_mc1.20.1.jar with {creativecore} mods - versions {2.12.39}
[31Jul2026 15:44:41.934] [main/DEBUG] [net.minecraftforge.fml.loading.moddiscovery.ModFile/LOADING]: Loading mod file C:\Minecraft\ModdedServer\mods\CreativeCore_FORGE_v2.12.39_mc1.20.1.jar with languages [LanguageSpec[languageName=javafml, acceptedVersions=[46,)]]
[31Jul2026 15:44:41.934] [main/DEBUG] [net.minecraftforge.fml.loading.moddiscovery.ModFileParser/LOADING]: Considering mod file candidate C:\Minecraft\ModdedServer\mods\player-animation-lib-forge-1.0.2-rc1+1.20.jar
[31Jul2026 15:44:41.935] [main/DEBUG] [net.minecraftforge.fml.loading.moddiscovery.ModFileInfo/LOADING]: Found valid mod file player-animation-lib-forge-1.0.2-rc1+1.20.jar with {playeranimator} mods - versions {1.0.2-rc1+1.20}
[31Jul2026 15:44:41.935] [main/DEBUG] [net.minecraftforge.fml.loading.moddiscovery.ModFile/LOADING]: Loading mod file C:\Minecraft\ModdedServer\mods\player-animation-lib-forge-1.0.2-rc1+1.20.jar with languages [LanguageSpec[languageName=javafml, acceptedVersions=[46.0.0,)]]
[31Jul2026 15:44:41.935] [main/DEBUG] [net.minecraftforge.fml.loading.moddiscovery.ModFileParser/LOADING]: Considering mod file candidate C:\Minecraft\ModdedServer\mods\YungsBetterOceanMonuments-1.20-Forge-3.0.4.jar
[31Jul2026 15:44:41.935] [main/DEBUG] [net.minecraftforge.fml.loading.moddiscovery.ModFileInfo/LOADING]: Found valid mod file YungsBetterOceanMonuments-1.20-Forge-3.0.4.jar with {betteroceanmonuments} mods - versions {1.20-Forge-3.0.4}
[31Jul2026 15:44:41.935] [main/DEBUG] [net.minecraftforge.fml.loading.moddiscovery.ModFile/LOADING]: Loading mod file C:\Minecraft\ModdedServer\mods\YungsBetterOceanMonuments-1.20-Forge-3.0.4.jar with languages [LanguageSpec[languageName=javafml, acceptedVersions=[46,)]]
[31Jul2026 15:44:41.935] [main/DEBUG] [net.minecraftforge.fml.loading.moddiscovery.ModFileParser/LOADING]: Considering mod file candidate C:\Minecraft\ModdedServer\mods\curios-forge-5.14.1+1.20.1.jar
[31Jul2026 15:44:41.935] [main/DEBUG] [net.minecraftforge.fml.loading.moddiscovery.ModFileInfo/LOADING]: Found valid mod file curios-forge-5.14.1+1.20.1.jar with {curios} mods - versions {5.14.1+1.20.1}
[31Jul2026 15:44:41.935] [main/DEBUG] [net.minecraftforge.fml.loading.moddiscovery.ModFile/LOADING]: Loading mod file C:\Minecraft\ModdedServer\mods\curios-forge-5.14.1+1.20.1.jar with languages [LanguageSpec[languageName=javafml, acceptedVersions=[41,)]]
[31Jul2026 15:44:41.935] [main/DEBUG] [net.minecraftforge.fml.loading.moddiscovery.ModFileParser/LOADING]: Considering mod file candidate C:\Minecraft\ModdedServer\mods\sound-physics-remastered-forge-1.20.1-1.5.1.jar
[31Jul2026 15:44:41.936] [main/DEBUG] [net.minecraftforge.fml.loading.moddiscovery.ModFileInfo/LOADING]: Found valid mod file sound-physics-remastered-forge-1.20.1-1.5.1.jar with {sound_physics_remastered} mods - versions {1.20.1-1.5.1}
[31Jul2026 15:44:41.936] [main/DEBUG] [net.minecraftforge.fml.loading.moddiscovery.ModFile/LOADING]: Loading mod file C:\Minecraft\ModdedServer\mods\sound-physics-remastered-forge-1.20.1-1.5.1.jar with languages [LanguageSpec[languageName=javafml, acceptedVersions=*]]
[31Jul2026 15:44:41.936] [main/DEBUG] [net.minecraftforge.fml.loading.moddiscovery.ModFileParser/LOADING]: Considering mod file candidate C:\Minecraft\ModdedServer\mods\YungsBetterCaves-1.20.1-Forge-2.0.5.jar
[31Jul2026 15:44:41.936] [main/DEBUG] [net.minecraftforge.fml.loading.moddiscovery.ModFileInfo/LOADING]: Found valid mod file YungsBetterCaves-1.20.1-Forge-2.0.5.jar with {bettercaves} mods - versions {1.20.1-Forge-2.0.5}
[31Jul2026 15:44:41.936] [main/DEBUG] [net.minecraftforge.fml.loading.moddiscovery.ModFile/LOADING]: Loading mod file C:\Minecraft\ModdedServer\mods\YungsBetterCaves-1.20.1-Forge-2.0.5.jar with languages [LanguageSpec[languageName=javafml, acceptedVersions=[46,)]]
[31Jul2026 15:44:41.936] [main/DEBUG] [net.minecraftforge.fml.loading.moddiscovery.ModFileParser/LOADING]: Considering mod file candidate C:\Minecraft\ModdedServer\mods\citadel-2.6.3-1.20.1.jar
[31Jul2026 15:44:41.936] [main/DEBUG] [net.minecraftforge.fml.loading.moddiscovery.ModFileInfo/LOADING]: Found valid mod file citadel-2.6.3-1.20.1.jar with {citadel} mods - versions {2.6.3}
[31Jul2026 15:44:41.936] [main/DEBUG] [net.minecraftforge.fml.loading.moddiscovery.ModFile/LOADING]: Loading mod file C:\Minecraft\ModdedServer\mods\citadel-2.6.3-1.20.1.jar with languages [LanguageSpec[languageName=javafml, acceptedVersions=[47,)]]
[31Jul2026 15:44:41.937] [main/DEBUG] [net.minecraftforge.fml.loading.moddiscovery.ModFileParser/LOADING]: Considering mod file candidate C:\Minecraft\ModdedServer\mods\artifacts-forge-9.5.19.jar
[31Jul2026 15:44:41.937] [main/DEBUG] [net.minecraftforge.fml.loading.moddiscovery.ModFileInfo/LOADING]: Found valid mod file artifacts-forge-9.5.19.jar with {artifacts} mods - versions {9.5.19}
[31Jul2026 15:44:41.937] [main/DEBUG] [net.minecraftforge.fml.loading.moddiscovery.ModFile/LOADING]: Loading mod file C:\Minecraft\ModdedServer\mods\artifacts-forge-9.5.19.jar with languages [LanguageSpec[languageName=javafml, acceptedVersions=[47,)]]
[31Jul2026 15:44:41.937] [main/DEBUG] [net.minecraftforge.fml.loading.moddiscovery.ModFileParser/LOADING]: Considering mod file candidate C:\Minecraft\ModdedServer\mods\YungsApi-1.20-Forge-4.0.6.jar
[31Jul2026 15:44:41.937] [main/DEBUG] [net.minecraftforge.fml.loading.moddiscovery.ModFileInfo/LOADING]: Found valid mod file YungsApi-1.20-Forge-4.0.6.jar with {yungsapi} mods - versions {1.20-Forge-4.0.6}
[31Jul2026 15:44:41.937] [main/DEBUG] [net.minecraftforge.fml.loading.moddiscovery.ModFile/LOADING]: Loading mod file C:\Minecraft\ModdedServer\mods\YungsApi-1.20-Forge-4.0.6.jar with languages [LanguageSpec[languageName=javafml, acceptedVersions=[46,)]]
[31Jul2026 15:44:41.937] [main/DEBUG] [net.minecraftforge.fml.loading.moddiscovery.ModFileParser/LOADING]: Considering mod file candidate C:\Minecraft\ModdedServer\mods\YungsBetterStrongholds-1.20-Forge-4.0.3.jar
[31Jul2026 15:44:41.937] [main/DEBUG] [net.minecraftforge.fml.loading.moddiscovery.ModFileInfo/LOADING]: Found valid mod file YungsBetterStrongholds-1.20-Forge-4.0.3.jar with {betterstrongholds} mods - versions {1.20-Forge-4.0.3}
[31Jul2026 15:44:41.937] [main/DEBUG] [net.minecraftforge.fml.loading.moddiscovery.ModFile/LOADING]: Loading mod file C:\Minecraft\ModdedServer\mods\YungsBetterStrongholds-1.20-Forge-4.0.3.jar with languages [LanguageSpec[languageName=javafml, acceptedVersions=[46,)]]
[31Jul2026 15:44:41.937] [main/DEBUG] [net.minecraftforge.fml.loading.moddiscovery.ModFileParser/LOADING]: Considering mod file candidate C:\Minecraft\ModdedServer\mods\architectury-9.2.14-forge.jar
[31Jul2026 15:44:41.938] [main/DEBUG] [net.minecraftforge.fml.loading.moddiscovery.ModFileInfo/LOADING]: Found valid mod file architectury-9.2.14-forge.jar with {architectury} mods - versions {9.2.14}
[31Jul2026 15:44:41.938] [main/DEBUG] [net.minecraftforge.fml.loading.moddiscovery.ModFile/LOADING]: Loading mod file C:\Minecraft\ModdedServer\mods\architectury-9.2.14-forge.jar with languages [LanguageSpec[languageName=javafml, acceptedVersions=[46,)]]
[31Jul2026 15:44:41.938] [main/DEBUG] [net.minecraftforge.fml.loading.moddiscovery.ModFileParser/LOADING]: Considering mod file candidate C:\Minecraft\ModdedServer\mods\YungsBetterDesertTemples-1.20-Forge-3.0.3.jar
[31Jul2026 15:44:41.938] [main/DEBUG] [net.minecraftforge.fml.loading.moddiscovery.ModFileInfo/LOADING]: Found valid mod file YungsBetterDesertTemples-1.20-Forge-3.0.3.jar with {betterdeserttemples} mods - versions {1.20-Forge-3.0.3}
[31Jul2026 15:44:41.938] [main/DEBUG] [net.minecraftforge.fml.loading.moddiscovery.ModFile/LOADING]: Loading mod file C:\Minecraft\ModdedServer\mods\YungsBetterDesertTemples-1.20-Forge-3.0.3.jar with languages [LanguageSpec[languageName=javafml, acceptedVersions=[46,)]]
[31Jul2026 15:44:41.938] [main/DEBUG] [net.minecraftforge.fml.loading.moddiscovery.ModFileParser/LOADING]: Considering mod file candidate C:\Minecraft\ModdedServer\mods\DistantHorizons-3.2.0-b-1.20.1-fabric-forge.jar
[31Jul2026 15:44:41.938] [main/DEBUG] [net.minecraftforge.fml.loading.moddiscovery.ModFileInfo/LOADING]: Found valid mod file DistantHorizons-3.2.0-b-1.20.1-fabric-forge.jar with {distanthorizons} mods - versions {3.2.0-b}
[31Jul2026 15:44:41.938] [main/DEBUG] [net.minecraftforge.fml.loading.moddiscovery.ModFile/LOADING]: Loading mod file C:\Minecraft\ModdedServer\mods\DistantHorizons-3.2.0-b-1.20.1-fabric-forge.jar with languages [LanguageSpec[languageName=javafml, acceptedVersions=*]]
[31Jul2026 15:44:41.938] [main/DEBUG] [net.minecraftforge.fml.loading.moddiscovery.ModFileParser/LOADING]: Considering mod file candidate C:\Minecraft\ModdedServer\mods\Terralith_1.20.x_v2.5.4.jar
[31Jul2026 15:44:41.939] [main/DEBUG] [net.minecraftforge.fml.loading.moddiscovery.ModFileInfo/LOADING]: Found valid mod file Terralith_1.20.x_v2.5.4.jar with {terralith} mods - versions {2.5.4}
[31Jul2026 15:44:41.939] [main/DEBUG] [net.minecraftforge.fml.loading.moddiscovery.ModFile/LOADING]: Loading mod file C:\Minecraft\ModdedServer\mods\Terralith_1.20.x_v2.5.4.jar with languages [LanguageSpec[languageName=lowcodefml, acceptedVersions=[1,)]]
[31Jul2026 15:44:41.939] [main/DEBUG] [net.minecraftforge.fml.loading.moddiscovery.ModFileParser/LOADING]: Considering mod file candidate C:\Minecraft\ModdedServer\mods\cloth-config-11.1.136-forge.jar
[31Jul2026 15:44:41.939] [main/DEBUG] [net.minecraftforge.fml.loading.moddiscovery.ModFileInfo/LOADING]: Found valid mod file cloth-config-11.1.136-forge.jar with {cloth_config} mods - versions {11.1.136}
[31Jul2026 15:44:41.939] [main/DEBUG] [net.minecraftforge.fml.loading.moddiscovery.ModFile/LOADING]: Loading mod file C:\Minecraft\ModdedServer\mods\cloth-config-11.1.136-forge.jar with languages [LanguageSpec[languageName=javafml, acceptedVersions=[34,)]]
[31Jul2026 15:44:41.939] [main/DEBUG] [net.minecraftforge.fml.loading.moddiscovery.ModFileParser/LOADING]: Considering mod file candidate C:\Minecraft\ModdedServer\mods\YungsBetterNetherFortresses-1.20-Forge-2.0.6.jar
[31Jul2026 15:44:41.939] [main/DEBUG] [net.minecraftforge.fml.loading.moddiscovery.ModFileInfo/LOADING]: Found valid mod file YungsBetterNetherFortresses-1.20-Forge-2.0.6.jar with {betterfortresses} mods - versions {1.20-Forge-2.0.6}
[31Jul2026 15:44:41.939] [main/DEBUG] [net.minecraftforge.fml.loading.moddiscovery.ModFile/LOADING]: Loading mod file C:\Minecraft\ModdedServer\mods\YungsBetterNetherFortresses-1.20-Forge-2.0.6.jar with languages [LanguageSpec[languageName=javafml, acceptedVersions=[46,)]]
[31Jul2026 15:44:41.939] [main/DEBUG] [net.minecraftforge.fml.loading.moddiscovery.ModFileParser/LOADING]: Considering mod file candidate C:\Minecraft\ModdedServer\libraries\net\minecraftforge\forge\1.20.1-47.4.10\forge-1.20.1-47.4.10-universal.jar
[31Jul2026 15:44:41.939] [main/DEBUG] [net.minecraftforge.fml.loading.moddiscovery.ModFileInfo/LOADING]: Found valid mod file forge-1.20.1-47.4.10-universal.jar with {forge} mods - versions {47.4.10}
[31Jul2026 15:44:41.939] [main/DEBUG] [net.minecraftforge.fml.loading.moddiscovery.ModFile/LOADING]: Loading mod file C:\Minecraft\ModdedServer\libraries\net\minecraftforge\forge\1.20.1-47.4.10\forge-1.20.1-47.4.10-universal.jar with languages [LanguageSpec[languageName=javafml, acceptedVersions=[24,]]]
[31Jul2026 15:44:41.942] [main/DEBUG] [net.minecraftforge.fml.loading.moddiscovery.ModFileParser/LOADING]: Found coremod field_to_method with Javascript path coremods/field_to_method.js
[31Jul2026 15:44:41.942] [main/DEBUG] [net.minecraftforge.fml.loading.moddiscovery.ModFileParser/LOADING]: Found coremod field_to_instanceof with Javascript path coremods/field_to_instanceof.js
[31Jul2026 15:44:41.942] [main/DEBUG] [net.minecraftforge.fml.loading.moddiscovery.ModFileParser/LOADING]: Found coremod add_bouncer_method with Javascript path coremods/add_bouncer_method.js
[31Jul2026 15:44:41.942] [main/DEBUG] [net.minecraftforge.fml.loading.moddiscovery.ModFileParser/LOADING]: Found coremod method_redirector with Javascript path coremods/method_redirector.js
[31Jul2026 15:44:41.942] [main/DEBUG] [net.minecraftforge.fml.loading.moddiscovery.ModFile/LOADING]: Found coremod coremods/field_to_method.js
[31Jul2026 15:44:41.942] [main/DEBUG] [net.minecraftforge.fml.loading.moddiscovery.ModFile/LOADING]: Found coremod coremods/field_to_instanceof.js
[31Jul2026 15:44:41.942] [main/DEBUG] [net.minecraftforge.fml.loading.moddiscovery.ModFile/LOADING]: Found coremod coremods/add_bouncer_method.js
[31Jul2026 15:44:41.942] [main/DEBUG] [net.minecraftforge.fml.loading.moddiscovery.ModFile/LOADING]: Found coremod coremods/method_redirector.js
[31Jul2026 15:44:41.942] [main/DEBUG] [net.minecraftforge.fml.loading.moddiscovery.ModFileParser/LOADING]: Considering mod file candidate 
[31Jul2026 15:44:41.942] [main/DEBUG] [net.minecraftforge.fml.loading.moddiscovery.ModFileInfo/LOADING]: Found valid mod file expandability-forge-9.0.4.jar with {expandability} mods - versions {9.0.4}
[31Jul2026 15:44:41.942] [main/DEBUG] [net.minecraftforge.fml.loading.moddiscovery.ModFile/LOADING]: Loading mod file  with languages [LanguageSpec[languageName=javafml, acceptedVersions=[46,)]]
[31Jul2026 15:44:41.942] [main/DEBUG] [net.minecraftforge.fml.loading.moddiscovery.ModFileParser/LOADING]: Considering mod file candidate C:\Minecraft\ModdedServer\mods\twilightforest-1.20.1-4.3.2508-universal.jar
[31Jul2026 15:44:41.943] [main/DEBUG] [net.minecraftforge.fml.loading.moddiscovery.ModFileInfo/LOADING]: Found valid mod file twilightforest-1.20.1-4.3.2508-universal.jar with {twilightforest} mods - versions {4.3.2508}
[31Jul2026 15:44:41.943] [main/DEBUG] [net.minecraftforge.fml.loading.moddiscovery.ModFile/LOADING]: Loading mod file C:\Minecraft\ModdedServer\mods\twilightforest-1.20.1-4.3.2508-universal.jar with languages [LanguageSpec[languageName=javafml, acceptedVersions=[47,)]]
[31Jul2026 15:44:41.943] [main/DEBUG] [net.minecraftforge.fml.loading.moddiscovery.ModFileParser/LOADING]: Found coremod seed with Javascript path META-INF/asm/seed.js
[31Jul2026 15:44:41.943] [main/DEBUG] [net.minecraftforge.fml.loading.moddiscovery.ModFileParser/LOADING]: Found coremod maprendercontext with Javascript path META-INF/asm/maprendercontext.js
[31Jul2026 15:44:41.943] [main/DEBUG] [net.minecraftforge.fml.loading.moddiscovery.ModFileParser/LOADING]: Found coremod music with Javascript path META-INF/asm/music.js
[31Jul2026 15:44:41.943] [main/DEBUG] [net.minecraftforge.fml.loading.moddiscovery.ModFileParser/LOADING]: Found coremod multipart with Javascript path META-INF/asm/multipart.js
[31Jul2026 15:44:41.943] [main/DEBUG] [net.minecraftforge.fml.loading.moddiscovery.ModFileParser/LOADING]: Found coremod foliage with Javascript path META-INF/asm/foliage.js
[31Jul2026 15:44:41.943] [main/DEBUG] [net.minecraftforge.fml.loading.moddiscovery.ModFileParser/LOADING]: Found coremod mount with Javascript path META-INF/asm/mount.js
[31Jul2026 15:44:41.943] [main/DEBUG] [net.minecraftforge.fml.loading.moddiscovery.ModFileParser/LOADING]: Found coremod book with Javascript path META-INF/asm/book.js
[31Jul2026 15:44:41.943] [main/DEBUG] [net.minecraftforge.fml.loading.moddiscovery.ModFileParser/LOADING]: Found coremod conquered with Javascript path META-INF/asm/conquered.js
[31Jul2026 15:44:41.943] [main/DEBUG] [net.minecraftforge.fml.loading.moddiscovery.ModFileParser/LOADING]: Found coremod reach with Javascript path META-INF/asm/reach.js
[31Jul2026 15:44:41.943] [main/DEBUG] [net.minecraftforge.fml.loading.moddiscovery.ModFileParser/LOADING]: Found coremod shroom with Javascript path META-INF/asm/shroom.js
[31Jul2026 15:44:41.943] [main/DEBUG] [net.minecraftforge.fml.loading.moddiscovery.ModFileParser/LOADING]: Found coremod cloud with Javascript path META-INF/asm/cloud.js
[31Jul2026 15:44:41.943] [main/DEBUG] [net.minecraftforge.fml.loading.moddiscovery.ModFileParser/LOADING]: Found coremod lead with Javascript path META-INF/asm/lead.js
[31Jul2026 15:44:41.943] [main/DEBUG] [net.minecraftforge.fml.loading.moddiscovery.ModFile/LOADING]: Found coremod META-INF/asm/seed.js
[31Jul2026 15:44:41.943] [main/DEBUG] [net.minecraftforge.fml.loading.moddiscovery.ModFile/LOADING]: Found coremod META-INF/asm/maprendercontext.js
[31Jul2026 15:44:41.943] [main/DEBUG] [net.minecraftforge.fml.loading.moddiscovery.ModFile/LOADING]: Found coremod META-INF/asm/music.js
[31Jul2026 15:44:41.943] [main/DEBUG] [net.minecraftforge.fml.loading.moddiscovery.ModFile/LOADING]: Found coremod META-INF/asm/multipart.js
[31Jul2026 15:44:41.943] [main/DEBUG] [net.minecraftforge.fml.loading.moddiscovery.ModFile/LOADING]: Found coremod META-INF/asm/foliage.js
[31Jul2026 15:44:41.943] [main/DEBUG] [net.minecraftforge.fml.loading.moddiscovery.ModFile/LOADING]: Found coremod META-INF/asm/mount.js
[31Jul2026 15:44:41.943] [main/DEBUG] [net.minecraftforge.fml.loading.moddiscovery.ModFile/LOADING]: Found coremod META-INF/asm/book.js
[31Jul2026 15:44:41.943] [main/DEBUG] [net.minecraftforge.fml.loading.moddiscovery.ModFile/LOADING]: Found coremod META-INF/asm/conquered.js
[31Jul2026 15:44:41.943] [main/DEBUG] [net.minecraftforge.fml.loading.moddiscovery.ModFile/LOADING]: Found coremod META-INF/asm/reach.js
[31Jul2026 15:44:41.943] [main/DEBUG] [net.minecraftforge.fml.loading.moddiscovery.ModFile/LOADING]: Found coremod META-INF/asm/shroom.js
[31Jul2026 15:44:41.943] [main/DEBUG] [net.minecraftforge.fml.loading.moddiscovery.ModFile/LOADING]: Found coremod META-INF/asm/cloud.js
[31Jul2026 15:44:41.943] [main/DEBUG] [net.minecraftforge.fml.loading.moddiscovery.ModFile/LOADING]: Found coremod META-INF/asm/lead.js
[31Jul2026 15:44:41.943] [main/DEBUG] [net.minecraftforge.fml.loading.moddiscovery.ModFileParser/LOADING]: Considering mod file candidate C:\Minecraft\ModdedServer\mods\YungsBetterMineshafts-1.20-Forge-4.0.4.jar
[31Jul2026 15:44:41.943] [main/DEBUG] [net.minecraftforge.fml.loading.moddiscovery.ModFileInfo/LOADING]: Found valid mod file YungsBetterMineshafts-1.20-Forge-4.0.4.jar with {bettermineshafts} mods - versions {1.20-Forge-4.0.4}
[31Jul2026 15:44:41.944] [main/DEBUG] [net.minecraftforge.fml.loading.moddiscovery.ModFile/LOADING]: Loading mod file C:\Minecraft\ModdedServer\mods\YungsBetterMineshafts-1.20-Forge-4.0.4.jar with languages [LanguageSpec[languageName=javafml, acceptedVersions=[46,)]]
[31Jul2026 15:44:41.944] [main/DEBUG] [net.minecraftforge.fml.loading.moddiscovery.ModFileParser/LOADING]: Considering mod file candidate C:\Minecraft\ModdedServer\mods\DungeonsArise-1.20.x-2.1.58-release.jar
[31Jul2026 15:44:41.944] [main/DEBUG] [net.minecraftforge.fml.loading.moddiscovery.ModFileInfo/LOADING]: Found valid mod file DungeonsArise-1.20.x-2.1.58-release.jar with {dungeons_arise} mods - versions {2.1.58-1.20.x}
[31Jul2026 15:44:41.944] [main/DEBUG] [net.minecraftforge.fml.loading.moddiscovery.ModFile/LOADING]: Loading mod file C:\Minecraft\ModdedServer\mods\DungeonsArise-1.20.x-2.1.58-release.jar with languages [LanguageSpec[languageName=javafml, acceptedVersions=[41,)]]
[31Jul2026 15:44:41.944] [main/DEBUG] [net.minecraftforge.fml.loading.moddiscovery.ModFileParser/LOADING]: Considering mod file candidate 
[31Jul2026 15:44:41.944] [main/DEBUG] [net.minecraftforge.fml.loading.moddiscovery.ModFileInfo/LOADING]: Found valid mod file mixinextras-forge-0.3.5.jar with {mixinextras} mods - versions {0.3.5}
[31Jul2026 15:44:41.944] [main/DEBUG] [net.minecraftforge.fml.loading.moddiscovery.ModFile/LOADING]: Loading mod file  with languages [LanguageSpec[languageName=javafml, acceptedVersions=*]]
[31Jul2026 15:44:41.944] [main/DEBUG] [net.minecraftforge.fml.loading.moddiscovery.ModFile/LOADING]: Loading mod file  with languages []
[31Jul2026 15:44:41.944] [main/DEBUG] [net.minecraftforge.fml.loading.moddiscovery.ModFileParser/LOADING]: Considering mod file candidate 
[31Jul2026 15:44:41.944] [main/DEBUG] [net.minecraftforge.fml.loading.moddiscovery.ModFileInfo/LOADING]: Found valid mod file mixinextras-forge-0.3.5.jar with {mixinextras} mods - versions {0.3.5}
[31Jul2026 15:44:41.944] [main/DEBUG] [net.minecraftforge.fml.loading.moddiscovery.ModFile/LOADING]: Loading mod file  with languages [LanguageSpec[languageName=javafml, acceptedVersions=*]]
[31Jul2026 15:44:41.944] [main/DEBUG] [net.minecraftforge.fml.loading.moddiscovery.ModFile/LOADING]: Loading mod file  with languages []
[31Jul2026 15:44:41.945] [main/DEBUG] [cpw.mods.modlauncher.TransformationServiceDecorator/MODLAUNCHER]: End scan trigger - transformation service fml
[31Jul2026 15:44:41.951] [main/DEBUG] [net.minecraftforge.fml.loading.LanguageLoadingProvider/CORE]: Found 3 language providers
[31Jul2026 15:44:41.952] [main/DEBUG] [net.minecraftforge.fml.loading.LanguageLoadingProvider/CORE]: Found language provider minecraft, version 1.0
[31Jul2026 15:44:41.952] [main/DEBUG] [net.minecraftforge.fml.loading.LanguageLoadingProvider/CORE]: Found language provider lowcodefml, version 47
[31Jul2026 15:44:41.952] [main/DEBUG] [net.minecraftforge.fml.loading.LanguageLoadingProvider/CORE]: Found language provider javafml, version 47
[31Jul2026 15:44:41.954] [main/DEBUG] [net.minecraftforge.fml.loading.UniqueModListBuilder/]: Found 2 mods for first modid mixinextras, selecting most recent based on version data
[31Jul2026 15:44:41.955] [main/DEBUG] [net.minecraftforge.fml.loading.UniqueModListBuilder/]: Selected file mixinextras-forge-0.3.5.jar for modid mixinextras with version 0.3.5
[31Jul2026 15:44:41.955] [main/DEBUG] [net.minecraftforge.fml.loading.UniqueModListBuilder/]: Found 2 mods for first modid MixinExtras, selecting most recent based on version data
[31Jul2026 15:44:41.955] [main/DEBUG] [net.minecraftforge.fml.loading.UniqueModListBuilder/]: Selected file MixinExtras-0.3.5.jar for modid MixinExtras with version 0.0NONE
[31Jul2026 15:44:41.956] [main/DEBUG] [net.minecraftforge.fml.loading.ModSorter/]: Configured system mods: [minecraft, forge]
[31Jul2026 15:44:41.956] [main/DEBUG] [net.minecraftforge.fml.loading.ModSorter/]: Found system mod: minecraft
[31Jul2026 15:44:41.956] [main/DEBUG] [net.minecraftforge.fml.loading.ModSorter/]: Found system mod: forge
[31Jul2026 15:44:41.958] [main/DEBUG] [net.minecraftforge.fml.loading.ModSorter/LOADING]: Found 68 mod requirements (64 mandatory, 4 optional)
[31Jul2026 15:44:41.958] [main/DEBUG] [net.minecraftforge.fml.loading.ModSorter/LOADING]: Found 0 mod requirements missing (0 mandatory, 0 optional)
[31Jul2026 15:44:42.242] [main/DEBUG] [cpw.mods.modlauncher.TransformationServicesHandler/MODLAUNCHER]: Transformation services loading transformers
[31Jul2026 15:44:42.243] [main/DEBUG] [cpw.mods.modlauncher.TransformationServiceDecorator/MODLAUNCHER]: Initializing transformers for transformation service mixin
[31Jul2026 15:44:42.243] [main/DEBUG] [cpw.mods.modlauncher.TransformationServiceDecorator/MODLAUNCHER]: Initialized transformers for transformation service mixin
[31Jul2026 15:44:42.243] [main/DEBUG] [cpw.mods.modlauncher.TransformationServiceDecorator/MODLAUNCHER]: Initializing transformers for transformation service fml
[31Jul2026 15:44:42.243] [main/DEBUG] [net.minecraftforge.fml.loading.FMLServiceProvider/CORE]: Loading coremod transformers
[31Jul2026 15:44:42.243] [main/DEBUG] [net.minecraftforge.coremod.CoreModEngine/COREMOD]: Loading CoreMod from coremods/field_to_method.js
[31Jul2026 15:44:42.339] [main/DEBUG] [net.minecraftforge.coremod.CoreModEngine/COREMOD]: CoreMod loaded successfully
[31Jul2026 15:44:42.340] [main/DEBUG] [net.minecraftforge.coremod.CoreModEngine/COREMOD]: Loading CoreMod from coremods/field_to_instanceof.js
[31Jul2026 15:44:42.400] [main/DEBUG] [net.minecraftforge.coremod.CoreModEngine/COREMOD]: CoreMod loaded successfully
[31Jul2026 15:44:42.400] [main/DEBUG] [net.minecraftforge.coremod.CoreModEngine/COREMOD]: Loading CoreMod from coremods/add_bouncer_method.js
[31Jul2026 15:44:42.425] [main/DEBUG] [net.minecraftforge.coremod.CoreModEngine/COREMOD]: CoreMod loaded successfully
[31Jul2026 15:44:42.425] [main/DEBUG] [net.minecraftforge.coremod.CoreModEngine/COREMOD]: Loading CoreMod from coremods/method_redirector.js
[31Jul2026 15:44:42.456] [main/DEBUG] [net.minecraftforge.coremod.CoreModEngine/COREMOD]: CoreMod loaded successfully
[31Jul2026 15:44:42.456] [main/DEBUG] [net.minecraftforge.coremod.CoreModEngine/COREMOD]: Loading CoreMod from META-INF/asm/seed.js
[31Jul2026 15:44:42.463] [main/DEBUG] [net.minecraftforge.coremod.CoreModEngine/COREMOD]: CoreMod loaded successfully
[31Jul2026 15:44:42.463] [main/DEBUG] [net.minecraftforge.coremod.CoreModEngine/COREMOD]: Loading CoreMod from META-INF/asm/maprendercontext.js
[31Jul2026 15:44:42.476] [main/DEBUG] [net.minecraftforge.coremod.CoreModEngine/COREMOD]: CoreMod loaded successfully
[31Jul2026 15:44:42.476] [main/DEBUG] [net.minecraftforge.coremod.CoreModEngine/COREMOD]: Loading CoreMod from META-INF/asm/music.js
[31Jul2026 15:44:42.482] [main/DEBUG] [net.minecraftforge.coremod.CoreModEngine/COREMOD]: CoreMod loaded successfully
[31Jul2026 15:44:42.483] [main/DEBUG] [net.minecraftforge.coremod.CoreModEngine/COREMOD]: Loading CoreMod from META-INF/asm/multipart.js
[31Jul2026 15:44:42.494] [main/DEBUG] [net.minecraftforge.coremod.CoreModEngine/COREMOD]: CoreMod loaded successfully
[31Jul2026 15:44:42.494] [main/DEBUG] [net.minecraftforge.coremod.CoreModEngine/COREMOD]: Loading CoreMod from META-INF/asm/foliage.js
[31Jul2026 15:44:42.501] [main/DEBUG] [net.minecraftforge.coremod.CoreModEngine/COREMOD]: CoreMod loaded successfully
[31Jul2026 15:44:42.501] [main/DEBUG] [net.minecraftforge.coremod.CoreModEngine/COREMOD]: Loading CoreMod from META-INF/asm/mount.js
[31Jul2026 15:44:42.512] [main/DEBUG] [net.minecraftforge.coremod.CoreModEngine/COREMOD]: CoreMod loaded successfully
[31Jul2026 15:44:42.512] [main/DEBUG] [net.minecraftforge.coremod.CoreModEngine/COREMOD]: Loading CoreMod from META-INF/asm/book.js
[31Jul2026 15:44:42.518] [main/DEBUG] [net.minecraftforge.coremod.CoreModEngine/COREMOD]: CoreMod loaded successfully
[31Jul2026 15:44:42.518] [main/DEBUG] [net.minecraftforge.coremod.CoreModEngine/COREMOD]: Loading CoreMod from META-INF/asm/conquered.js
[31Jul2026 15:44:42.523] [main/DEBUG] [net.minecraftforge.coremod.CoreModEngine/COREMOD]: CoreMod loaded successfully
[31Jul2026 15:44:42.524] [main/DEBUG] [net.minecraftforge.coremod.CoreModEngine/COREMOD]: Loading CoreMod from META-INF/asm/reach.js
[31Jul2026 15:44:42.528] [main/DEBUG] [net.minecraftforge.coremod.CoreModEngine/COREMOD]: CoreMod loaded successfully
[31Jul2026 15:44:42.529] [main/DEBUG] [net.minecraftforge.coremod.CoreModEngine/COREMOD]: Loading CoreMod from META-INF/asm/shroom.js
[31Jul2026 15:44:42.534] [main/DEBUG] [net.minecraftforge.coremod.CoreModEngine/COREMOD]: CoreMod loaded successfully
[31Jul2026 15:44:42.534] [main/DEBUG] [net.minecraftforge.coremod.CoreModEngine/COREMOD]: Loading CoreMod from META-INF/asm/cloud.js
[31Jul2026 15:44:42.540] [main/DEBUG] [net.minecraftforge.coremod.CoreModEngine/COREMOD]: CoreMod loaded successfully
[31Jul2026 15:44:42.540] [main/DEBUG] [net.minecraftforge.coremod.CoreModEngine/COREMOD]: Loading CoreMod from META-INF/asm/lead.js
[31Jul2026 15:44:42.544] [main/DEBUG] [net.minecraftforge.coremod.CoreModEngine/COREMOD]: CoreMod loaded successfully
[31Jul2026 15:44:42.551] [main/DEBUG] [cpw.mods.modlauncher.TransformStore/MODLAUNCHER]: Adding transformer net.minecraftforge.coremod.transformer.CoreModMethodTransformer@2ceca2ef to Target : METHOD {Lnet/minecraft/world/level/levelgen/WorldOptions;} {<init>} {(JZZLjava/util/Optional;)V}
[31Jul2026 15:44:42.551] [main/DEBUG] [cpw.mods.modlauncher.TransformStore/MODLAUNCHER]: Adding transformer net.minecraftforge.coremod.transformer.CoreModMethodTransformer@6ccac6f4 to Target : METHOD {Lnet/minecraft/client/gui/MapRenderer$MapInstance;} {m_93291_} {(Lcom/mojang/blaze3d/vertex/PoseStack;Lnet/minecraft/client/renderer/MultiBufferSource;ZI)V}
[31Jul2026 15:44:42.551] [main/DEBUG] [cpw.mods.modlauncher.TransformStore/MODLAUNCHER]: Adding transformer net.minecraftforge.coremod.transformer.CoreModMethodTransformer@438c9aa7 to Target : METHOD {Lnet/minecraft/client/renderer/ItemInHandRenderer;} {m_109371_} {(Lnet/minecraft/client/player/AbstractClientPlayer;FFLnet/minecraft/world/InteractionHand;FLnet/minecraft/world/item/ItemStack;FLcom/mojang/blaze3d/vertex/PoseStack;Lnet/minecraft/client/renderer/MultiBufferSource;I)V}
[31Jul2026 15:44:42.551] [main/DEBUG] [cpw.mods.modlauncher.TransformStore/MODLAUNCHER]: Adding transformer net.minecraftforge.coremod.transformer.CoreModMethodTransformer@3453acd2 to Target : METHOD {Lnet/minecraft/world/entity/decoration/ItemFrame;} {m_218868_} {()Ljava/util/OptionalInt;}
[31Jul2026 15:44:42.551] [main/DEBUG] [cpw.mods.modlauncher.TransformStore/MODLAUNCHER]: Adding transformer net.minecraftforge.coremod.transformer.CoreModMethodTransformer@6c8f60f3 to Target : METHOD {Lnet/minecraft/client/renderer/ItemInHandRenderer;} {m_109366_} {(Lcom/mojang/blaze3d/vertex/PoseStack;Lnet/minecraft/client/renderer/MultiBufferSource;ILnet/minecraft/world/item/ItemStack;)V}
[31Jul2026 15:44:42.551] [main/DEBUG] [cpw.mods.modlauncher.TransformStore/MODLAUNCHER]: Adding transformer net.minecraftforge.coremod.transformer.CoreModMethodTransformer@56c8e6f0 to Target : METHOD {Lnet/minecraft/world/item/MapItem;} {m_7373_} {(Lnet/minecraft/world/item/ItemStack;Lnet/minecraft/world/level/Level;Ljava/util/List;Lnet/minecraft/world/item/TooltipFlag;)V}
[31Jul2026 15:44:42.551] [main/DEBUG] [cpw.mods.modlauncher.TransformStore/MODLAUNCHER]: Adding transformer net.minecraftforge.coremod.transformer.CoreModMethodTransformer@71b6172c to Target : METHOD {Lnet/minecraft/client/sounds/MusicManager;} {m_120183_} {()V}
[31Jul2026 15:44:42.551] [main/DEBUG] [cpw.mods.modlauncher.TransformStore/MODLAUNCHER]: Adding transformer net.minecraftforge.coremod.transformer.CoreModMethodTransformer@58aa10f4 to Target : METHOD {Lnet/minecraft/server/level/ServerEntity;} {m_8543_} {()V}
[31Jul2026 15:44:42.551] [main/DEBUG] [cpw.mods.modlauncher.TransformStore/MODLAUNCHER]: Adding transformer net.minecraftforge.coremod.transformer.CoreModMethodTransformer@4fb56bea to Target : METHOD {Lnet/minecraft/client/renderer/entity/EntityRenderDispatcher;} {m_6213_} {(Lnet/minecraft/server/packs/resources/ResourceManager;)V}
[31Jul2026 15:44:42.551] [main/DEBUG] [cpw.mods.modlauncher.TransformStore/MODLAUNCHER]: Adding transformer net.minecraftforge.coremod.transformer.CoreModMethodTransformer@5e5beb8a to Target : METHOD {Lnet/minecraft/client/renderer/entity/EntityRenderDispatcher;} {m_114382_} {(Lnet/minecraft/world/entity/Entity;)Lnet/minecraft/client/renderer/entity/EntityRenderer;}
[31Jul2026 15:44:42.551] [main/DEBUG] [cpw.mods.modlauncher.TransformStore/MODLAUNCHER]: Adding transformer net.minecraftforge.coremod.transformer.CoreModMethodTransformer@1f95881a to Target : METHOD {Lnet/minecraft/client/renderer/LevelRenderer;} {m_109599_} {(Lcom/mojang/blaze3d/vertex/PoseStack;FJZLnet/minecraft/client/Camera;Lnet/minecraft/client/renderer/GameRenderer;Lnet/minecraft/client/renderer/LightTexture;Lorg/joml/Matrix4f;)V}
[31Jul2026 15:44:42.551] [main/DEBUG] [cpw.mods.modlauncher.TransformStore/MODLAUNCHER]: Adding transformer net.minecraftforge.coremod.transformer.CoreModMethodTransformer@17b016ac to Target : METHOD {Lnet/minecraft/client/renderer/BiomeColors;} {m_108807_} {(Lnet/minecraft/world/level/biome/Biome;DD)I}
[31Jul2026 15:44:42.551] [main/DEBUG] [cpw.mods.modlauncher.TransformStore/MODLAUNCHER]: Adding transformer net.minecraftforge.coremod.transformer.CoreModMethodTransformer@733ec58b to Target : METHOD {Lnet/minecraft/client/player/LocalPlayer;} {m_6083_} {()V}
[31Jul2026 15:44:42.551] [main/DEBUG] [cpw.mods.modlauncher.TransformStore/MODLAUNCHER]: Adding transformer net.minecraftforge.coremod.transformer.CoreModMethodTransformer@723877dd to Target : METHOD {Lnet/minecraft/world/item/WrittenBookItem;} {m_7626_} {(Lnet/minecraft/world/item/ItemStack;)Lnet/minecraft/network/chat/Component;}
[31Jul2026 15:44:42.551] [main/DEBUG] [cpw.mods.modlauncher.TransformStore/MODLAUNCHER]: Adding transformer net.minecraftforge.coremod.transformer.CoreModMethodTransformer@415ef4d8 to Target : METHOD {Lnet/minecraft/world/level/levelgen/structure/StructureStart;} {m_226857_} {(Lnet/minecraft/world/level/levelgen/structure/pieces/StructurePieceSerializationContext;Lnet/minecraft/nbt/CompoundTag;J)Lnet/minecraft/world/level/levelgen/structure/StructureStart;}
[31Jul2026 15:44:42.551] [main/DEBUG] [cpw.mods.modlauncher.TransformStore/MODLAUNCHER]: Adding transformer net.minecraftforge.coremod.transformer.CoreModMethodTransformer@56cc9f29 to Target : METHOD {Lnet/minecraft/world/item/Item;} {m_41435_} {(Lnet/minecraft/world/level/Level;Lnet/minecraft/world/entity/player/Player;Lnet/minecraft/world/level/ClipContext$Fluid;)Lnet/minecraft/world/phys/BlockHitResult;}
[31Jul2026 15:44:42.551] [main/DEBUG] [cpw.mods.modlauncher.TransformStore/MODLAUNCHER]: Adding transformer net.minecraftforge.coremod.transformer.CoreModMethodTransformer@535b1ae6 to Target : METHOD {Lnet/minecraft/world/level/block/MushroomBlock;} {m_7898_} {(Lnet/minecraft/world/level/block/state/BlockState;Lnet/minecraft/world/level/LevelReader;Lnet/minecraft/core/BlockPos;)Z}
[31Jul2026 15:44:42.551] [main/DEBUG] [cpw.mods.modlauncher.TransformStore/MODLAUNCHER]: Adding transformer net.minecraftforge.coremod.transformer.CoreModMethodTransformer@626c19cf to Target : METHOD {Lnet/minecraft/world/level/Level;} {m_46758_} {(Lnet/minecraft/core/BlockPos;)Z}
[31Jul2026 15:44:42.551] [main/DEBUG] [cpw.mods.modlauncher.TransformStore/MODLAUNCHER]: Adding transformer net.minecraftforge.coremod.transformer.CoreModMethodTransformer@54a2d96e to Target : METHOD {Lnet/minecraft/world/entity/decoration/LeashFenceKnotEntity;} {m_7088_} {()Z}
[31Jul2026 15:44:42.551] [main/DEBUG] [cpw.mods.modlauncher.TransformStore/MODLAUNCHER]: Adding transformer net.minecraftforge.coremod.transformer.CoreModClassTransformer@6d229b1c to Target : CLASS {Lnet/minecraft/world/level/biome/Biome;} {} {V}
[31Jul2026 15:44:42.551] [main/DEBUG] [cpw.mods.modlauncher.TransformStore/MODLAUNCHER]: Adding transformer net.minecraftforge.coremod.transformer.CoreModClassTransformer@6f825516 to Target : CLASS {Lnet/minecraft/world/level/levelgen/structure/Structure;} {} {V}
[31Jul2026 15:44:42.551] [main/DEBUG] [cpw.mods.modlauncher.TransformStore/MODLAUNCHER]: Adding transformer net.minecraftforge.coremod.transformer.CoreModClassTransformer@2da99821 to Target : CLASS {Lnet/minecraft/world/effect/MobEffectInstance;} {} {V}
[31Jul2026 15:44:42.551] [main/DEBUG] [cpw.mods.modlauncher.TransformStore/MODLAUNCHER]: Adding transformer net.minecraftforge.coremod.transformer.CoreModClassTransformer@62cba181 to Target : CLASS {Lnet/minecraft/world/level/block/LiquidBlock;} {} {V}
[31Jul2026 15:44:42.551] [main/DEBUG] [cpw.mods.modlauncher.TransformStore/MODLAUNCHER]: Adding transformer net.minecraftforge.coremod.transformer.CoreModClassTransformer@1b482cbf to Target : CLASS {Lnet/minecraft/world/item/BucketItem;} {} {V}
[31Jul2026 15:44:42.551] [main/DEBUG] [cpw.mods.modlauncher.TransformStore/MODLAUNCHER]: Adding transformer net.minecraftforge.coremod.transformer.CoreModClassTransformer@661fe025 to Target : CLASS {Lnet/minecraft/world/level/block/StairBlock;} {} {V}
[31Jul2026 15:44:42.551] [main/DEBUG] [cpw.mods.modlauncher.TransformStore/MODLAUNCHER]: Adding transformer net.minecraftforge.coremod.transformer.CoreModClassTransformer@7161457 to Target : CLASS {Lnet/minecraft/world/level/block/FlowerPotBlock;} {} {V}
[31Jul2026 15:44:42.552] [main/DEBUG] [cpw.mods.modlauncher.TransformStore/MODLAUNCHER]: Adding transformer net.minecraftforge.coremod.transformer.CoreModClassTransformer@38ee7a9d to Target : CLASS {Lnet/minecraft/world/item/ItemStack;} {} {V}
[31Jul2026 15:44:42.552] [main/DEBUG] [cpw.mods.modlauncher.TransformStore/MODLAUNCHER]: Adding transformer net.minecraftforge.coremod.transformer.CoreModClassTransformer@629984eb to Target : CLASS {Lnet/minecraft/network/play/client/CClientSettingsPacket;} {} {V}
[31Jul2026 15:44:42.552] [main/DEBUG] [cpw.mods.modlauncher.TransformStore/MODLAUNCHER]: Adding transformer net.minecraftforge.coremod.transformer.CoreModClassTransformer@7b1e5e55 to Target : CLASS {Lnet/minecraft/server/commands/RaidCommand;} {} {V}
[31Jul2026 15:44:42.552] [main/DEBUG] [cpw.mods.modlauncher.TransformStore/MODLAUNCHER]: Adding transformer net.minecraftforge.coremod.transformer.CoreModClassTransformer@7b1e5e55 to Target : CLASS {Lnet/minecraft/world/entity/monster/Spider;} {} {V}
[31Jul2026 15:44:42.552] [main/DEBUG] [cpw.mods.modlauncher.TransformStore/MODLAUNCHER]: Adding transformer net.minecraftforge.coremod.transformer.CoreModClassTransformer@7b1e5e55 to Target : CLASS {Lnet/minecraft/world/entity/npc/CatSpawner;} {} {V}
[31Jul2026 15:44:42.552] [main/DEBUG] [cpw.mods.modlauncher.TransformStore/MODLAUNCHER]: Adding transformer net.minecraftforge.coremod.transformer.CoreModClassTransformer@7b1e5e55 to Target : CLASS {Lnet/minecraft/world/level/levelgen/PatrolSpawner;} {} {V}
[31Jul2026 15:44:42.552] [main/DEBUG] [cpw.mods.modlauncher.TransformStore/MODLAUNCHER]: Adding transformer net.minecraftforge.coremod.transformer.CoreModClassTransformer@7b1e5e55 to Target : CLASS {Lnet/minecraft/world/entity/monster/Evoker$EvokerSummonSpellGoal;} {} {V}
[31Jul2026 15:44:42.552] [main/DEBUG] [cpw.mods.modlauncher.TransformStore/MODLAUNCHER]: Adding transformer net.minecraftforge.coremod.transformer.CoreModClassTransformer@7b1e5e55 to Target : CLASS {Lnet/minecraft/world/entity/EntityType;} {} {V}
[31Jul2026 15:44:42.552] [main/DEBUG] [cpw.mods.modlauncher.TransformStore/MODLAUNCHER]: Adding transformer net.minecraftforge.coremod.transformer.CoreModClassTransformer@7b1e5e55 to Target : CLASS {Lnet/minecraft/world/level/levelgen/structure/templatesystem/StructureTemplate;} {} {V}
[31Jul2026 15:44:42.552] [main/DEBUG] [cpw.mods.modlauncher.TransformStore/MODLAUNCHER]: Adding transformer net.minecraftforge.coremod.transformer.CoreModClassTransformer@7b1e5e55 to Target : CLASS {Lnet/minecraft/server/commands/SummonCommand;} {} {V}
[31Jul2026 15:44:42.552] [main/DEBUG] [cpw.mods.modlauncher.TransformStore/MODLAUNCHER]: Adding transformer net.minecraftforge.coremod.transformer.CoreModClassTransformer@7b1e5e55 to Target : CLASS {Lnet/minecraft/world/entity/animal/horse/SkeletonTrapGoal;} {} {V}
[31Jul2026 15:44:42.552] [main/DEBUG] [cpw.mods.modlauncher.TransformStore/MODLAUNCHER]: Adding transformer net.minecraftforge.coremod.transformer.CoreModClassTransformer@7b1e5e55 to Target : CLASS {Lnet/minecraft/world/entity/npc/Villager;} {} {V}
[31Jul2026 15:44:42.552] [main/DEBUG] [cpw.mods.modlauncher.TransformStore/MODLAUNCHER]: Adding transformer net.minecraftforge.coremod.transformer.CoreModClassTransformer@7b1e5e55 to Target : CLASS {Lnet/minecraft/world/entity/monster/Strider;} {} {V}
[31Jul2026 15:44:42.552] [main/DEBUG] [cpw.mods.modlauncher.TransformStore/MODLAUNCHER]: Adding transformer net.minecraftforge.coremod.transformer.CoreModClassTransformer@7b1e5e55 to Target : CLASS {Lnet/minecraft/world/level/levelgen/structure/structures/WoodlandMansionPieces$WoodlandMansionPiece;} {} {V}
[31Jul2026 15:44:42.552] [main/DEBUG] [cpw.mods.modlauncher.TransformStore/MODLAUNCHER]: Adding transformer net.minecraftforge.coremod.transformer.CoreModClassTransformer@7b1e5e55 to Target : CLASS {Lnet/minecraft/world/level/NaturalSpawner;} {} {V}
[31Jul2026 15:44:42.552] [main/DEBUG] [cpw.mods.modlauncher.TransformStore/MODLAUNCHER]: Adding transformer net.minecraftforge.coremod.transformer.CoreModClassTransformer@7b1e5e55 to Target : CLASS {Lnet/minecraft/world/level/levelgen/PhantomSpawner;} {} {V}
[31Jul2026 15:44:42.552] [main/DEBUG] [cpw.mods.modlauncher.TransformStore/MODLAUNCHER]: Adding transformer net.minecraftforge.coremod.transformer.CoreModClassTransformer@7b1e5e55 to Target : CLASS {Lnet/minecraft/world/entity/raid/Raid;} {} {V}
[31Jul2026 15:44:42.552] [main/DEBUG] [cpw.mods.modlauncher.TransformStore/MODLAUNCHER]: Adding transformer net.minecraftforge.coremod.transformer.CoreModClassTransformer@7b1e5e55 to Target : CLASS {Lnet/minecraft/world/entity/ai/village/VillageSiege;} {} {V}
[31Jul2026 15:44:42.552] [main/DEBUG] [cpw.mods.modlauncher.TransformStore/MODLAUNCHER]: Adding transformer net.minecraftforge.coremod.transformer.CoreModClassTransformer@7b1e5e55 to Target : CLASS {Lnet/minecraft/world/entity/monster/ZombieVillager;} {} {V}
[31Jul2026 15:44:42.552] [main/DEBUG] [cpw.mods.modlauncher.TransformStore/MODLAUNCHER]: Adding transformer net.minecraftforge.coremod.transformer.CoreModClassTransformer@7b1e5e55 to Target : CLASS {Lnet/minecraft/world/entity/monster/Zombie;} {} {V}
[31Jul2026 15:44:42.552] [main/DEBUG] [cpw.mods.modlauncher.TransformStore/MODLAUNCHER]: Adding transformer net.minecraftforge.coremod.transformer.CoreModClassTransformer@7b1e5e55 to Target : CLASS {Lnet/minecraft/world/level/levelgen/structure/structures/SwampHutPiece;} {} {V}
[31Jul2026 15:44:42.552] [main/DEBUG] [cpw.mods.modlauncher.TransformStore/MODLAUNCHER]: Adding transformer net.minecraftforge.coremod.transformer.CoreModClassTransformer@7b1e5e55 to Target : CLASS {Lnet/minecraft/world/entity/animal/frog/Tadpole;} {} {V}
[31Jul2026 15:44:42.552] [main/DEBUG] [cpw.mods.modlauncher.TransformStore/MODLAUNCHER]: Adding transformer net.minecraftforge.coremod.transformer.CoreModClassTransformer@7b1e5e55 to Target : CLASS {Lnet/minecraft/world/level/levelgen/structure/structures/OceanRuinPieces$OceanRuinPiece;} {} {V}
[31Jul2026 15:44:42.552] [main/DEBUG] [cpw.mods.modlauncher.TransformStore/MODLAUNCHER]: Adding transformer net.minecraftforge.coremod.transformer.CoreModClassTransformer@7b1e5e55 to Target : CLASS {Lnet/minecraft/world/level/levelgen/structure/structures/OceanMonumentPieces$OceanMonumentPiece;} {} {V}
[31Jul2026 15:44:42.552] [main/DEBUG] [cpw.mods.modlauncher.TransformationServiceDecorator/MODLAUNCHER]: Initialized transformers for transformation service fml
[31Jul2026 15:44:42.970] [main/DEBUG] [mixin/]: Processing prepare() for PlatformAgent[MixinPlatformAgentDefault:ModLauncher Root Container(ModLauncher:4f56a0a2)]
[31Jul2026 15:44:42.971] [main/DEBUG] [mixin/]: Processing launch tasks for PlatformAgent[MixinPlatformAgentDefault:ModLauncher Root Container(ModLauncher:4f56a0a2)]
[31Jul2026 15:44:42.971] [main/DEBUG] [mixin/]: Adding mixin platform agents for container SecureJarResource(minecraft)
[31Jul2026 15:44:42.971] [main/DEBUG] [mixin/]: Instancing new MixinPlatformAgentMinecraftForge for SecureJarResource(minecraft)
[31Jul2026 15:44:42.971] [main/DEBUG] [mixin/]: MixinPlatformAgentMinecraftForge rejected container SecureJarResource(minecraft)
[31Jul2026 15:44:42.971] [main/DEBUG] [mixin/]: Instancing new MixinPlatformAgentDefault for SecureJarResource(minecraft)
[31Jul2026 15:44:42.971] [main/DEBUG] [mixin/]: MixinPlatformAgentDefault accepted container SecureJarResource(minecraft)
[31Jul2026 15:44:42.971] [main/DEBUG] [mixin/]: Processing prepare() for PlatformAgent[MixinPlatformAgentDefault:SecureJarResource(minecraft)]
[31Jul2026 15:44:42.971] [main/DEBUG] [mixin/]: Adding mixin platform agents for container SecureJarResource(betterdungeons)
[31Jul2026 15:44:42.971] [main/DEBUG] [mixin/]: Instancing new MixinPlatformAgentMinecraftForge for SecureJarResource(betterdungeons)
[31Jul2026 15:44:42.971] [main/DEBUG] [mixin/]: MixinPlatformAgentMinecraftForge rejected container SecureJarResource(betterdungeons)
[31Jul2026 15:44:42.971] [main/DEBUG] [mixin/]: Instancing new MixinPlatformAgentDefault for SecureJarResource(betterdungeons)
[31Jul2026 15:44:42.971] [main/DEBUG] [mixin/]: MixinPlatformAgentDefault accepted container SecureJarResource(betterdungeons)
[31Jul2026 15:44:42.971] [main/DEBUG] [mixin/]: Processing prepare() for PlatformAgent[MixinPlatformAgentDefault:SecureJarResource(betterdungeons)]
[31Jul2026 15:44:42.971] [main/DEBUG] [mixin/]: Registering mixin config: betterdungeons.mixins.json
[31Jul2026 15:44:42.978] [main/DEBUG] [mixin/]: Compatibility level JAVA_17 specified by betterdungeons.mixins.json is higher than the maximum level supported by this version of mixin (JAVA_13).
[31Jul2026 15:44:42.980] [main/INFO] [mixin/]: Compatibility level set to JAVA_17
[31Jul2026 15:44:42.981] [main/DEBUG] [mixin/]: Registering mixin config: betterdungeons_forge.mixins.json
[31Jul2026 15:44:42.981] [main/DEBUG] [mixin/]: Adding mixin platform agents for container SecureJarResource(ambientsounds)
[31Jul2026 15:44:42.981] [main/DEBUG] [mixin/]: Instancing new MixinPlatformAgentMinecraftForge for SecureJarResource(ambientsounds)
[31Jul2026 15:44:42.981] [main/DEBUG] [mixin/]: MixinPlatformAgentMinecraftForge rejected container SecureJarResource(ambientsounds)
[31Jul2026 15:44:42.981] [main/DEBUG] [mixin/]: Instancing new MixinPlatformAgentDefault for SecureJarResource(ambientsounds)
[31Jul2026 15:44:42.981] [main/DEBUG] [mixin/]: MixinPlatformAgentDefault accepted container SecureJarResource(ambientsounds)
[31Jul2026 15:44:42.982] [main/DEBUG] [mixin/]: Processing prepare() for PlatformAgent[MixinPlatformAgentDefault:SecureJarResource(ambientsounds)]
[31Jul2026 15:44:42.982] [main/DEBUG] [mixin/]: Registering mixin config: ambientsounds.mixins.json
[31Jul2026 15:44:42.982] [main/DEBUG] [mixin/]: Adding mixin platform agents for container SecureJarResource(playeranimator)
[31Jul2026 15:44:42.982] [main/DEBUG] [mixin/]: Instancing new MixinPlatformAgentMinecraftForge for SecureJarResource(playeranimator)
[31Jul2026 15:44:42.982] [main/DEBUG] [mixin/]: MixinPlatformAgentMinecraftForge rejected container SecureJarResource(playeranimator)
[31Jul2026 15:44:42.982] [main/DEBUG] [mixin/]: Instancing new MixinPlatformAgentDefault for SecureJarResource(playeranimator)
[31Jul2026 15:44:42.982] [main/DEBUG] [mixin/]: MixinPlatformAgentDefault accepted container SecureJarResource(playeranimator)
[31Jul2026 15:44:42.982] [main/DEBUG] [mixin/]: Processing prepare() for PlatformAgent[MixinPlatformAgentDefault:SecureJarResource(playeranimator)]
[31Jul2026 15:44:42.983] [main/DEBUG] [mixin/]: Registering mixin config: playerAnimator-common.mixins.json
[31Jul2026 15:44:42.983] [main/DEBUG] [mixin/]: Compatibility level JAVA_16 specified by playerAnimator-common.mixins.json is higher than the maximum level supported by this version of mixin (JAVA_13).
[31Jul2026 15:44:42.983] [main/DEBUG] [mixin/]: Adding mixin platform agents for container SecureJarResource(creativecore)
[31Jul2026 15:44:42.984] [main/DEBUG] [mixin/]: Instancing new MixinPlatformAgentMinecraftForge for SecureJarResource(creativecore)
[31Jul2026 15:44:42.984] [main/DEBUG] [mixin/]: MixinPlatformAgentMinecraftForge rejected container SecureJarResource(creativecore)
[31Jul2026 15:44:42.984] [main/DEBUG] [mixin/]: Instancing new MixinPlatformAgentDefault for SecureJarResource(creativecore)
[31Jul2026 15:44:42.984] [main/DEBUG] [mixin/]: MixinPlatformAgentDefault accepted container SecureJarResource(creativecore)
[31Jul2026 15:44:42.984] [main/DEBUG] [mixin/]: Processing prepare() for PlatformAgent[MixinPlatformAgentDefault:SecureJarResource(creativecore)]
[31Jul2026 15:44:42.984] [main/DEBUG] [mixin/]: Registering mixin config: creativecore.mixins.json
[31Jul2026 15:44:42.984] [main/DEBUG] [mixin/]: Registering mixin config: creativecore.forge.mixins.json
[31Jul2026 15:44:42.985] [main/DEBUG] [mixin/]: Adding mixin platform agents for container SecureJarResource(betteroceanmonuments)
[31Jul2026 15:44:42.985] [main/DEBUG] [mixin/]: Instancing new MixinPlatformAgentMinecraftForge for SecureJarResource(betteroceanmonuments)
[31Jul2026 15:44:42.985] [main/DEBUG] [mixin/]: MixinPlatformAgentMinecraftForge rejected container SecureJarResource(betteroceanmonuments)
[31Jul2026 15:44:42.985] [main/DEBUG] [mixin/]: Instancing new MixinPlatformAgentDefault for SecureJarResource(betteroceanmonuments)
[31Jul2026 15:44:42.985] [main/DEBUG] [mixin/]: MixinPlatformAgentDefault accepted container SecureJarResource(betteroceanmonuments)
[31Jul2026 15:44:42.985] [main/DEBUG] [mixin/]: Processing prepare() for PlatformAgent[MixinPlatformAgentDefault:SecureJarResource(betteroceanmonuments)]
[31Jul2026 15:44:42.985] [main/DEBUG] [mixin/]: Registering mixin config: betteroceanmonuments.mixins.json
[31Jul2026 15:44:42.986] [main/DEBUG] [mixin/]: Registering mixin config: betteroceanmonuments_forge.mixins.json
[31Jul2026 15:44:42.986] [main/DEBUG] [mixin/]: Adding mixin platform agents for container SecureJarResource(curios)
[31Jul2026 15:44:42.986] [main/DEBUG] [mixin/]: Instancing new MixinPlatformAgentMinecraftForge for SecureJarResource(curios)
[31Jul2026 15:44:42.986] [main/DEBUG] [mixin/]: MixinPlatformAgentMinecraftForge rejected container SecureJarResource(curios)
[31Jul2026 15:44:42.986] [main/DEBUG] [mixin/]: Instancing new MixinPlatformAgentDefault for SecureJarResource(curios)
[31Jul2026 15:44:42.986] [main/DEBUG] [mixin/]: MixinPlatformAgentDefault accepted container SecureJarResource(curios)
[31Jul2026 15:44:42.986] [main/DEBUG] [mixin/]: Processing prepare() for PlatformAgent[MixinPlatformAgentDefault:SecureJarResource(curios)]
[31Jul2026 15:44:42.986] [main/DEBUG] [mixin/]: Registering mixin config: curios.mixins.json
[31Jul2026 15:44:42.987] [main/DEBUG] [mixin/]: Adding mixin platform agents for container SecureJarResource(bettercaves)
[31Jul2026 15:44:42.987] [main/DEBUG] [mixin/]: Instancing new MixinPlatformAgentMinecraftForge for SecureJarResource(bettercaves)
[31Jul2026 15:44:42.987] [main/DEBUG] [mixin/]: MixinPlatformAgentMinecraftForge rejected container SecureJarResource(bettercaves)
[31Jul2026 15:44:42.987] [main/DEBUG] [mixin/]: Instancing new MixinPlatformAgentDefault for SecureJarResource(bettercaves)
[31Jul2026 15:44:42.987] [main/DEBUG] [mixin/]: MixinPlatformAgentDefault accepted container SecureJarResource(bettercaves)
[31Jul2026 15:44:42.987] [main/DEBUG] [mixin/]: Processing prepare() for PlatformAgent[MixinPlatformAgentDefault:SecureJarResource(bettercaves)]
[31Jul2026 15:44:42.987] [main/DEBUG] [mixin/]: Registering mixin config: bettercaves.mixins.json
[31Jul2026 15:44:42.987] [main/DEBUG] [mixin/]: Adding mixin platform agents for container SecureJarResource(citadel)
[31Jul2026 15:44:42.987] [main/DEBUG] [mixin/]: Instancing new MixinPlatformAgentMinecraftForge for SecureJarResource(citadel)
[31Jul2026 15:44:42.987] [main/DEBUG] [mixin/]: MixinPlatformAgentMinecraftForge rejected container SecureJarResource(citadel)
[31Jul2026 15:44:42.987] [main/DEBUG] [mixin/]: Instancing new MixinPlatformAgentDefault for SecureJarResource(citadel)
[31Jul2026 15:44:42.987] [main/DEBUG] [mixin/]: MixinPlatformAgentDefault accepted container SecureJarResource(citadel)
[31Jul2026 15:44:42.987] [main/DEBUG] [mixin/]: Processing prepare() for PlatformAgent[MixinPlatformAgentDefault:SecureJarResource(citadel)]
[31Jul2026 15:44:42.987] [main/DEBUG] [mixin/]: Registering mixin config: citadel.mixins.json
[31Jul2026 15:44:42.988] [main/DEBUG] [mixin/]: Adding mixin platform agents for container SecureJarResource(alexscaves)
[31Jul2026 15:44:42.988] [main/DEBUG] [mixin/]: Instancing new MixinPlatformAgentMinecraftForge for SecureJarResource(alexscaves)
[31Jul2026 15:44:42.988] [main/DEBUG] [mixin/]: MixinPlatformAgentMinecraftForge rejected container SecureJarResource(alexscaves)
[31Jul2026 15:44:42.988] [main/DEBUG] [mixin/]: Instancing new MixinPlatformAgentDefault for SecureJarResource(alexscaves)
[31Jul2026 15:44:42.988] [main/DEBUG] [mixin/]: MixinPlatformAgentDefault accepted container SecureJarResource(alexscaves)
[31Jul2026 15:44:42.988] [main/DEBUG] [mixin/]: Processing prepare() for PlatformAgent[MixinPlatformAgentDefault:SecureJarResource(alexscaves)]
[31Jul2026 15:44:42.988] [main/DEBUG] [mixin/]: Registering mixin config: citadel.mixins.json
[31Jul2026 15:44:42.988] [main/DEBUG] [mixin/]: Registering mixin config: alexscaves.mixins.json
[31Jul2026 15:44:42.989] [main/DEBUG] [mixin/]: Adding mixin platform agents for container SecureJarResource(alexsmobs)
[31Jul2026 15:44:42.989] [main/DEBUG] [mixin/]: Instancing new MixinPlatformAgentMinecraftForge for SecureJarResource(alexsmobs)
[31Jul2026 15:44:42.989] [main/DEBUG] [mixin/]: MixinPlatformAgentMinecraftForge rejected container SecureJarResource(alexsmobs)
[31Jul2026 15:44:42.989] [main/DEBUG] [mixin/]: Instancing new MixinPlatformAgentDefault for SecureJarResource(alexsmobs)
[31Jul2026 15:44:42.989] [main/DEBUG] [mixin/]: MixinPlatformAgentDefault accepted container SecureJarResource(alexsmobs)
[31Jul2026 15:44:42.989] [main/DEBUG] [mixin/]: Processing prepare() for PlatformAgent[MixinPlatformAgentDefault:SecureJarResource(alexsmobs)]
[31Jul2026 15:44:42.989] [main/DEBUG] [mixin/]: Registering mixin config: citadel.mixins.json
[31Jul2026 15:44:42.989] [main/DEBUG] [mixin/]: Adding mixin platform agents for container SecureJarResource(artifacts)
[31Jul2026 15:44:42.989] [main/DEBUG] [mixin/]: Instancing new MixinPlatformAgentMinecraftForge for SecureJarResource(artifacts)
[31Jul2026 15:44:42.989] [main/DEBUG] [mixin/]: MixinPlatformAgentMinecraftForge rejected container SecureJarResource(artifacts)
[31Jul2026 15:44:42.989] [main/DEBUG] [mixin/]: Instancing new MixinPlatformAgentDefault for SecureJarResource(artifacts)
[31Jul2026 15:44:42.989] [main/DEBUG] [mixin/]: MixinPlatformAgentDefault accepted container SecureJarResource(artifacts)
[31Jul2026 15:44:42.989] [main/DEBUG] [mixin/]: Processing prepare() for PlatformAgent[MixinPlatformAgentDefault:SecureJarResource(artifacts)]
[31Jul2026 15:44:42.989] [main/DEBUG] [mixin/]: Registering mixin config: mixins.artifacts.common.json
[31Jul2026 15:44:42.989] [main/DEBUG] [mixin/]: Registering mixin config: mixins.artifacts.forge.json
[31Jul2026 15:44:42.990] [main/DEBUG] [mixin/]: Adding mixin platform agents for container SecureJarResource(yungsapi)
[31Jul2026 15:44:42.990] [main/DEBUG] [mixin/]: Instancing new MixinPlatformAgentMinecraftForge for SecureJarResource(yungsapi)
[31Jul2026 15:44:42.990] [main/DEBUG] [mixin/]: MixinPlatformAgentMinecraftForge rejected container SecureJarResource(yungsapi)
[31Jul2026 15:44:42.990] [main/DEBUG] [mixin/]: Instancing new MixinPlatformAgentDefault for SecureJarResource(yungsapi)
[31Jul2026 15:44:42.990] [main/DEBUG] [mixin/]: MixinPlatformAgentDefault accepted container SecureJarResource(yungsapi)
[31Jul2026 15:44:42.990] [main/DEBUG] [mixin/]: Processing prepare() for PlatformAgent[MixinPlatformAgentDefault:SecureJarResource(yungsapi)]
[31Jul2026 15:44:42.990] [main/DEBUG] [mixin/]: Registering mixin config: yungsapi.mixins.json
[31Jul2026 15:44:42.991] [main/DEBUG] [mixin/]: Registering mixin config: yungsapi_forge.mixins.json
[31Jul2026 15:44:42.991] [main/DEBUG] [mixin/]: Adding mixin platform agents for container SecureJarResource(mixinextras)
[31Jul2026 15:44:42.991] [main/DEBUG] [mixin/]: Instancing new MixinPlatformAgentMinecraftForge for SecureJarResource(mixinextras)
[31Jul2026 15:44:42.992] [main/DEBUG] [mixin/]: MixinPlatformAgentMinecraftForge rejected container SecureJarResource(mixinextras)
[31Jul2026 15:44:42.992] [main/DEBUG] [mixin/]: Instancing new MixinPlatformAgentDefault for SecureJarResource(mixinextras)
[31Jul2026 15:44:42.992] [main/DEBUG] [mixin/]: MixinPlatformAgentDefault accepted container SecureJarResource(mixinextras)
[31Jul2026 15:44:42.992] [main/DEBUG] [mixin/]: Processing prepare() for PlatformAgent[MixinPlatformAgentDefault:SecureJarResource(mixinextras)]
[31Jul2026 15:44:42.992] [main/DEBUG] [mixin/]: Registering mixin config: mixinextras.init.mixins.json
[31Jul2026 15:44:42.992] [main/DEBUG] [mixin/]: Adding mixin platform agents for container SecureJarResource(betterstrongholds)
[31Jul2026 15:44:42.992] [main/DEBUG] [mixin/]: Instancing new MixinPlatformAgentMinecraftForge for SecureJarResource(betterstrongholds)
[31Jul2026 15:44:42.992] [main/DEBUG] [mixin/]: MixinPlatformAgentMinecraftForge rejected container SecureJarResource(betterstrongholds)
[31Jul2026 15:44:42.992] [main/DEBUG] [mixin/]: Instancing new MixinPlatformAgentDefault for SecureJarResource(betterstrongholds)
[31Jul2026 15:44:42.993] [main/DEBUG] [mixin/]: MixinPlatformAgentDefault accepted container SecureJarResource(betterstrongholds)
[31Jul2026 15:44:42.993] [main/DEBUG] [mixin/]: Processing prepare() for PlatformAgent[MixinPlatformAgentDefault:SecureJarResource(betterstrongholds)]
[31Jul2026 15:44:42.993] [main/DEBUG] [mixin/]: Registering mixin config: betterstrongholds.mixins.json
[31Jul2026 15:44:42.993] [main/DEBUG] [mixin/]: Registering mixin config: betterstrongholds_forge.mixins.json
[31Jul2026 15:44:42.993] [main/DEBUG] [mixin/]: Adding mixin platform agents for container SecureJarResource(betterdeserttemples)
[31Jul2026 15:44:42.993] [main/DEBUG] [mixin/]: Instancing new MixinPlatformAgentMinecraftForge for SecureJarResource(betterdeserttemples)
[31Jul2026 15:44:42.993] [main/DEBUG] [mixin/]: MixinPlatformAgentMinecraftForge rejected container SecureJarResource(betterdeserttemples)
[31Jul2026 15:44:42.993] [main/DEBUG] [mixin/]: Instancing new MixinPlatformAgentDefault for SecureJarResource(betterdeserttemples)
[31Jul2026 15:44:42.994] [main/DEBUG] [mixin/]: MixinPlatformAgentDefault accepted container SecureJarResource(betterdeserttemples)
[31Jul2026 15:44:42.994] [main/DEBUG] [mixin/]: Processing prepare() for PlatformAgent[MixinPlatformAgentDefault:SecureJarResource(betterdeserttemples)]
[31Jul2026 15:44:42.994] [main/DEBUG] [mixin/]: Registering mixin config: betterdeserttemples.mixins.json
[31Jul2026 15:44:42.994] [main/DEBUG] [mixin/]: Registering mixin config: betterdeserttemples_forge.mixins.json
[31Jul2026 15:44:42.994] [main/DEBUG] [mixin/]: Adding mixin platform agents for container SecureJarResource(architectury)
[31Jul2026 15:44:42.994] [main/DEBUG] [mixin/]: Instancing new MixinPlatformAgentMinecraftForge for SecureJarResource(architectury)
[31Jul2026 15:44:42.995] [main/DEBUG] [mixin/]: MixinPlatformAgentMinecraftForge rejected container SecureJarResource(architectury)
[31Jul2026 15:44:42.995] [main/DEBUG] [mixin/]: Instancing new MixinPlatformAgentDefault for SecureJarResource(architectury)
[31Jul2026 15:44:42.995] [main/DEBUG] [mixin/]: MixinPlatformAgentDefault accepted container SecureJarResource(architectury)
[31Jul2026 15:44:42.995] [main/DEBUG] [mixin/]: Processing prepare() for PlatformAgent[MixinPlatformAgentDefault:SecureJarResource(architectury)]
[31Jul2026 15:44:42.995] [main/DEBUG] [mixin/]: Registering mixin config: architectury.mixins.json
[31Jul2026 15:44:42.995] [main/DEBUG] [mixin/]: Compatibility level JAVA_16 specified by architectury.mixins.json is higher than the maximum level supported by this version of mixin (JAVA_13).
[31Jul2026 15:44:42.995] [main/DEBUG] [mixin/]: Registering mixin config: architectury-common.mixins.json
[31Jul2026 15:44:42.995] [main/DEBUG] [mixin/]: Compatibility level JAVA_16 specified by architectury-common.mixins.json is higher than the maximum level supported by this version of mixin (JAVA_13).
[31Jul2026 15:44:42.996] [main/DEBUG] [mixin/]: Adding mixin platform agents for container SecureJarResource(distanthorizons)
[31Jul2026 15:44:42.996] [main/DEBUG] [mixin/]: Instancing new MixinPlatformAgentMinecraftForge for SecureJarResource(distanthorizons)
[31Jul2026 15:44:42.996] [main/DEBUG] [mixin/]: MixinPlatformAgentMinecraftForge rejected container SecureJarResource(distanthorizons)
[31Jul2026 15:44:42.996] [main/DEBUG] [mixin/]: Instancing new MixinPlatformAgentDefault for SecureJarResource(distanthorizons)
[31Jul2026 15:44:42.996] [main/DEBUG] [mixin/]: MixinPlatformAgentDefault accepted container SecureJarResource(distanthorizons)
[31Jul2026 15:44:42.996] [main/DEBUG] [mixin/]: Processing prepare() for PlatformAgent[MixinPlatformAgentDefault:SecureJarResource(distanthorizons)]
[31Jul2026 15:44:42.996] [main/DEBUG] [mixin/]: Registering mixin config: DistantHorizons.forge.mixins.json
[31Jul2026 15:44:42.996] [main/DEBUG] [mixin/]: Adding mixin platform agents for container SecureJarResource(terralith)
[31Jul2026 15:44:42.996] [main/DEBUG] [mixin/]: Instancing new MixinPlatformAgentMinecraftForge for SecureJarResource(terralith)
[31Jul2026 15:44:42.996] [main/DEBUG] [mixin/]: MixinPlatformAgentMinecraftForge rejected container SecureJarResource(terralith)
[31Jul2026 15:44:42.996] [main/DEBUG] [mixin/]: Instancing new MixinPlatformAgentDefault for SecureJarResource(terralith)
[31Jul2026 15:44:42.996] [main/DEBUG] [mixin/]: MixinPlatformAgentDefault accepted container SecureJarResource(terralith)
[31Jul2026 15:44:42.996] [main/DEBUG] [mixin/]: Processing prepare() for PlatformAgent[MixinPlatformAgentDefault:SecureJarResource(terralith)]
[31Jul2026 15:44:42.996] [main/DEBUG] [mixin/]: Adding mixin platform agents for container SecureJarResource(betterfortresses)
[31Jul2026 15:44:42.996] [main/DEBUG] [mixin/]: Instancing new MixinPlatformAgentMinecraftForge for SecureJarResource(betterfortresses)
[31Jul2026 15:44:42.996] [main/DEBUG] [mixin/]: MixinPlatformAgentMinecraftForge rejected container SecureJarResource(betterfortresses)
[31Jul2026 15:44:42.996] [main/DEBUG] [mixin/]: Instancing new MixinPlatformAgentDefault for SecureJarResource(betterfortresses)
[31Jul2026 15:44:42.996] [main/DEBUG] [mixin/]: MixinPlatformAgentDefault accepted container SecureJarResource(betterfortresses)
[31Jul2026 15:44:42.996] [main/DEBUG] [mixin/]: Processing prepare() for PlatformAgent[MixinPlatformAgentDefault:SecureJarResource(betterfortresses)]
[31Jul2026 15:44:42.997] [main/DEBUG] [mixin/]: Registering mixin config: betterfortresses.mixins.json
[31Jul2026 15:44:42.997] [main/DEBUG] [mixin/]: Registering mixin config: betterfortresses_forge.mixins.json
[31Jul2026 15:44:42.998] [main/DEBUG] [mixin/]: Adding mixin platform agents for container SecureJarResource(cloth_config)
[31Jul2026 15:44:42.998] [main/DEBUG] [mixin/]: Instancing new MixinPlatformAgentMinecraftForge for SecureJarResource(cloth_config)
[31Jul2026 15:44:42.998] [main/DEBUG] [mixin/]: MixinPlatformAgentMinecraftForge rejected container SecureJarResource(cloth_config)
[31Jul2026 15:44:42.998] [main/DEBUG] [mixin/]: Instancing new MixinPlatformAgentDefault for SecureJarResource(cloth_config)
[31Jul2026 15:44:42.998] [main/DEBUG] [mixin/]: MixinPlatformAgentDefault accepted container SecureJarResource(cloth_config)
[31Jul2026 15:44:42.998] [main/DEBUG] [mixin/]: Processing prepare() for PlatformAgent[MixinPlatformAgentDefault:SecureJarResource(cloth_config)]
[31Jul2026 15:44:42.998] [main/DEBUG] [mixin/]: Adding mixin platform agents for container SecureJarResource(simplyswords)
[31Jul2026 15:44:42.998] [main/DEBUG] [mixin/]: Instancing new MixinPlatformAgentMinecraftForge for SecureJarResource(simplyswords)
[31Jul2026 15:44:42.998] [main/DEBUG] [mixin/]: MixinPlatformAgentMinecraftForge rejected container SecureJarResource(simplyswords)
[31Jul2026 15:44:42.998] [main/DEBUG] [mixin/]: Instancing new MixinPlatformAgentDefault for SecureJarResource(simplyswords)
[31Jul2026 15:44:42.998] [main/DEBUG] [mixin/]: MixinPlatformAgentDefault accepted container SecureJarResource(simplyswords)
[31Jul2026 15:44:42.998] [main/DEBUG] [mixin/]: Processing prepare() for PlatformAgent[MixinPlatformAgentDefault:SecureJarResource(simplyswords)]
[31Jul2026 15:44:42.998] [main/DEBUG] [mixin/]: Registering mixin config: simplyswords-common.mixins.json
[31Jul2026 15:44:42.999] [main/DEBUG] [mixin/]: Registering mixin config: simplyswords.mixins.json
[31Jul2026 15:44:42.999] [main/DEBUG] [mixin/]: Adding mixin platform agents for container SecureJarResource(bettercombat)
[31Jul2026 15:44:42.999] [main/DEBUG] [mixin/]: Instancing new MixinPlatformAgentMinecraftForge for SecureJarResource(bettercombat)
[31Jul2026 15:44:42.999] [main/DEBUG] [mixin/]: MixinPlatformAgentMinecraftForge rejected container SecureJarResource(bettercombat)
[31Jul2026 15:44:42.999] [main/DEBUG] [mixin/]: Instancing new MixinPlatformAgentDefault for SecureJarResource(bettercombat)
[31Jul2026 15:44:42.999] [main/DEBUG] [mixin/]: MixinPlatformAgentDefault accepted container SecureJarResource(bettercombat)
[31Jul2026 15:44:42.999] [main/DEBUG] [mixin/]: Processing prepare() for PlatformAgent[MixinPlatformAgentDefault:SecureJarResource(bettercombat)]
[31Jul2026 15:44:42.999] [main/DEBUG] [mixin/]: Registering mixin config: bettercombat.mixins.json
[31Jul2026 15:44:43.000] [main/DEBUG] [mixin/]: Adding mixin platform agents for container SecureJarResource(sound_physics_remastered)
[31Jul2026 15:44:43.000] [main/DEBUG] [mixin/]: Instancing new MixinPlatformAgentMinecraftForge for SecureJarResource(sound_physics_remastered)
[31Jul2026 15:44:43.000] [main/DEBUG] [mixin/]: MixinPlatformAgentMinecraftForge rejected container SecureJarResource(sound_physics_remastered)
[31Jul2026 15:44:43.000] [main/DEBUG] [mixin/]: Instancing new MixinPlatformAgentDefault for SecureJarResource(sound_physics_remastered)
[31Jul2026 15:44:43.000] [main/DEBUG] [mixin/]: MixinPlatformAgentDefault accepted container SecureJarResource(sound_physics_remastered)
[31Jul2026 15:44:43.000] [main/DEBUG] [mixin/]: Processing prepare() for PlatformAgent[MixinPlatformAgentDefault:SecureJarResource(sound_physics_remastered)]
[31Jul2026 15:44:43.000] [main/DEBUG] [mixin/]: Adding mixin platform agents for container SecureJarResource(forge)
[31Jul2026 15:44:43.000] [main/DEBUG] [mixin/]: Instancing new MixinPlatformAgentMinecraftForge for SecureJarResource(forge)
[31Jul2026 15:44:43.000] [main/DEBUG] [mixin/]: MixinPlatformAgentMinecraftForge rejected container SecureJarResource(forge)
[31Jul2026 15:44:43.000] [main/DEBUG] [mixin/]: Instancing new MixinPlatformAgentDefault for SecureJarResource(forge)
[31Jul2026 15:44:43.000] [main/DEBUG] [mixin/]: MixinPlatformAgentDefault accepted container SecureJarResource(forge)
[31Jul2026 15:44:43.000] [main/DEBUG] [mixin/]: Processing prepare() for PlatformAgent[MixinPlatformAgentDefault:SecureJarResource(forge)]
[31Jul2026 15:44:43.000] [main/DEBUG] [mixin/]: Adding mixin platform agents for container SecureJarResource(expandability)
[31Jul2026 15:44:43.000] [main/DEBUG] [mixin/]: Instancing new MixinPlatformAgentMinecraftForge for SecureJarResource(expandability)
[31Jul2026 15:44:43.000] [main/DEBUG] [mixin/]: MixinPlatformAgentMinecraftForge rejected container SecureJarResource(expandability)
[31Jul2026 15:44:43.000] [main/DEBUG] [mixin/]: Instancing new MixinPlatformAgentDefault for SecureJarResource(expandability)
[31Jul2026 15:44:43.000] [main/DEBUG] [mixin/]: MixinPlatformAgentDefault accepted container SecureJarResource(expandability)
[31Jul2026 15:44:43.000] [main/DEBUG] [mixin/]: Processing prepare() for PlatformAgent[MixinPlatformAgentDefault:SecureJarResource(expandability)]
[31Jul2026 15:44:43.000] [main/DEBUG] [mixin/]: Registering mixin config: expandability.mixins.json
[31Jul2026 15:44:43.000] [main/DEBUG] [mixin/]: Registering mixin config: expandability-common.mixins.json
[31Jul2026 15:44:43.001] [main/DEBUG] [mixin/]: Adding mixin platform agents for container SecureJarResource(bettermineshafts)
[31Jul2026 15:44:43.001] [main/DEBUG] [mixin/]: Instancing new MixinPlatformAgentMinecraftForge for SecureJarResource(bettermineshafts)
[31Jul2026 15:44:43.001] [main/DEBUG] [mixin/]: MixinPlatformAgentMinecraftForge rejected container SecureJarResource(bettermineshafts)
[31Jul2026 15:44:43.001] [main/DEBUG] [mixin/]: Instancing new MixinPlatformAgentDefault for SecureJarResource(bettermineshafts)
[31Jul2026 15:44:43.001] [main/DEBUG] [mixin/]: MixinPlatformAgentDefault accepted container SecureJarResource(bettermineshafts)
[31Jul2026 15:44:43.001] [main/DEBUG] [mixin/]: Processing prepare() for PlatformAgent[MixinPlatformAgentDefault:SecureJarResource(bettermineshafts)]
[31Jul2026 15:44:43.001] [main/DEBUG] [mixin/]: Registering mixin config: bettermineshafts.mixins.json
[31Jul2026 15:44:43.001] [main/DEBUG] [mixin/]: Registering mixin config: bettermineshafts_forge.mixins.json
[31Jul2026 15:44:43.002] [main/DEBUG] [mixin/]: Adding mixin platform agents for container SecureJarResource(twilightforest)
[31Jul2026 15:44:43.002] [main/DEBUG] [mixin/]: Instancing new MixinPlatformAgentMinecraftForge for SecureJarResource(twilightforest)
[31Jul2026 15:44:43.002] [main/DEBUG] [mixin/]: MixinPlatformAgentMinecraftForge rejected container SecureJarResource(twilightforest)
[31Jul2026 15:44:43.002] [main/DEBUG] [mixin/]: Instancing new MixinPlatformAgentDefault for SecureJarResource(twilightforest)
[31Jul2026 15:44:43.002] [main/DEBUG] [mixin/]: MixinPlatformAgentDefault accepted container SecureJarResource(twilightforest)
[31Jul2026 15:44:43.002] [main/DEBUG] [mixin/]: Processing prepare() for PlatformAgent[MixinPlatformAgentDefault:SecureJarResource(twilightforest)]
[31Jul2026 15:44:43.002] [main/DEBUG] [mixin/]: Adding mixin platform agents for container SecureJarResource(dungeons_arise)
[31Jul2026 15:44:43.002] [main/DEBUG] [mixin/]: Instancing new MixinPlatformAgentMinecraftForge for SecureJarResource(dungeons_arise)
[31Jul2026 15:44:43.002] [main/DEBUG] [mixin/]: MixinPlatformAgentMinecraftForge rejected container SecureJarResource(dungeons_arise)
[31Jul2026 15:44:43.002] [main/DEBUG] [mixin/]: Instancing new MixinPlatformAgentDefault for SecureJarResource(dungeons_arise)
[31Jul2026 15:44:43.002] [main/DEBUG] [mixin/]: MixinPlatformAgentDefault accepted container SecureJarResource(dungeons_arise)
[31Jul2026 15:44:43.002] [main/DEBUG] [mixin/]: Processing prepare() for PlatformAgent[MixinPlatformAgentDefault:SecureJarResource(dungeons_arise)]
[31Jul2026 15:44:43.002] [main/DEBUG] [mixin/]: Adding mixin platform agents for container SecureJarResource(MixinExtras)
[31Jul2026 15:44:43.002] [main/DEBUG] [mixin/]: Instancing new MixinPlatformAgentMinecraftForge for SecureJarResource(MixinExtras)
[31Jul2026 15:44:43.002] [main/DEBUG] [mixin/]: MixinPlatformAgentMinecraftForge rejected container SecureJarResource(MixinExtras)
[31Jul2026 15:44:43.002] [main/DEBUG] [mixin/]: Instancing new MixinPlatformAgentDefault for SecureJarResource(MixinExtras)
[31Jul2026 15:44:43.002] [main/DEBUG] [mixin/]: MixinPlatformAgentDefault accepted container SecureJarResource(MixinExtras)
[31Jul2026 15:44:43.002] [main/DEBUG] [mixin/]: Processing prepare() for PlatformAgent[MixinPlatformAgentDefault:SecureJarResource(MixinExtras)]
[31Jul2026 15:44:43.002] [main/DEBUG] [mixin/]: inject() running with 31 agents
[31Jul2026 15:44:43.002] [main/DEBUG] [mixin/]: Processing inject() for PlatformAgent[MixinPlatformAgentDefault:ModLauncher Root Container(ModLauncher:4f56a0a2)]
[31Jul2026 15:44:43.002] [main/DEBUG] [mixin/]: Processing inject() for PlatformAgent[MixinPlatformAgentDefault:SecureJarResource(minecraft)]
[31Jul2026 15:44:43.002] [main/DEBUG] [mixin/]: Processing inject() for PlatformAgent[MixinPlatformAgentDefault:SecureJarResource(betterdungeons)]
[31Jul2026 15:44:43.002] [main/DEBUG] [mixin/]: Processing inject() for PlatformAgent[MixinPlatformAgentDefault:SecureJarResource(ambientsounds)]
[31Jul2026 15:44:43.002] [main/DEBUG] [mixin/]: Processing inject() for PlatformAgent[MixinPlatformAgentDefault:SecureJarResource(playeranimator)]
[31Jul2026 15:44:43.002] [main/DEBUG] [mixin/]: Processing inject() for PlatformAgent[MixinPlatformAgentDefault:SecureJarResource(creativecore)]
[31Jul2026 15:44:43.002] [main/DEBUG] [mixin/]: Processing inject() for PlatformAgent[MixinPlatformAgentDefault:SecureJarResource(betteroceanmonuments)]
[31Jul2026 15:44:43.002] [main/DEBUG] [mixin/]: Processing inject() for PlatformAgent[MixinPlatformAgentDefault:SecureJarResource(curios)]
[31Jul2026 15:44:43.002] [main/DEBUG] [mixin/]: Processing inject() for PlatformAgent[MixinPlatformAgentDefault:SecureJarResource(bettercaves)]
[31Jul2026 15:44:43.003] [main/DEBUG] [mixin/]: Processing inject() for PlatformAgent[MixinPlatformAgentDefault:SecureJarResource(citadel)]
[31Jul2026 15:44:43.003] [main/DEBUG] [mixin/]: Processing inject() for PlatformAgent[MixinPlatformAgentDefault:SecureJarResource(alexscaves)]
[31Jul2026 15:44:43.003] [main/DEBUG] [mixin/]: Processing inject() for PlatformAgent[MixinPlatformAgentDefault:SecureJarResource(alexsmobs)]
[31Jul2026 15:44:43.003] [main/DEBUG] [mixin/]: Processing inject() for PlatformAgent[MixinPlatformAgentDefault:SecureJarResource(artifacts)]
[31Jul2026 15:44:43.003] [main/DEBUG] [mixin/]: Processing inject() for PlatformAgent[MixinPlatformAgentDefault:SecureJarResource(yungsapi)]
[31Jul2026 15:44:43.003] [main/DEBUG] [mixin/]: Processing inject() for PlatformAgent[MixinPlatformAgentDefault:SecureJarResource(mixinextras)]
[31Jul2026 15:44:43.003] [main/DEBUG] [mixin/]: Processing inject() for PlatformAgent[MixinPlatformAgentDefault:SecureJarResource(betterstrongholds)]
[31Jul2026 15:44:43.003] [main/DEBUG] [mixin/]: Processing inject() for PlatformAgent[MixinPlatformAgentDefault:SecureJarResource(betterdeserttemples)]
[31Jul2026 15:44:43.003] [main/DEBUG] [mixin/]: Processing inject() for PlatformAgent[MixinPlatformAgentDefault:SecureJarResource(architectury)]
[31Jul2026 15:44:43.003] [main/DEBUG] [mixin/]: Processing inject() for PlatformAgent[MixinPlatformAgentDefault:SecureJarResource(distanthorizons)]
[31Jul2026 15:44:43.003] [main/DEBUG] [mixin/]: Processing inject() for PlatformAgent[MixinPlatformAgentDefault:SecureJarResource(terralith)]
[31Jul2026 15:44:43.003] [main/DEBUG] [mixin/]: Processing inject() for PlatformAgent[MixinPlatformAgentDefault:SecureJarResource(betterfortresses)]
[31Jul2026 15:44:43.003] [main/DEBUG] [mixin/]: Processing inject() for PlatformAgent[MixinPlatformAgentDefault:SecureJarResource(cloth_config)]
[31Jul2026 15:44:43.003] [main/DEBUG] [mixin/]: Processing inject() for PlatformAgent[MixinPlatformAgentDefault:SecureJarResource(simplyswords)]
[31Jul2026 15:44:43.003] [main/DEBUG] [mixin/]: Processing inject() for PlatformAgent[MixinPlatformAgentDefault:SecureJarResource(bettercombat)]
[31Jul2026 15:44:43.003] [main/DEBUG] [mixin/]: Processing inject() for PlatformAgent[MixinPlatformAgentDefault:SecureJarResource(sound_physics_remastered)]
[31Jul2026 15:44:43.003] [main/DEBUG] [mixin/]: Processing inject() for PlatformAgent[MixinPlatformAgentDefault:SecureJarResource(forge)]
[31Jul2026 15:44:43.003] [main/DEBUG] [mixin/]: Processing inject() for PlatformAgent[MixinPlatformAgentDefault:SecureJarResource(expandability)]
[31Jul2026 15:44:43.003] [main/DEBUG] [mixin/]: Processing inject() for PlatformAgent[MixinPlatformAgentDefault:SecureJarResource(bettermineshafts)]
[31Jul2026 15:44:43.003] [main/DEBUG] [mixin/]: Processing inject() for PlatformAgent[MixinPlatformAgentDefault:SecureJarResource(twilightforest)]
[31Jul2026 15:44:43.003] [main/DEBUG] [mixin/]: Processing inject() for PlatformAgent[MixinPlatformAgentDefault:SecureJarResource(dungeons_arise)]
[31Jul2026 15:44:43.003] [main/DEBUG] [mixin/]: Processing inject() for PlatformAgent[MixinPlatformAgentDefault:SecureJarResource(MixinExtras)]
[31Jul2026 15:44:43.072] [main/DEBUG] [mixin/]: Error cleaning class output directory: .mixin.out
[31Jul2026 15:44:43.073] [main/DEBUG] [mixin/]: Preparing mixins for MixinEnvironment[PREINIT]
[31Jul2026 15:44:43.076] [main/INFO] [mixin/]: Successfully loaded Mixin Connector [com.sonicether.soundphysics.MixinConnector]
[31Jul2026 15:44:43.078] [main/INFO] [cpw.mods.modlauncher.LaunchServiceHandler/MODLAUNCHER]: Launching target 'forgeserver' with arguments []
[31Jul2026 15:44:43.079] [main/DEBUG] [mixin/]: Preparing mixins for MixinEnvironment[DEFAULT]
[31Jul2026 15:44:43.079] [main/DEBUG] [mixin/]: Selecting config betterdungeons.mixins.json
[31Jul2026 15:44:43.081] [main/DEBUG] [mixin/]: Selecting config betterdungeons_forge.mixins.json
[31Jul2026 15:44:43.081] [main/DEBUG] [mixin/]: Selecting config ambientsounds.mixins.json
[31Jul2026 15:44:43.082] [main/DEBUG] [mixin/]: Selecting config playerAnimator-common.mixins.json
[31Jul2026 15:44:43.083] [main/DEBUG] [mixin/]: Selecting config creativecore.mixins.json
[31Jul2026 15:44:43.084] [main/DEBUG] [mixin/]: Selecting config creativecore.forge.mixins.json
[31Jul2026 15:44:43.085] [main/DEBUG] [mixin/]: Selecting config betteroceanmonuments.mixins.json
[31Jul2026 15:44:43.085] [main/DEBUG] [mixin/]: Selecting config betteroceanmonuments_forge.mixins.json
[31Jul2026 15:44:43.085] [main/DEBUG] [mixin/]: Selecting config curios.mixins.json
[31Jul2026 15:44:43.086] [main/DEBUG] [mixin/]: Selecting config bettercaves.mixins.json
[31Jul2026 15:44:43.086] [main/DEBUG] [mixin/]: Selecting config citadel.mixins.json
[31Jul2026 15:44:43.087] [main/DEBUG] [mixin/]: Selecting config alexscaves.mixins.json
[31Jul2026 15:44:43.087] [main/DEBUG] [mixin/]: Selecting config mixins.artifacts.common.json
[31Jul2026 15:44:43.088] [main/DEBUG] [mixin/]: Selecting config mixins.artifacts.forge.json
[31Jul2026 15:44:43.088] [main/DEBUG] [mixin/]: Selecting config yungsapi.mixins.json
[31Jul2026 15:44:43.089] [main/DEBUG] [mixin/]: Selecting config yungsapi_forge.mixins.json
[31Jul2026 15:44:43.090] [main/DEBUG] [mixin/]: Selecting config mixinextras.init.mixins.json
[31Jul2026 15:44:43.109] [main/DEBUG] [MixinExtras|Service/]: com.llamalad7.mixinextras.service.MixinExtrasServiceImpl(version=0.3.5) is taking over from null
[31Jul2026 15:44:43.133] [main/DEBUG] [mixin/]: Registering new injector for @Inject with org.spongepowered.asm.mixin.injection.struct.CallbackInjectionInfo
[31Jul2026 15:44:43.133] [main/DEBUG] [mixin/]: Registering new injector for @ModifyArg with org.spongepowered.asm.mixin.injection.struct.ModifyArgInjectionInfo
[31Jul2026 15:44:43.134] [main/DEBUG] [mixin/]: Registering new injector for @ModifyArgs with org.spongepowered.asm.mixin.injection.struct.ModifyArgsInjectionInfo
[31Jul2026 15:44:43.135] [main/DEBUG] [mixin/]: Registering new injector for @Redirect with org.spongepowered.asm.mixin.injection.struct.RedirectInjectionInfo
[31Jul2026 15:44:43.136] [main/DEBUG] [mixin/]: Registering new injector for @ModifyVariable with org.spongepowered.asm.mixin.injection.struct.ModifyVariableInjectionInfo
[31Jul2026 15:44:43.136] [main/DEBUG] [mixin/]: Registering new injector for @ModifyConstant with org.spongepowered.asm.mixin.injection.struct.ModifyConstantInjectionInfo
[31Jul2026 15:44:43.142] [main/DEBUG] [mixin/]: Selecting config betterstrongholds.mixins.json
[31Jul2026 15:44:43.142] [main/DEBUG] [mixin/]: Selecting config betterstrongholds_forge.mixins.json
[31Jul2026 15:44:43.143] [main/DEBUG] [mixin/]: Selecting config betterdeserttemples.mixins.json
[31Jul2026 15:44:43.143] [main/DEBUG] [mixin/]: Selecting config betterdeserttemples_forge.mixins.json
[31Jul2026 15:44:43.143] [main/DEBUG] [mixin/]: Selecting config architectury.mixins.json
[31Jul2026 15:44:43.144] [main/DEBUG] [mixin/]: Selecting config architectury-common.mixins.json
[31Jul2026 15:44:43.145] [main/DEBUG] [mixin/]: Selecting config DistantHorizons.forge.mixins.json
[31Jul2026 15:44:43.145] [main/DEBUG] [mixin/]: Selecting config betterfortresses.mixins.json
[31Jul2026 15:44:43.145] [main/DEBUG] [mixin/]: Selecting config betterfortresses_forge.mixins.json
[31Jul2026 15:44:43.145] [main/DEBUG] [mixin/]: Selecting config simplyswords-common.mixins.json
[31Jul2026 15:44:43.146] [main/DEBUG] [mixin/]: Selecting config simplyswords.mixins.json
[31Jul2026 15:44:43.146] [main/WARN] [mixin/]: Reference map 'simplyswords-forge-refmap.json' for simplyswords.mixins.json could not be read. If this is a development environment you can ignore this message
[31Jul2026 15:44:43.146] [main/DEBUG] [mixin/]: Selecting config bettercombat.mixins.json
[31Jul2026 15:44:43.148] [main/DEBUG] [mixin/]: Selecting config expandability.mixins.json
[31Jul2026 15:44:43.148] [main/DEBUG] [mixin/]: Selecting config expandability-common.mixins.json
[31Jul2026 15:44:43.149] [main/DEBUG] [mixin/]: Selecting config bettermineshafts.mixins.json
[31Jul2026 15:44:43.149] [main/DEBUG] [mixin/]: Selecting config bettermineshafts_forge.mixins.json
[31Jul2026 15:44:43.150] [main/DEBUG] [mixin/]: Selecting config sound_physics_remastered.mixins.json
[31Jul2026 15:44:43.151] [main/DEBUG] [mixin/]: Preparing betterdungeons.mixins.json (8)
[31Jul2026 15:44:43.167] [main/DEBUG] [net.minecraftforge.coremod.transformer.CoreModBaseTransformer/COREMOD]: Transforming net/minecraft/world/level/levelgen/structure/templatesystem/StructureTemplate
[31Jul2026 15:44:43.312] [main/DEBUG] [mixin/]: Preparing betterdungeons_forge.mixins.json (0)
[31Jul2026 15:44:43.312] [main/DEBUG] [mixin/]: Preparing ambientsounds.mixins.json (2)
[31Jul2026 15:44:43.312] [main/DEBUG] [mixin/]: Preparing playerAnimator-common.mixins.json (14)
[31Jul2026 15:44:43.312] [main/DEBUG] [mixin/]: Preparing creativecore.mixins.json (8)
[31Jul2026 15:44:43.317] [main/DEBUG] [mixin/]: Preparing creativecore.forge.mixins.json (3)
[31Jul2026 15:44:43.318] [main/DEBUG] [mixin/]: Preparing betteroceanmonuments.mixins.json (8)
[31Jul2026 15:44:43.331] [main/DEBUG] [mixin/]: Preparing betteroceanmonuments_forge.mixins.json (0)
[31Jul2026 15:44:43.331] [main/DEBUG] [mixin/]: Preparing curios.mixins.json (13)
[31Jul2026 15:44:43.369] [main/DEBUG] [mixin/]: Preparing bettercaves.mixins.json (9)
[31Jul2026 15:44:43.387] [main/DEBUG] [mixin/]: Preparing citadel.mixins.json (16)
[31Jul2026 15:44:43.391] [main/DEBUG] [net.minecraftforge.coremod.transformer.CoreModBaseTransformer/COREMOD]: Transforming m_46758_ with desc (Lnet/minecraft/core/BlockPos;)Z
[31Jul2026 15:44:43.426] [main/DEBUG] [mixin/]: Preparing alexscaves.mixins.json (52)
[31Jul2026 15:44:43.453] [main/DEBUG] [net.minecraftforge.coremod.transformer.CoreModBaseTransformer/COREMOD]: Transforming net/minecraft/world/level/NaturalSpawner
[31Jul2026 15:44:43.505] [main/DEBUG] [net.minecraftforge.coremod.transformer.CoreModBaseTransformer/COREMOD]: Transforming net/minecraft/world/level/levelgen/structure/structures/SwampHutPiece
[31Jul2026 15:44:43.518] [main/DEBUG] [mixin/]: Preparing mixins.artifacts.common.json (21)
[31Jul2026 15:44:43.525] [main/DEBUG] [net.minecraftforge.coremod.transformer.CoreModBaseTransformer/COREMOD]: Transforming net/minecraft/world/entity/npc/Villager
[31Jul2026 15:44:43.583] [main/DEBUG] [mixin/]: Preparing mixins.artifacts.forge.json (3)
[31Jul2026 15:44:43.585] [main/DEBUG] [mixin/]: Preparing yungsapi.mixins.json (11)
[31Jul2026 15:44:43.588] [main/DEBUG] [yungsapi/]: Loaded com.yungnickyoung.minecraft.yungsapi.services.ForgePlatformHelper@34a20f16 for service interface com.yungnickyoung.minecraft.yungsapi.services.IPlatformHelper
[31Jul2026 15:44:43.589] [main/DEBUG] [yungsapi/]: Loaded com.yungnickyoung.minecraft.yungsapi.services.ForgeAutoRegisterHelper@67b61834 for service interface com.yungnickyoung.minecraft.yungsapi.services.IAutoRegisterHelper
[31Jul2026 15:44:43.589] [main/DEBUG] [yungsapi/]: Loaded com.yungnickyoung.minecraft.yungsapi.services.ForgeBlockEntityTypeHelper@691567ea for service interface com.yungnickyoung.minecraft.yungsapi.services.IBlockEntityTypeHelper
[31Jul2026 15:44:43.589] [main/DEBUG] [yungsapi/]: Loaded com.yungnickyoung.minecraft.yungsapi.services.ForgeParticleTypeHelper@6de7778f for service interface com.yungnickyoung.minecraft.yungsapi.services.IParticleTypeHelper
[31Jul2026 15:44:43.600] [main/DEBUG] [mixin/]: Preparing yungsapi_forge.mixins.json (1)
[31Jul2026 15:44:43.600] [main/DEBUG] [mixin/]: Preparing mixinextras.init.mixins.json (0)
[31Jul2026 15:44:43.600] [main/DEBUG] [mixin/]: Preparing betterstrongholds.mixins.json (2)
[31Jul2026 15:44:43.601] [main/DEBUG] [mixin/]: Preparing betterstrongholds_forge.mixins.json (0)
[31Jul2026 15:44:43.601] [main/DEBUG] [mixin/]: Preparing betterdeserttemples.mixins.json (9)
[31Jul2026 15:44:43.603] [main/DEBUG] [mixin/]: Preparing betterdeserttemples_forge.mixins.json (0)
[31Jul2026 15:44:43.603] [main/DEBUG] [mixin/]: Preparing architectury.mixins.json (9)
[31Jul2026 15:44:43.606] [main/DEBUG] [mixin/]: Preparing architectury-common.mixins.json (10)
[31Jul2026 15:44:43.611] [main/DEBUG] [net.minecraftforge.coremod.transformer.CoreModBaseTransformer/COREMOD]: Transforming net/minecraft/world/item/BucketItem
[31Jul2026 15:44:43.616] [main/DEBUG] [net.minecraftforge.coremod.transformer.CoreModBaseTransformer/COREMOD]: Transforming net/minecraft/world/entity/EntityType
[31Jul2026 15:44:43.641] [main/DEBUG] [net.minecraftforge.coremod.transformer.CoreModBaseTransformer/COREMOD]: Transforming m_41435_ with desc (Lnet/minecraft/world/level/Level;Lnet/minecraft/world/entity/player/Player;Lnet/minecraft/world/level/ClipContext$Fluid;)Lnet/minecraft/world/phys/BlockHitResult;
[31Jul2026 15:44:43.648] [main/DEBUG] [net.minecraftforge.coremod.transformer.CoreModBaseTransformer/COREMOD]: Transforming net/minecraft/world/level/block/LiquidBlock
[31Jul2026 15:44:43.651] [main/DEBUG] [mixin/]: Preparing DistantHorizons.forge.mixins.json (12)
[31Jul2026 15:44:43.659] [main/DEBUG] [mixin/]: Preparing betterfortresses.mixins.json (6)
[31Jul2026 15:44:43.660] [main/DEBUG] [mixin/]: Preparing betterfortresses_forge.mixins.json (0)
[31Jul2026 15:44:43.660] [main/DEBUG] [mixin/]: Preparing simplyswords-common.mixins.json (2)
[31Jul2026 15:44:43.661] [main/DEBUG] [mixin/]: Preparing simplyswords.mixins.json (0)
[31Jul2026 15:44:43.661] [main/DEBUG] [mixin/]: Preparing bettercombat.mixins.json (17)
[31Jul2026 15:44:43.665] [main/DEBUG] [net.minecraftforge.coremod.transformer.CoreModBaseTransformer/COREMOD]: Transforming net/minecraft/world/item/ItemStack
[31Jul2026 15:44:43.675] [main/DEBUG] [mixin/]: Preparing expandability.mixins.json (4)
[31Jul2026 15:44:43.675] [main/DEBUG] [mixin/]: Preparing expandability-common.mixins.json (9)
[31Jul2026 15:44:43.679] [main/DEBUG] [mixin/]: Preparing bettermineshafts.mixins.json (4)
[31Jul2026 15:44:43.679] [main/DEBUG] [mixin/]: Preparing bettermineshafts_forge.mixins.json (0)
[31Jul2026 15:44:43.679] [main/DEBUG] [mixin/]: Preparing sound_physics_remastered.mixins.json (11)
[31Jul2026 15:44:43.718] [main/DEBUG] [mixin/]: Prepared 173 mixins in 0.638 sec (3.7ms avg) (0ms load, 0ms transform, 0ms plugin)
[31Jul2026 15:44:43.724] [main/INFO] [MixinExtras|Service/]: Initializing MixinExtras via com.llamalad7.mixinextras.service.MixinExtrasServiceImpl(version=0.3.5).
[31Jul2026 15:44:43.725] [main/DEBUG] [mixin/]: Registering new injector for @SugarWrapper with com.llamalad7.mixinextras.sugar.impl.SugarWrapperInjectionInfo
[31Jul2026 15:44:43.725] [main/DEBUG] [mixin/]: Registering new injector for @FactoryRedirectWrapper with com.llamalad7.mixinextras.wrapper.factory.FactoryRedirectWrapperInjectionInfo
[31Jul2026 15:44:43.728] [main/DEBUG] [mixin/]: Mixing MinecraftServerMixin from citadel.mixins.json into net.minecraft.server.MinecraftServer
[31Jul2026 15:44:43.785] [main/DEBUG] [io.netty.util.internal.logging.InternalLoggerFactory/]: Using SLF4J as the default logging framework
[31Jul2026 15:44:43.787] [main/DEBUG] [io.netty.util.ResourceLeakDetector/]: -Dio.netty.leakDetection.level: simple
[31Jul2026 15:44:43.787] [main/DEBUG] [io.netty.util.ResourceLeakDetector/]: -Dio.netty.leakDetection.targetRecords: 4
[31Jul2026 15:44:43.914] [main/DEBUG] [oshi.util.FileUtil/]: No oshi.properties file found from ClassLoader cpw.mods.modlauncher.TransformingClassLoader@54336976
[31Jul2026 15:44:43.915] [main/DEBUG] [oshi.util.FileUtil/]: No oshi.properties file found from ClassLoader jdk.internal.loader.ClassLoaders$AppClassLoader@10f87f48
[31Jul2026 15:44:44.069] [main/DEBUG] [oshi.util.FileUtil/]: No oshi.architecture.properties file found from ClassLoader cpw.mods.modlauncher.TransformingClassLoader@54336976
[31Jul2026 15:44:44.069] [main/DEBUG] [oshi.util.FileUtil/]: No oshi.architecture.properties file found from ClassLoader jdk.internal.loader.ClassLoaders$AppClassLoader@10f87f48
[31Jul2026 15:44:44.355] [main/DEBUG] [mixin/]: Mixing server.MixinUtilBackgroundThread from DistantHorizons.forge.mixins.json into net.minecraft.Util
[31Jul2026 15:44:44.360] [main/DEBUG] [mixin/]: Mixing SuppressLogMixin from bettermineshafts.mixins.json into net.minecraft.Util
[31Jul2026 15:44:44.428] [main/DEBUG] [mixin/]: Mixing inject.MixinGameEvent from architectury-common.mixins.json into net.minecraft.world.level.gameevent.GameEvent
[31Jul2026 15:44:44.433] [main/DEBUG] [mixin/]: Mixing SoundEventMixin from sound_physics_remastered.mixins.json into net.minecraft.sounds.SoundEvent
[31Jul2026 15:44:44.449] [main/DEBUG] [mixin/]: Mixing inject.MixinBlock from architectury-common.mixins.json into net.minecraft.world.level.block.Block
[31Jul2026 15:44:44.460] [main/DEBUG] [mixin/]: Mixing fluidcollision.BlockStateBaseMixin from expandability-common.mixins.json into net.minecraft.world.level.block.state.BlockBehaviour$BlockStateBase
[31Jul2026 15:44:44.476] [main/DEBUG] [mixin/]: Mixing AccessorEntity from curios.mixins.json into net.minecraft.world.entity.Entity
[31Jul2026 15:44:44.480] [main/DEBUG] [mixin/]: Mixing EntityMixin from alexscaves.mixins.json into net.minecraft.world.entity.Entity
[31Jul2026 15:44:44.509] [main/DEBUG] [mixin/]: Mixing item.umbrella.EntityMixin from mixins.artifacts.common.json into net.minecraft.world.entity.Entity
[31Jul2026 15:44:44.510] [main/DEBUG] [mixin/]: Mixing item.wearable.aquadashers.EntityMixin from mixins.artifacts.common.json into net.minecraft.world.entity.Entity
[31Jul2026 15:44:44.520] [main/DEBUG] [mixin/]: Mixing server.MixinEntity from DistantHorizons.forge.mixins.json into net.minecraft.world.entity.Entity
[31Jul2026 15:44:44.520] [main/DEBUG] [mixin/]: Mixing swimming.EntityMixin from expandability.mixins.json into net.minecraft.world.entity.Entity
[31Jul2026 15:44:44.522] [main/DEBUG] [mixin/]: Mixing swimming.EntityMixin from expandability-common.mixins.json into net.minecraft.world.entity.Entity
[31Jul2026 15:44:44.532] [main/DEBUG] [mixin/]: Mixing EntityMixin from sound_physics_remastered.mixins.json into net.minecraft.world.entity.Entity
[31Jul2026 15:44:44.595] [main/DEBUG] [mixin/]: Mixing MixinLivingEntity from curios.mixins.json into net.minecraft.world.entity.LivingEntity
[31Jul2026 15:44:44.596] [main/DEBUG] [mixin/]: Mixing LivingEntityMixin from citadel.mixins.json into net.minecraft.world.entity.LivingEntity
[31Jul2026 15:44:44.599] [main/DEBUG] [mixin/]: Mixing LivingEntityMixin from alexscaves.mixins.json into net.minecraft.world.entity.LivingEntity
[31Jul2026 15:44:44.604] [main/DEBUG] [net.minecraftforge.coremod.transformer.CoreModBaseTransformer/COREMOD]: Transforming net/minecraft/world/effect/MobEffectInstance
[31Jul2026 15:44:44.611] [main/DEBUG] [mixin/]: Mixing accessors.LivingEntityAccessor from mixins.artifacts.common.json into net.minecraft.world.entity.LivingEntity
[31Jul2026 15:44:44.612] [main/DEBUG] [mixin/]: Mixing item.hurtsound.LivingEntityMixin from mixins.artifacts.common.json into net.minecraft.world.entity.LivingEntity
[31Jul2026 15:44:44.613] [main/DEBUG] [mixin/]: Mixing item.wearable.chorustotem.LivingEntityMixin from mixins.artifacts.common.json into net.minecraft.world.entity.LivingEntity
[31Jul2026 15:44:44.625] [main/DEBUG] [mixin/]: Mixing item.wearable.snowshoes.LivingEntityMixin from mixins.artifacts.forge.json into net.minecraft.world.entity.LivingEntity
[31Jul2026 15:44:44.626] [main/DEBUG] [mixin/]: Mixing PharaohKilledMixin from betterdeserttemples.mixins.json into net.minecraft.world.entity.LivingEntity
[31Jul2026 15:44:44.627] [main/DEBUG] [mixin/]: Renaming synthetic method lambda$betterdeserttemples_pharaohDie$0(Lnet/minecraft/server/level/ServerLevel;Lnet/minecraft/server/level/ServerPlayer;)V to md612877$lambda$betterdeserttemples_pharaohDie$0$0 in betterdeserttemples.mixins.json:PharaohKilledMixin
[31Jul2026 15:44:44.628] [main/DEBUG] [net.minecraftforge.coremod.transformer.CoreModBaseTransformer/COREMOD]: Transforming m_226857_ with desc (Lnet/minecraft/world/level/levelgen/structure/pieces/StructurePieceSerializationContext;Lnet/minecraft/nbt/CompoundTag;J)Lnet/minecraft/world/level/levelgen/structure/StructureStart;
[31Jul2026 15:44:44.649] [main/DEBUG] [mixin/]: Mixing LivingEntityMixin from simplyswords-common.mixins.json into net.minecraft.world.entity.LivingEntity
[31Jul2026 15:44:44.662] [main/DEBUG] [mixin/]: Mixing LivingEntityAccessor from bettercombat.mixins.json into net.minecraft.world.entity.LivingEntity
[31Jul2026 15:44:44.663] [main/DEBUG] [mixin/]: Mixing LivingEntityMixin from bettercombat.mixins.json into net.minecraft.world.entity.LivingEntity
[31Jul2026 15:44:44.663] [main/DEBUG] [mixin/]: Renaming synthetic method lambda$getAttributeValue_Inject$0(Lnet/minecraft/world/entity/player/Player;Lnet/minecraft/world/entity/ai/attributes/Attribute;Lorg/spongepowered/asm/mixin/injection/callback/CallbackInfoReturnable;)V to md612877$lambda$getAttributeValue_Inject$0$1 in bettercombat.mixins.json:LivingEntityMixin
[31Jul2026 15:44:44.665] [main/DEBUG] [mixin/]: Mixing swimming.LivingEntityMixin from expandability.mixins.json into net.minecraft.world.entity.LivingEntity
[31Jul2026 15:44:44.666] [main/DEBUG] [mixin/]: Mixing swimming.LivingEntityMixin from expandability-common.mixins.json into net.minecraft.world.entity.LivingEntity
[31Jul2026 15:44:44.732] [main/DEBUG] [net.minecraftforge.coremod.transformer.CoreModBaseTransformer/COREMOD]: Transforming m_46758_ with desc (Lnet/minecraft/core/BlockPos;)Z
[31Jul2026 15:44:44.750] [main/DEBUG] [net.minecraftforge.coremod.transformer.CoreModBaseTransformer/COREMOD]: Transforming m_46758_ with desc (Lnet/minecraft/core/BlockPos;)Z
[31Jul2026 15:44:44.752] [main/DEBUG] [mixin/]: Mixing LevelMixin from citadel.mixins.json into net.minecraft.world.level.Level
[31Jul2026 15:44:44.765] [main/DEBUG] [mixin/]: Mixing ServerLevelMixin from bettercaves.mixins.json into net.minecraft.server.level.ServerLevel
[31Jul2026 15:44:44.765] [main/DEBUG] [mixin/]: Mixing aquiferfix.ServerLevelMixin from bettercaves.mixins.json into net.minecraft.server.level.ServerLevel
[31Jul2026 15:44:44.767] [main/DEBUG] [mixin/]: Mixing ServerLevelMixin from citadel.mixins.json into net.minecraft.server.level.ServerLevel
[31Jul2026 15:44:44.767] [main/DEBUG] [mixin/]: Mixing ServerLevelMixin from betterdeserttemples.mixins.json into net.minecraft.server.level.ServerLevel
[31Jul2026 15:44:44.785] [main/DEBUG] [mixin/]: Mixing PlayerMixin from alexscaves.mixins.json into net.minecraft.world.entity.player.Player
[31Jul2026 15:44:44.787] [main/DEBUG] [mixin/]: Mixing PlayerEntityAccessor from bettercombat.mixins.json into net.minecraft.world.entity.player.Player
[31Jul2026 15:44:44.788] [main/DEBUG] [mixin/]: Mixing PlayerEntityMixin from bettercombat.mixins.json into net.minecraft.world.entity.player.Player
[31Jul2026 15:44:44.795] [main/DEBUG] [mixin/]: Mixing swimming.PlayerMixin from expandability-common.mixins.json into net.minecraft.world.entity.player.Player
[31Jul2026 15:44:44.837] [main/DEBUG] [mixin/]: Mixing inject.MixinFluid from architectury-common.mixins.json into net.minecraft.world.level.material.Fluid
[31Jul2026 15:44:44.841] [main/DEBUG] [net.minecraftforge.coremod.transformer.CoreModBaseTransformer/COREMOD]: Transforming m_41435_ with desc (Lnet/minecraft/world/level/Level;Lnet/minecraft/world/entity/player/Player;Lnet/minecraft/world/level/ClipContext$Fluid;)Lnet/minecraft/world/phys/BlockHitResult;
[31Jul2026 15:44:44.841] [main/DEBUG] [mixin/]: Mixing inject.MixinItem from architectury-common.mixins.json into net.minecraft.world.item.Item
[31Jul2026 15:44:44.848] [main/DEBUG] [net.minecraftforge.coremod.transformer.CoreModBaseTransformer/COREMOD]: Transforming net/minecraft/world/entity/EntityType
[31Jul2026 15:44:44.865] [main/DEBUG] [mixin/]: Mixing inject.MixinEntityType from architectury-common.mixins.json into net.minecraft.world.entity.EntityType
[31Jul2026 15:44:44.873] [main/DEBUG] [mixin/]: Mixing EnchantmentMixin from bettercombat.mixins.json into net.minecraft.world.item.enchantment.Enchantment
[31Jul2026 15:44:44.883] [main/DEBUG] [mixin/]: Mixing aquiferfix.ChunkStatusMixin from bettercaves.mixins.json into net.minecraft.world.level.chunk.ChunkStatus
[31Jul2026 15:44:44.883] [main/DEBUG] [mixin/]: Renaming synthetic method lambda$bettercaves$wrapAquiferContext$0(Lnet/minecraft/world/level/chunk/ChunkStatus$GenerationTask;Lnet/minecraft/world/level/chunk/ChunkStatus;Ljava/util/concurrent/Executor;Lnet/minecraft/server/level/ServerLevel;Lnet/minecraft/world/level/chunk/ChunkGenerator;Lnet/minecraft/world/level/levelgen/structure/templatesystem/StructureTemplateManager;Lnet/minecraft/server/level/ThreadedLevelLightEngine;Ljava/util/function/Function;Ljava/util/List;Lnet/minecraft/world/level/chunk/ChunkAccess;)Ljava/util/concurrent/CompletableFuture; to md612877$lambda$bettercaves$wrapAquiferContext$0$0 in bettercaves.mixins.json:aquiferfix.ChunkStatusMixin
[31Jul2026 15:44:44.883] [main/DEBUG] [mixin/]: Mixing ChunkStatusMixin from alexscaves.mixins.json into net.minecraft.world.level.chunk.ChunkStatus
[31Jul2026 15:44:44.946] [main/DEBUG] [mixin/]: Mixing ShapesMixin from creativecore.mixins.json into net.minecraft.world.phys.shapes.Shapes
[31Jul2026 15:44:44.963] [main/DEBUG] [mixin/]: Mixing VoxelShapeAccessor from creativecore.mixins.json into net.minecraft.world.phys.shapes.VoxelShape
[31Jul2026 15:44:45.045] [main/DEBUG] [net.minecraftforge.coremod.transformer.CoreModBaseTransformer/COREMOD]: Transforming net/minecraft/world/level/block/LiquidBlock
[31Jul2026 15:44:45.046] [main/DEBUG] [mixin/]: Mixing inject.MixinLiquidBlock from architectury-common.mixins.json into net.minecraft.world.level.block.LiquidBlock
[31Jul2026 15:44:45.063] [main/DEBUG] [net.minecraftforge.coremod.transformer.CoreModBaseTransformer/COREMOD]: Transforming m_7898_ with desc (Lnet/minecraft/world/level/block/state/BlockState;Lnet/minecraft/world/level/LevelReader;Lnet/minecraft/core/BlockPos;)Z
[31Jul2026 15:44:45.071] [main/DEBUG] [net.minecraftforge.coremod.transformer.CoreModBaseTransformer/COREMOD]: Transforming net/minecraft/world/level/block/StairBlock
[31Jul2026 15:44:45.121] [main/DEBUG] [net.minecraftforge.coremod.transformer.CoreModBaseTransformer/COREMOD]: Transforming net/minecraft/world/level/block/FlowerPotBlock
[31Jul2026 15:44:45.152] [main/DEBUG] [mixin/]: Mixing swimming.BubbleColumnBlockMixin from expandability-common.mixins.json into net.minecraft.world.level.block.BubbleColumnBlock
[31Jul2026 15:44:45.172] [main/DEBUG] [mixin/]: Mixing MixinPowderSnowBlock from curios.mixins.json into net.minecraft.world.level.block.PowderSnowBlock
[31Jul2026 15:44:45.214] [main/DEBUG] [mixin/]: Mixing FlowingFluidMixin from alexscaves.mixins.json into net.minecraft.world.level.material.FlowingFluid
[31Jul2026 15:44:45.274] [main/DEBUG] [mixin/]: Mixing FallingBlockEntityMixin from alexscaves.mixins.json into net.minecraft.world.entity.item.FallingBlockEntity
[31Jul2026 15:44:45.275] [main/DEBUG] [mixin/]: Mixing MixinFallingBlockEntity from architectury.mixins.json into net.minecraft.world.entity.item.FallingBlockEntity
[31Jul2026 15:44:45.576] [main/DEBUG] [mixin/]: Mixing PersistentTridentMixin from betteroceanmonuments.mixins.json into net.minecraft.world.entity.projectile.AbstractArrow
[31Jul2026 15:44:45.576] [main/DEBUG] [mixin/]: Mixing AbstractArrowMixin from alexscaves.mixins.json into net.minecraft.world.entity.projectile.AbstractArrow
[31Jul2026 15:44:45.581] [main/DEBUG] [net.minecraftforge.coremod.transformer.CoreModBaseTransformer/COREMOD]: Transforming m_226857_ with desc (Lnet/minecraft/world/level/levelgen/structure/pieces/StructurePieceSerializationContext;Lnet/minecraft/nbt/CompoundTag;J)Lnet/minecraft/world/level/levelgen/structure/StructureStart;
[31Jul2026 15:44:45.583] [main/DEBUG] [mixin/]: Mixing accessor.ProjectileAccessor from betteroceanmonuments.mixins.json into net.minecraft.world.entity.projectile.Projectile
[31Jul2026 15:44:45.595] [main/DEBUG] [mixin/]: Mixing MobMixin from alexscaves.mixins.json into net.minecraft.world.entity.Mob
[31Jul2026 15:44:45.596] [main/DEBUG] [mixin/]: Mixing accessors.MobAccessor from mixins.artifacts.common.json into net.minecraft.world.entity.Mob
[31Jul2026 15:44:45.612] [main/DEBUG] [mixin/]: Mixing MonsterMixin from alexscaves.mixins.json into net.minecraft.world.entity.monster.Monster
[31Jul2026 15:44:45.652] [main/DEBUG] [net.minecraftforge.coremod.transformer.CoreModBaseTransformer/COREMOD]: Transforming net/minecraft/world/item/ItemStack
[31Jul2026 15:44:45.652] [main/DEBUG] [mixin/]: Mixing ItemStackMixin from bettercombat.mixins.json into net.minecraft.world.item.ItemStack
[31Jul2026 15:44:45.886] [main/DEBUG] [mixin/]: Mixing SmithingMenuMixin from citadel.mixins.json into net.minecraft.world.inventory.SmithingMenu
[31Jul2026 15:44:45.963] [main/DEBUG] [mixin/]: Mixing MixinLightningBolt from architectury-common.mixins.json into net.minecraft.world.entity.LightningBolt
[31Jul2026 15:44:46.010] [main/DEBUG] [net.minecraftforge.coremod.transformer.CoreModBaseTransformer/COREMOD]: Transforming net/minecraft/world/entity/animal/frog/Tadpole
[31Jul2026 15:44:46.031] [main/DEBUG] [mixin/]: Mixing RangedWeaponItemMixin from bettercombat.mixins.json into net.minecraft.world.item.ProjectileWeaponItem
[31Jul2026 15:44:46.039] [main/DEBUG] [net.minecraftforge.coremod.transformer.CoreModBaseTransformer/COREMOD]: Transforming net/minecraft/world/item/BucketItem
[31Jul2026 15:44:46.039] [main/DEBUG] [mixin/]: Mixing inject.MixinBucketItem from architectury-common.mixins.json into net.minecraft.world.item.BucketItem
[31Jul2026 15:44:46.045] [main/DEBUG] [mixin/]: Mixing item.wearable.anglershat.FishingRodItemMixin from mixins.artifacts.common.json into net.minecraft.world.item.FishingRodItem
[31Jul2026 15:44:46.050] [main/DEBUG] [net.minecraftforge.coremod.transformer.CoreModBaseTransformer/COREMOD]: Transforming m_7373_ with desc (Lnet/minecraft/world/item/ItemStack;Lnet/minecraft/world/level/Level;Ljava/util/List;Lnet/minecraft/world/item/TooltipFlag;)V
[31Jul2026 15:44:46.058] [main/DEBUG] [mixin/]: Mixing MixinShearsItem from curios.mixins.json into net.minecraft.world.item.ShearsItem
[31Jul2026 15:44:46.064] [main/DEBUG] [net.minecraftforge.coremod.transformer.CoreModBaseTransformer/COREMOD]: Transforming m_7626_ with desc (Lnet/minecraft/world/item/ItemStack;)Lnet/minecraft/network/chat/Component;
[31Jul2026 15:44:46.085] [main/DEBUG] [mixin/]: Mixing inject.MixinItemProperties from architectury-common.mixins.json into net.minecraft.world.item.Item$Properties
[31Jul2026 15:44:46.099] [main/DEBUG] [mixin/]: Mixing AbstractMinecartMixin from alexscaves.mixins.json into net.minecraft.world.entity.vehicle.AbstractMinecart
[31Jul2026 15:44:46.137] [main/DEBUG] [mixin/]: Mixing ServerPlayerEntityTickMixin from yungsapi.mixins.json into net.minecraft.server.level.ServerPlayer
[31Jul2026 15:44:46.138] [main/DEBUG] [mixin/]: Mixing ServerPlayerTickMixin from betterdeserttemples.mixins.json into net.minecraft.server.level.ServerPlayer
[31Jul2026 15:44:46.140] [main/DEBUG] [mixin/]: Mixing server.MixinServerPlayer from DistantHorizons.forge.mixins.json into net.minecraft.server.level.ServerPlayer
[31Jul2026 15:44:46.140] [main/DEBUG] [mixin/]: Mixing ServerPlayerEntityMixin from simplyswords-common.mixins.json into net.minecraft.server.level.ServerPlayer
[31Jul2026 15:44:46.140] [main/DEBUG] [mixin/]: Renaming synthetic method lambda$simplyswords$tick$3(Lnet/minecraft/tags/TagKey;Lnet/minecraft/world/item/Item;)Z to md612877$lambda$simplyswords$tick$3$0 in simplyswords-common.mixins.json:ServerPlayerEntityMixin
[31Jul2026 15:44:46.140] [main/DEBUG] [mixin/]: Renaming synthetic method lambda$simplyswords$tick$2(Lnet/minecraft/tags/TagKey;Lnet/minecraft/world/item/Item;)Z to md612877$lambda$simplyswords$tick$2$1 in simplyswords-common.mixins.json:ServerPlayerEntityMixin
[31Jul2026 15:44:46.140] [main/DEBUG] [mixin/]: Renaming synthetic method lambda$simplyswords$tick$1(Lnet/minecraft/world/entity/player/Player;Lnet/minecraft/world/entity/Entity;)D to md612877$lambda$simplyswords$tick$1$2 in simplyswords-common.mixins.json:ServerPlayerEntityMixin
[31Jul2026 15:44:46.140] [main/DEBUG] [mixin/]: Renaming synthetic method lambda$simplyswords$tick$0(Lnet/minecraft/world/entity/player/Player;Lnet/minecraft/world/entity/Entity;)Z to md612877$lambda$simplyswords$tick$0$3 in simplyswords-common.mixins.json:ServerPlayerEntityMixin
[31Jul2026 15:44:46.173] [main/DEBUG] [net.minecraftforge.coremod.transformer.CoreModBaseTransformer/COREMOD]: Transforming m_7088_ with desc ()Z
[31Jul2026 15:44:46.639] [main/DEBUG] [net.minecraftforge.coremod.transformer.CoreModBaseTransformer/COREMOD]: Transforming net/minecraft/world/entity/monster/Spider
[31Jul2026 15:44:46.674] [main/DEBUG] [net.minecraftforge.coremod.transformer.CoreModBaseTransformer/COREMOD]: Transforming net/minecraft/world/entity/monster/Zombie
[31Jul2026 15:44:46.692] [main/DEBUG] [net.minecraftforge.coremod.transformer.CoreModBaseTransformer/COREMOD]: Transforming net/minecraft/world/entity/monster/ZombieVillager
[31Jul2026 15:44:46.727] [main/DEBUG] [net.minecraftforge.coremod.transformer.CoreModBaseTransformer/COREMOD]: Transforming net/minecraft/world/entity/monster/Evoker$EvokerSummonSpellGoal
[31Jul2026 15:44:46.744] [main/DEBUG] [mixin/]: Mixing FrogMixin from alexscaves.mixins.json into net.minecraft.world.entity.animal.frog.Frog
[31Jul2026 15:44:46.764] [main/DEBUG] [net.minecraftforge.coremod.transformer.CoreModBaseTransformer/COREMOD]: Transforming m_218868_ with desc ()Ljava/util/OptionalInt;
[31Jul2026 15:44:46.842] [main/DEBUG] [net.minecraftforge.coremod.transformer.CoreModBaseTransformer/COREMOD]: Transforming net/minecraft/world/entity/animal/horse/SkeletonTrapGoal
[31Jul2026 15:44:46.852] [main/DEBUG] [net.minecraftforge.coremod.transformer.CoreModBaseTransformer/COREMOD]: Transforming net/minecraft/world/entity/monster/Strider
[31Jul2026 15:44:46.929] [main/DEBUG] [net.minecraftforge.coremod.transformer.CoreModBaseTransformer/COREMOD]: Transforming net/minecraft/world/entity/npc/Villager
[31Jul2026 15:44:46.964] [main/DEBUG] [mixin/]: Mixing item.wearable.villagerhat.VillagerMixin from mixins.artifacts.common.json into net.minecraft.world.entity.npc.Villager
[31Jul2026 15:44:47.001] [main/DEBUG] [mixin/]: Mixing inject.MixinFoodPropertiesBuilder from architectury-common.mixins.json into net.minecraft.world.food.FoodProperties$Builder
[31Jul2026 15:44:47.003] [main/DEBUG] [net.minecraftforge.coremod.transformer.CoreModBaseTransformer/COREMOD]: Transforming net/minecraft/world/effect/MobEffectInstance
[31Jul2026 15:44:47.023] [main/DEBUG] [mixin/]: Mixing item.umbrella.server.ServerGamePacketListenerImplMixin from mixins.artifacts.common.json into net.minecraft.server.network.ServerGamePacketListenerImpl
[31Jul2026 15:44:47.024] [main/DEBUG] [mixin/]: Mixing ServerPlayNetworkHandlerMixin from bettercombat.mixins.json into net.minecraft.server.network.ServerGamePacketListenerImpl
[31Jul2026 15:44:47.024] [main/DEBUG] [mixin/]: Mixing swimming.server.ServerGamePacketListenerImplMixin from expandability-common.mixins.json into net.minecraft.server.network.ServerGamePacketListenerImpl
[31Jul2026 15:44:47.037] [main/DEBUG] [mixin/]: Mixing accessor.PotionBrewingAccessor from yungsapi.mixins.json into net.minecraft.world.item.alchemy.PotionBrewing
[31Jul2026 15:44:47.037] [main/DEBUG] [mixin/]: Renaming @Invoker method callAddMix(Lnet/minecraft/world/item/alchemy/Potion;Lnet/minecraft/world/item/Item;Lnet/minecraft/world/item/alchemy/Potion;)V to callAddMix_$md$612877$0 in yungsapi.mixins.json:accessor.PotionBrewingAccessor
[31Jul2026 15:44:47.070] [main/DEBUG] [mixin/]: Mixing SweepingEnchantmentMixin from bettercombat.mixins.json into net.minecraft.world.item.enchantment.SweepingEdgeEnchantment
[31Jul2026 15:44:47.091] [main/DEBUG] [mixin/]: Mixing accessor.StructureProcessorAccessor from betterdungeons.mixins.json into net.minecraft.world.level.levelgen.structure.templatesystem.StructureProcessor
[31Jul2026 15:44:47.091] [main/DEBUG] [mixin/]: Mixing accessor.StructureProcessorAccessor from betteroceanmonuments.mixins.json into net.minecraft.world.level.levelgen.structure.templatesystem.StructureProcessor
[31Jul2026 15:44:47.091] [main/DEBUG] [mixin/]: Mixing accessor.StructureProcessorAccessor from betterdeserttemples.mixins.json into net.minecraft.world.level.levelgen.structure.templatesystem.StructureProcessor
[31Jul2026 15:44:47.091] [main/DEBUG] [mixin/]: Unexpected: Registered method callGetType()Lnet/minecraft/world/level/levelgen/structure/templatesystem/StructureProcessorType; in net.minecraft.world.level.levelgen.structure.templatesystem.StructureProcessor was not merged
[31Jul2026 15:44:47.091] [main/DEBUG] [mixin/]: Unexpected: Registered method callGetType()Lnet/minecraft/world/level/levelgen/structure/templatesystem/StructureProcessorType; in net.minecraft.world.level.levelgen.structure.templatesystem.StructureProcessor was not merged
[31Jul2026 15:44:47.112] [main/DEBUG] [mixin/]: Mixing DisableVanillaMonumentsMixin from betteroceanmonuments.mixins.json into net.minecraft.world.level.chunk.ChunkGenerator
[31Jul2026 15:44:47.112] [main/DEBUG] [net.minecraftforge.coremod.transformer.CoreModBaseTransformer/COREMOD]: Transforming net/minecraft/world/level/levelgen/structure/Structure
[31Jul2026 15:44:47.115] [main/DEBUG] [mixin/]: Mixing aquiferfix.ChunkGeneratorMixin from bettercaves.mixins.json into net.minecraft.world.level.chunk.ChunkGenerator
[31Jul2026 15:44:47.115] [main/DEBUG] [mixin/]: Mixing ChunkGeneratorMixin from citadel.mixins.json into net.minecraft.world.level.chunk.ChunkGenerator
[31Jul2026 15:44:47.116] [main/DEBUG] [net.minecraftforge.coremod.transformer.CoreModBaseTransformer/COREMOD]: Transforming net/minecraft/world/level/biome/Biome
[31Jul2026 15:44:47.120] [main/DEBUG] [mixin/]: Mixing DisableVanillaStrongholdsMixin from betterstrongholds.mixins.json into net.minecraft.world.level.chunk.ChunkGenerator
[31Jul2026 15:44:47.121] [main/DEBUG] [mixin/]: Mixing DisableVanillaPyramidsMixin from betterdeserttemples.mixins.json into net.minecraft.world.level.chunk.ChunkGenerator
[31Jul2026 15:44:47.121] [main/DEBUG] [mixin/]: Mixing server.MixinChunkGenerator from DistantHorizons.forge.mixins.json into net.minecraft.world.level.chunk.ChunkGenerator
[31Jul2026 15:44:47.121] [main/DEBUG] [mixin/]: Mixing server.MixinTFChunkGenerator from DistantHorizons.forge.mixins.json into net.minecraft.world.level.chunk.ChunkGenerator
[31Jul2026 15:44:47.121] [main/DEBUG] [mixin/]: Mixing DisableVanillaFortressesMixin from betterfortresses.mixins.json into net.minecraft.world.level.chunk.ChunkGenerator
[31Jul2026 15:44:47.121] [main/DEBUG] [mixin/]: Mixing DisableVanillaMineshaftsMixin from bettermineshafts.mixins.json into net.minecraft.world.level.chunk.ChunkGenerator
[31Jul2026 15:44:47.131] [main/DEBUG] [bettercaves/]: WRAPPED GENERATION TASK FOR CHUNK STATUS
[31Jul2026 15:44:47.132] [main/DEBUG] [bettercaves/]: WRAPPED GENERATION TASK FOR CHUNK STATUS
[31Jul2026 15:44:47.132] [main/DEBUG] [bettercaves/]: WRAPPED GENERATION TASK FOR CHUNK STATUS
[31Jul2026 15:44:47.132] [main/DEBUG] [bettercaves/]: WRAPPED GENERATION TASK FOR CHUNK STATUS
[31Jul2026 15:44:47.132] [main/DEBUG] [bettercaves/]: WRAPPED GENERATION TASK FOR CHUNK STATUS
[31Jul2026 15:44:47.133] [main/DEBUG] [bettercaves/]: WRAPPED GENERATION TASK FOR CHUNK STATUS
[31Jul2026 15:44:47.133] [main/DEBUG] [bettercaves/]: WRAPPED GENERATION TASK FOR CHUNK STATUS
[31Jul2026 15:44:47.133] [main/DEBUG] [bettercaves/]: WRAPPED GENERATION TASK FOR CHUNK STATUS
[31Jul2026 15:44:47.134] [main/DEBUG] [bettercaves/]: WRAPPED GENERATION TASK FOR CHUNK STATUS
[31Jul2026 15:44:47.135] [main/DEBUG] [bettercaves/]: WRAPPED GENERATION TASK FOR CHUNK STATUS
[31Jul2026 15:44:47.136] [main/DEBUG] [bettercaves/]: WRAPPED GENERATION TASK FOR CHUNK STATUS
[31Jul2026 15:44:47.136] [main/DEBUG] [bettercaves/]: WRAPPED GENERATION TASK FOR CHUNK STATUS
[31Jul2026 15:44:47.157] [main/DEBUG] [mixin/]: Mixing MixinInventory from curios.mixins.json into net.minecraft.world.entity.player.Inventory
[31Jul2026 15:44:47.247] [main/DEBUG] [mixin/]: Mixing EnchantRandomlyFunctionMixin from alexscaves.mixins.json into net.minecraft.world.level.storage.loot.functions.EnchantRandomlyFunction
[31Jul2026 15:44:47.248] [main/DEBUG] [mixin/]: Renaming synthetic method lambda$ac_enchantItem$0(ZLnet/minecraft/world/item/ItemStack;Lnet/minecraft/world/item/enchantment/Enchantment;)Z to md612877$lambda$ac_enchantItem$0$0 in alexscaves.mixins.json:EnchantRandomlyFunctionMixin
[31Jul2026 15:44:47.260] [main/DEBUG] [mixin/]: Mixing MixinApplyBonusCount from curios.mixins.json into net.minecraft.world.level.storage.loot.functions.ApplyBonusCount
[31Jul2026 15:44:47.354] [main/DEBUG] [mixin/]: Mixing MultifaceGrowthFeatureMixin from alexscaves.mixins.json into net.minecraft.world.level.levelgen.feature.MultifaceGrowthFeature
[31Jul2026 15:44:47.356] [main/DEBUG] [mixin/]: Mixing NoMagmaInStructuresMixin from betteroceanmonuments.mixins.json into net.minecraft.world.level.levelgen.feature.UnderwaterMagmaFeature
[31Jul2026 15:44:47.361] [main/DEBUG] [mixin/]: Mixing SeagrassFeatureMixin from alexscaves.mixins.json into net.minecraft.world.level.levelgen.feature.SeagrassFeature
[31Jul2026 15:44:47.361] [main/DEBUG] [mixin/]: Mixing KelpFeatureMixin from alexscaves.mixins.json into net.minecraft.world.level.levelgen.feature.KelpFeature
[31Jul2026 15:44:47.365] [main/DEBUG] [mixin/]: Mixing CoralFeatureMixin from alexscaves.mixins.json into net.minecraft.world.level.levelgen.feature.CoralFeature
[31Jul2026 15:44:47.368] [main/DEBUG] [mixin/]: Mixing NoBasaltColumnsInStructuresMixin from betterdungeons.mixins.json into net.minecraft.world.level.levelgen.feature.BasaltColumnsFeature
[31Jul2026 15:44:47.369] [main/DEBUG] [mixin/]: Mixing NoBasaltColumnsInStructuresMixin from betterfortresses.mixins.json into net.minecraft.world.level.levelgen.feature.BasaltColumnsFeature
[31Jul2026 15:44:47.371] [main/DEBUG] [mixin/]: Mixing NoDeltasInStructuresMixin from betterdungeons.mixins.json into net.minecraft.world.level.levelgen.feature.DeltaFeature
[31Jul2026 15:44:47.371] [main/DEBUG] [mixin/]: Mixing NoDeltasInStructuresMixin from betterfortresses.mixins.json into net.minecraft.world.level.levelgen.feature.DeltaFeature
[31Jul2026 15:44:47.480] [main/DEBUG] [net.minecraftforge.coremod.transformer.CoreModBaseTransformer/COREMOD]: Transforming net/minecraft/world/level/levelgen/structure/Structure
[31Jul2026 15:44:47.523] [main/DEBUG] [net.minecraftforge.coremod.transformer.CoreModBaseTransformer/COREMOD]: Transforming net/minecraft/world/level/levelgen/structure/structures/OceanRuinPieces$OceanRuinPiece
[31Jul2026 15:44:47.532] [main/DEBUG] [net.minecraftforge.coremod.transformer.CoreModBaseTransformer/COREMOD]: Transforming net/minecraft/world/level/levelgen/structure/structures/SwampHutPiece
[31Jul2026 15:44:47.535] [main/DEBUG] [mixin/]: Mixing SwampHutPieceMixin from alexscaves.mixins.json into net.minecraft.world.level.levelgen.structure.structures.SwampHutPiece
[31Jul2026 15:44:47.538] [main/WARN] [mixin/]: Mixin alexscaves.mixins.json:SwampHutPieceMixin has multiple constructors, (Lnet/minecraft/world/level/levelgen/structure/pieces/StructurePieceType;IIIIIILnet/minecraft/core/Direction;)V was selected

[31Jul2026 15:44:47.542] [main/DEBUG] [net.minecraftforge.coremod.transformer.CoreModBaseTransformer/COREMOD]: Transforming net/minecraft/world/level/levelgen/structure/structures/OceanMonumentPieces$OceanMonumentPiece
[31Jul2026 15:44:47.558] [main/DEBUG] [net.minecraftforge.coremod.transformer.CoreModBaseTransformer/COREMOD]: Transforming net/minecraft/world/level/levelgen/structure/structures/WoodlandMansionPieces$WoodlandMansionPiece
[31Jul2026 15:44:47.576] [main/DEBUG] [mixin/]: Mixing JigsawStructureMixin from alexscaves.mixins.json into net.minecraft.world.level.levelgen.structure.structures.JigsawStructure
[31Jul2026 15:44:47.578] [main/DEBUG] [mixin/]: Mixing accessor.StructureTemplatePoolAccessor from yungsapi.mixins.json into net.minecraft.world.level.levelgen.structure.pools.StructureTemplatePool
[31Jul2026 15:44:47.579] [main/DEBUG] [mixin/]: Mixing IncreaseStructureWeightLimitMixinForge from yungsapi_forge.mixins.json into net.minecraft.world.level.levelgen.structure.pools.StructureTemplatePool
[31Jul2026 15:44:47.588] [main/DEBUG] [mixin/]: Mixing OceanMonumentStructureMixin from alexscaves.mixins.json into net.minecraft.world.level.levelgen.structure.structures.OceanMonumentStructure
[31Jul2026 15:44:47.594] [main/DEBUG] [mixin/]: Mixing ShipwreckStructureMixin from alexscaves.mixins.json into net.minecraft.world.level.levelgen.structure.structures.ShipwreckStructure
[31Jul2026 15:44:47.644] [main/DEBUG] [mixin/]: Mixing BiomeSourceMixin from alexscaves.mixins.json into net.minecraft.world.level.biome.BiomeSource
[31Jul2026 15:44:47.650] [main/DEBUG] [net.minecraftforge.coremod.transformer.CoreModBaseTransformer/COREMOD]: Transforming net/minecraft/world/level/biome/Biome
[31Jul2026 15:44:47.673] [main/DEBUG] [mixin/]: Mixing MultiNoiseBiomeSourceMixin from alexscaves.mixins.json into net.minecraft.world.level.biome.MultiNoiseBiomeSource
[31Jul2026 15:44:47.689] [main/DEBUG] [mixin/]: Mixing ChunkGeneratorMixin from bettercaves.mixins.json into net.minecraft.world.level.levelgen.NoiseBasedChunkGenerator
[31Jul2026 15:44:47.689] [main/DEBUG] [mixin/]: Mixing aquiferfix.NoiseBasedChunkGeneratorMixin from bettercaves.mixins.json into net.minecraft.world.level.levelgen.NoiseBasedChunkGenerator
[31Jul2026 15:44:47.696] [main/DEBUG] [mixin/]: Mixing NoiseGeneratorSettingsMixin from citadel.mixins.json into net.minecraft.world.level.levelgen.NoiseGeneratorSettings
[31Jul2026 15:44:47.707] [main/DEBUG] [mixin/]: Mixing FlatLevelSourceMixin from bettercaves.mixins.json into net.minecraft.world.level.levelgen.FlatLevelSource
[31Jul2026 15:44:47.753] [main/DEBUG] [mixin/]: Mixing accessor.SinglePoolElementAccessor from yungsapi.mixins.json into net.minecraft.world.level.levelgen.structure.pools.SinglePoolElement
[31Jul2026 15:44:47.756] [main/DEBUG] [mixin/]: Mixing accessor.ListPoolElementAccessor from yungsapi.mixins.json into net.minecraft.world.level.levelgen.structure.pools.ListPoolElement
[31Jul2026 15:44:47.758] [main/DEBUG] [mixin/]: Mixing accessor.FeaturePoolElementAccessor from yungsapi.mixins.json into net.minecraft.world.level.levelgen.structure.pools.FeaturePoolElement
[31Jul2026 15:44:47.829] [main/DEBUG] [io.netty.util.internal.PlatformDependent0/]: -Dio.netty.noUnsafe: false
[31Jul2026 15:44:47.829] [main/DEBUG] [io.netty.util.internal.PlatformDependent0/]: Java version: 17
[31Jul2026 15:44:47.829] [main/DEBUG] [io.netty.util.internal.PlatformDependent0/]: sun.misc.Unsafe.theUnsafe: available
[31Jul2026 15:44:47.829] [main/DEBUG] [io.netty.util.internal.PlatformDependent0/]: sun.misc.Unsafe.copyMemory: available
[31Jul2026 15:44:47.829] [main/DEBUG] [io.netty.util.internal.PlatformDependent0/]: sun.misc.Unsafe.storeFence: available
[31Jul2026 15:44:47.830] [main/DEBUG] [io.netty.util.internal.PlatformDependent0/]: java.nio.Buffer.address: available
[31Jul2026 15:44:47.830] [main/DEBUG] [io.netty.util.internal.PlatformDependent0/]: direct buffer constructor: unavailable
java.lang.UnsupportedOperationException: Reflective setAccessible(true) disabled
	at io.netty.util.internal.ReflectionUtil.trySetAccessible(ReflectionUtil.java:31) ~[netty-common-4.1.82.Final.jar%2382!/:4.1.82.Final]
	at io.netty.util.internal.PlatformDependent0$5.run(PlatformDependent0.java:288) ~[netty-common-4.1.82.Final.jar%2382!/:4.1.82.Final]
	at java.security.AccessController.doPrivileged(AccessController.java:318) ~[?:?]
	at io.netty.util.internal.PlatformDependent0.<clinit>(PlatformDependent0.java:282) ~[netty-common-4.1.82.Final.jar%2382!/:4.1.82.Final]
	at io.netty.util.internal.PlatformDependent.isAndroid(PlatformDependent.java:333) ~[netty-common-4.1.82.Final.jar%2382!/:4.1.82.Final]
	at io.netty.util.internal.PlatformDependent.<clinit>(PlatformDependent.java:88) ~[netty-common-4.1.82.Final.jar%2382!/:4.1.82.Final]
	at io.netty.util.ConstantPool.<init>(ConstantPool.java:34) ~[netty-common-4.1.82.Final.jar%2382!/:4.1.82.Final]
	at io.netty.util.AttributeKey$1.<init>(AttributeKey.java:27) ~[netty-common-4.1.82.Final.jar%2382!/:4.1.82.Final]
	at io.netty.util.AttributeKey.<clinit>(AttributeKey.java:27) ~[netty-common-4.1.82.Final.jar%2382!/:4.1.82.Final]
	at net.minecraftforge.network.NetworkConstants.<clinit>(NetworkConstants.java:34) ~[forge-1.20.1-47.4.10-universal.jar%23158!/:?]
	at net.minecraftforge.network.NetworkHooks.init(NetworkHooks.java:52) ~[forge-1.20.1-47.4.10-universal.jar%23158!/:?]
	at net.minecraft.server.Bootstrap.m_135870_(Bootstrap.java:62) ~[server-1.20.1-20230612.114412-srg.jar%23153!/:?]
	at net.minecraft.server.Main.main(Main.java:121) ~[server-1.20.1-20230612.114412-srg.jar%23153!/:?]
	at jdk.internal.reflect.NativeMethodAccessorImpl.invoke0(Native Method) ~[?:?]
	at jdk.internal.reflect.NativeMethodAccessorImpl.invoke(NativeMethodAccessorImpl.java:77) ~[?:?]
	at jdk.internal.reflect.DelegatingMethodAccessorImpl.invoke(DelegatingMethodAccessorImpl.java:43) ~[?:?]
	at java.lang.reflect.Method.invoke(Method.java:569) ~[?:?]
	at net.minecraftforge.fml.loading.targets.CommonLaunchHandler.runTarget(CommonLaunchHandler.java:111) ~[fmlloader-1.20.1-47.4.10.jar%2369!/:?]
	at net.minecraftforge.fml.loading.targets.CommonLaunchHandler.serverService(CommonLaunchHandler.java:103) ~[fmlloader-1.20.1-47.4.10.jar%2369!/:?]
	at net.minecraftforge.fml.loading.targets.CommonServerLaunchHandler.lambda$makeService$0(CommonServerLaunchHandler.java:27) ~[fmlloader-1.20.1-47.4.10.jar%2369!/:?]
	at cpw.mods.modlauncher.LaunchServiceHandlerDecorator.launch(LaunchServiceHandlerDecorator.java:30) ~[modlauncher-10.0.9.jar%2355!/:?]
	at cpw.mods.modlauncher.LaunchServiceHandler.launch(LaunchServiceHandler.java:53) ~[modlauncher-10.0.9.jar%2355!/:?]
	at cpw.mods.modlauncher.LaunchServiceHandler.launch(LaunchServiceHandler.java:71) ~[modlauncher-10.0.9.jar%2355!/:?]
	at cpw.mods.modlauncher.Launcher.run(Launcher.java:108) ~[modlauncher-10.0.9.jar%2355!/:?]
	at cpw.mods.modlauncher.Launcher.main(Launcher.java:78) ~[modlauncher-10.0.9.jar%2355!/:?]
	at cpw.mods.modlauncher.BootstrapLaunchConsumer.accept(BootstrapLaunchConsumer.java:26) ~[modlauncher-10.0.9.jar%2355!/:?]
	at cpw.mods.modlauncher.BootstrapLaunchConsumer.accept(BootstrapLaunchConsumer.java:23) ~[modlauncher-10.0.9.jar%2355!/:?]
	at cpw.mods.bootstraplauncher.BootstrapLauncher.main(BootstrapLauncher.java:141) ~[bootstraplauncher-1.1.2.jar:?]
[31Jul2026 15:44:47.831] [main/DEBUG] [io.netty.util.internal.PlatformDependent0/]: java.nio.Bits.unaligned: available, true
[31Jul2026 15:44:47.831] [main/DEBUG] [io.netty.util.internal.PlatformDependent0/]: jdk.internal.misc.Unsafe.allocateUninitializedArray(int): unavailable
java.lang.IllegalAccessException: class io.netty.util.internal.PlatformDependent0$7 (in module io.netty.common) cannot access class jdk.internal.misc.Unsafe (in module java.base) because module java.base does not export jdk.internal.misc to module io.netty.common
	at jdk.internal.reflect.Reflection.newIllegalAccessException(Reflection.java:392) ~[?:?]
	at java.lang.reflect.AccessibleObject.checkAccess(AccessibleObject.java:674) ~[?:?]
	at java.lang.reflect.Method.invoke(Method.java:561) ~[?:?]
	at io.netty.util.internal.PlatformDependent0$7.run(PlatformDependent0.java:410) ~[netty-common-4.1.82.Final.jar%2382!/:4.1.82.Final]
	at java.security.AccessController.doPrivileged(AccessController.java:318) ~[?:?]
	at io.netty.util.internal.PlatformDependent0.<clinit>(PlatformDependent0.java:401) ~[netty-common-4.1.82.Final.jar%2382!/:4.1.82.Final]
	at io.netty.util.internal.PlatformDependent.isAndroid(PlatformDependent.java:333) ~[netty-common-4.1.82.Final.jar%2382!/:4.1.82.Final]
	at io.netty.util.internal.PlatformDependent.<clinit>(PlatformDependent.java:88) ~[netty-common-4.1.82.Final.jar%2382!/:4.1.82.Final]
	at io.netty.util.ConstantPool.<init>(ConstantPool.java:34) ~[netty-common-4.1.82.Final.jar%2382!/:4.1.82.Final]
	at io.netty.util.AttributeKey$1.<init>(AttributeKey.java:27) ~[netty-common-4.1.82.Final.jar%2382!/:4.1.82.Final]
	at io.netty.util.AttributeKey.<clinit>(AttributeKey.java:27) ~[netty-common-4.1.82.Final.jar%2382!/:4.1.82.Final]
	at net.minecraftforge.network.NetworkConstants.<clinit>(NetworkConstants.java:34) ~[forge-1.20.1-47.4.10-universal.jar%23158!/:?]
	at net.minecraftforge.network.NetworkHooks.init(NetworkHooks.java:52) ~[forge-1.20.1-47.4.10-universal.jar%23158!/:?]
	at net.minecraft.server.Bootstrap.m_135870_(Bootstrap.java:62) ~[server-1.20.1-20230612.114412-srg.jar%23153!/:?]
	at net.minecraft.server.Main.main(Main.java:121) ~[server-1.20.1-20230612.114412-srg.jar%23153!/:?]
	at jdk.internal.reflect.NativeMethodAccessorImpl.invoke0(Native Method) ~[?:?]
	at jdk.internal.reflect.NativeMethodAccessorImpl.invoke(NativeMethodAccessorImpl.java:77) ~[?:?]
	at jdk.internal.reflect.DelegatingMethodAccessorImpl.invoke(DelegatingMethodAccessorImpl.java:43) ~[?:?]
	at java.lang.reflect.Method.invoke(Method.java:569) ~[?:?]
	at net.minecraftforge.fml.loading.targets.CommonLaunchHandler.runTarget(CommonLaunchHandler.java:111) ~[fmlloader-1.20.1-47.4.10.jar%2369!/:?]
	at net.minecraftforge.fml.loading.targets.CommonLaunchHandler.serverService(CommonLaunchHandler.java:103) ~[fmlloader-1.20.1-47.4.10.jar%2369!/:?]
	at net.minecraftforge.fml.loading.targets.CommonServerLaunchHandler.lambda$makeService$0(CommonServerLaunchHandler.java:27) ~[fmlloader-1.20.1-47.4.10.jar%2369!/:?]
	at cpw.mods.modlauncher.LaunchServiceHandlerDecorator.launch(LaunchServiceHandlerDecorator.java:30) ~[modlauncher-10.0.9.jar%2355!/:?]
	at cpw.mods.modlauncher.LaunchServiceHandler.launch(LaunchServiceHandler.java:53) ~[modlauncher-10.0.9.jar%2355!/:?]
	at cpw.mods.modlauncher.LaunchServiceHandler.launch(LaunchServiceHandler.java:71) ~[modlauncher-10.0.9.jar%2355!/:?]
	at cpw.mods.modlauncher.Launcher.run(Launcher.java:108) ~[modlauncher-10.0.9.jar%2355!/:?]
	at cpw.mods.modlauncher.Launcher.main(Launcher.java:78) ~[modlauncher-10.0.9.jar%2355!/:?]
	at cpw.mods.modlauncher.BootstrapLaunchConsumer.accept(BootstrapLaunchConsumer.java:26) ~[modlauncher-10.0.9.jar%2355!/:?]
	at cpw.mods.modlauncher.BootstrapLaunchConsumer.accept(BootstrapLaunchConsumer.java:23) ~[modlauncher-10.0.9.jar%2355!/:?]
	at cpw.mods.bootstraplauncher.BootstrapLauncher.main(BootstrapLauncher.java:141) ~[bootstraplauncher-1.1.2.jar:?]
[31Jul2026 15:44:47.832] [main/DEBUG] [io.netty.util.internal.PlatformDependent0/]: java.nio.DirectByteBuffer.<init>(long, int): unavailable
[31Jul2026 15:44:47.832] [main/DEBUG] [io.netty.util.internal.PlatformDependent/]: sun.misc.Unsafe: available
[31Jul2026 15:44:47.832] [main/DEBUG] [io.netty.util.internal.PlatformDependent/]: maxDirectMemory: 8355053568 bytes (maybe)
[31Jul2026 15:44:47.832] [main/DEBUG] [io.netty.util.internal.PlatformDependent/]: -Dio.netty.tmpdir: C:\Users\Natcel\AppData\Local\Temp (java.io.tmpdir)
[31Jul2026 15:44:47.832] [main/DEBUG] [io.netty.util.internal.PlatformDependent/]: -Dio.netty.bitMode: 64 (sun.arch.data.model)
[31Jul2026 15:44:47.833] [main/DEBUG] [io.netty.util.internal.PlatformDependent/]: Platform: Windows
[31Jul2026 15:44:47.833] [main/DEBUG] [io.netty.util.internal.PlatformDependent/]: -Dio.netty.maxDirectMemory: -1 bytes
[31Jul2026 15:44:47.833] [main/DEBUG] [io.netty.util.internal.PlatformDependent/]: -Dio.netty.uninitializedArrayAllocationThreshold: -1
[31Jul2026 15:44:47.834] [main/DEBUG] [io.netty.util.internal.CleanerJava9/]: java.nio.ByteBuffer.cleaner(): available
[31Jul2026 15:44:47.834] [main/DEBUG] [io.netty.util.internal.PlatformDependent/]: -Dio.netty.noPreferDirect: false
[31Jul2026 15:44:47.876] [main/DEBUG] [net.minecraftforge.network.NetworkHooks/]: Loading Network data for FML net version: FML3
[31Jul2026 15:44:47.892] [main/DEBUG] [net.minecraftforge.common.ForgeI18n/CORE]: Loading I18N data entries: 6434
[31Jul2026 15:44:47.907] [main/DEBUG] [net.minecraftforge.fml.ModWorkManager/LOADING]: Using 12 threads for parallel mod-loading
[31Jul2026 15:44:47.911] [main/DEBUG] [net.minecraftforge.fml.javafmlmod.FMLJavaModLanguageProvider/LOADING]: Loading FMLModContainer from classloader cpw.mods.modlauncher.TransformingClassLoader@54336976 - got cpw.mods.cl.ModuleClassLoader@4d6f197e
[31Jul2026 15:44:47.912] [main/DEBUG] [net.minecraftforge.fml.javafmlmod.FMLModContainer/LOADING]: Creating FMLModContainer instance for com.yungnickyoung.minecraft.betterdungeons.BetterDungeonsForge
[31Jul2026 15:44:47.913] [main/DEBUG] [net.minecraftforge.fml.javafmlmod.FMLJavaModLanguageProvider/LOADING]: Loading FMLModContainer from classloader cpw.mods.modlauncher.TransformingClassLoader@54336976 - got cpw.mods.cl.ModuleClassLoader@4d6f197e
[31Jul2026 15:44:47.913] [main/DEBUG] [net.minecraftforge.fml.javafmlmod.FMLModContainer/LOADING]: Creating FMLModContainer instance for team.creative.ambientsounds.AmbientSounds
[31Jul2026 15:44:47.914] [main/DEBUG] [net.minecraftforge.fml.javafmlmod.FMLJavaModLanguageProvider/LOADING]: Loading FMLModContainer from classloader cpw.mods.modlauncher.TransformingClassLoader@54336976 - got cpw.mods.cl.ModuleClassLoader@4d6f197e
[31Jul2026 15:44:47.914] [main/DEBUG] [net.minecraftforge.fml.javafmlmod.FMLModContainer/LOADING]: Creating FMLModContainer instance for dev.kosmx.playerAnim.forge.ForgeModInterface
[31Jul2026 15:44:47.914] [main/DEBUG] [net.minecraftforge.fml.javafmlmod.FMLJavaModLanguageProvider/LOADING]: Loading FMLModContainer from classloader cpw.mods.modlauncher.TransformingClassLoader@54336976 - got cpw.mods.cl.ModuleClassLoader@4d6f197e
[31Jul2026 15:44:47.914] [main/DEBUG] [net.minecraftforge.fml.javafmlmod.FMLModContainer/LOADING]: Creating FMLModContainer instance for team.creative.creativecore.CreativeCore
[31Jul2026 15:44:47.915] [main/DEBUG] [net.minecraftforge.fml.javafmlmod.FMLJavaModLanguageProvider/LOADING]: Loading FMLModContainer from classloader cpw.mods.modlauncher.TransformingClassLoader@54336976 - got cpw.mods.cl.ModuleClassLoader@4d6f197e
[31Jul2026 15:44:47.915] [main/DEBUG] [net.minecraftforge.fml.javafmlmod.FMLModContainer/LOADING]: Creating FMLModContainer instance for com.yungnickyoung.minecraft.betteroceanmonuments.BetterOceanMonumentsForge
[31Jul2026 15:44:47.916] [main/DEBUG] [net.minecraftforge.fml.javafmlmod.FMLJavaModLanguageProvider/LOADING]: Loading FMLModContainer from classloader cpw.mods.modlauncher.TransformingClassLoader@54336976 - got cpw.mods.cl.ModuleClassLoader@4d6f197e
[31Jul2026 15:44:47.916] [main/DEBUG] [net.minecraftforge.fml.javafmlmod.FMLModContainer/LOADING]: Creating FMLModContainer instance for top.theillusivec4.curios.Curios
[31Jul2026 15:44:47.916] [main/DEBUG] [net.minecraftforge.fml.javafmlmod.FMLJavaModLanguageProvider/LOADING]: Loading FMLModContainer from classloader cpw.mods.modlauncher.TransformingClassLoader@54336976 - got cpw.mods.cl.ModuleClassLoader@4d6f197e
[31Jul2026 15:44:47.916] [main/DEBUG] [net.minecraftforge.fml.javafmlmod.FMLModContainer/LOADING]: Creating FMLModContainer instance for com.yungnickyoung.minecraft.bettercaves.BetterCavesForge
[31Jul2026 15:44:47.916] [main/DEBUG] [net.minecraftforge.fml.javafmlmod.FMLJavaModLanguageProvider/LOADING]: Loading FMLModContainer from classloader cpw.mods.modlauncher.TransformingClassLoader@54336976 - got cpw.mods.cl.ModuleClassLoader@4d6f197e
[31Jul2026 15:44:47.916] [main/DEBUG] [net.minecraftforge.fml.javafmlmod.FMLModContainer/LOADING]: Creating FMLModContainer instance for com.github.alexthe666.citadel.Citadel
[31Jul2026 15:44:47.917] [main/DEBUG] [net.minecraftforge.fml.javafmlmod.FMLJavaModLanguageProvider/LOADING]: Loading FMLModContainer from classloader cpw.mods.modlauncher.TransformingClassLoader@54336976 - got cpw.mods.cl.ModuleClassLoader@4d6f197e
[31Jul2026 15:44:47.917] [main/DEBUG] [net.minecraftforge.fml.javafmlmod.FMLModContainer/LOADING]: Creating FMLModContainer instance for com.github.alexmodguy.alexscaves.AlexsCaves
[31Jul2026 15:44:47.918] [main/DEBUG] [net.minecraftforge.fml.javafmlmod.FMLJavaModLanguageProvider/LOADING]: Loading FMLModContainer from classloader cpw.mods.modlauncher.TransformingClassLoader@54336976 - got cpw.mods.cl.ModuleClassLoader@4d6f197e
[31Jul2026 15:44:47.918] [main/DEBUG] [net.minecraftforge.fml.javafmlmod.FMLModContainer/LOADING]: Creating FMLModContainer instance for com.github.alexthe666.alexsmobs.AlexsMobs
[31Jul2026 15:44:47.919] [main/DEBUG] [net.minecraftforge.fml.javafmlmod.FMLJavaModLanguageProvider/LOADING]: Loading FMLModContainer from classloader cpw.mods.modlauncher.TransformingClassLoader@54336976 - got cpw.mods.cl.ModuleClassLoader@4d6f197e
[31Jul2026 15:44:47.919] [main/DEBUG] [net.minecraftforge.fml.javafmlmod.FMLModContainer/LOADING]: Creating FMLModContainer instance for artifacts.forge.ArtifactsForge
[31Jul2026 15:44:47.919] [main/DEBUG] [net.minecraftforge.fml.javafmlmod.FMLJavaModLanguageProvider/LOADING]: Loading FMLModContainer from classloader cpw.mods.modlauncher.TransformingClassLoader@54336976 - got cpw.mods.cl.ModuleClassLoader@4d6f197e
[31Jul2026 15:44:47.919] [main/DEBUG] [net.minecraftforge.fml.javafmlmod.FMLModContainer/LOADING]: Creating FMLModContainer instance for com.yungnickyoung.minecraft.yungsapi.YungsApiForge
[31Jul2026 15:44:47.920] [main/DEBUG] [net.minecraftforge.fml.javafmlmod.FMLJavaModLanguageProvider/LOADING]: Loading FMLModContainer from classloader cpw.mods.modlauncher.TransformingClassLoader@54336976 - got cpw.mods.cl.ModuleClassLoader@4d6f197e
[31Jul2026 15:44:47.920] [main/DEBUG] [net.minecraftforge.fml.javafmlmod.FMLModContainer/LOADING]: Creating FMLModContainer instance for com.llamalad7.mixinextras.platform.forge.MixinExtrasMod
[31Jul2026 15:44:47.920] [main/DEBUG] [net.minecraftforge.fml.javafmlmod.FMLJavaModLanguageProvider/LOADING]: Loading FMLModContainer from classloader cpw.mods.modlauncher.TransformingClassLoader@54336976 - got cpw.mods.cl.ModuleClassLoader@4d6f197e
[31Jul2026 15:44:47.920] [main/DEBUG] [net.minecraftforge.fml.javafmlmod.FMLModContainer/LOADING]: Creating FMLModContainer instance for com.yungnickyoung.minecraft.betterstrongholds.BetterStrongholdsForge
[31Jul2026 15:44:47.921] [main/DEBUG] [net.minecraftforge.fml.javafmlmod.FMLJavaModLanguageProvider/LOADING]: Loading FMLModContainer from classloader cpw.mods.modlauncher.TransformingClassLoader@54336976 - got cpw.mods.cl.ModuleClassLoader@4d6f197e
[31Jul2026 15:44:47.921] [main/DEBUG] [net.minecraftforge.fml.javafmlmod.FMLModContainer/LOADING]: Creating FMLModContainer instance for com.yungnickyoung.minecraft.betterdeserttemples.BetterDesertTemplesForge
[31Jul2026 15:44:47.921] [main/DEBUG] [net.minecraftforge.fml.javafmlmod.FMLJavaModLanguageProvider/LOADING]: Loading FMLModContainer from classloader cpw.mods.modlauncher.TransformingClassLoader@54336976 - got cpw.mods.cl.ModuleClassLoader@4d6f197e
[31Jul2026 15:44:47.921] [main/DEBUG] [net.minecraftforge.fml.javafmlmod.FMLModContainer/LOADING]: Creating FMLModContainer instance for dev.architectury.forge.ArchitecturyForge
[31Jul2026 15:44:47.922] [main/DEBUG] [net.minecraftforge.fml.javafmlmod.FMLJavaModLanguageProvider/LOADING]: Loading FMLModContainer from classloader cpw.mods.modlauncher.TransformingClassLoader@54336976 - got cpw.mods.cl.ModuleClassLoader@4d6f197e
[31Jul2026 15:44:47.922] [main/DEBUG] [net.minecraftforge.fml.javafmlmod.FMLModContainer/LOADING]: Creating FMLModContainer instance for com.seibel.distanthorizons.forge.ForgeMain
[31Jul2026 15:44:47.925] [main/DEBUG] [net.minecraftforge.fml.lowcodemod.LowCodeModLanguageProvider.LowCodeModTarget/LOADING]: Loading LowCodeModContainer from classloader cpw.mods.modlauncher.TransformingClassLoader@54336976 - got cpw.mods.cl.ModuleClassLoader@4d6f197e
[31Jul2026 15:44:47.925] [main/DEBUG] [net.minecraftforge.fml.lowcodemod.LowCodeModContainer/LOADING]: Creating LowCodeModContainer for terralith
[31Jul2026 15:44:47.926] [main/DEBUG] [net.minecraftforge.fml.javafmlmod.FMLJavaModLanguageProvider/LOADING]: Loading FMLModContainer from classloader cpw.mods.modlauncher.TransformingClassLoader@54336976 - got cpw.mods.cl.ModuleClassLoader@4d6f197e
[31Jul2026 15:44:47.926] [main/DEBUG] [net.minecraftforge.fml.javafmlmod.FMLModContainer/LOADING]: Creating FMLModContainer instance for com.yungnickyoung.minecraft.betterfortresses.BetterFortressesForge
[31Jul2026 15:44:47.926] [main/DEBUG] [net.minecraftforge.fml.javafmlmod.FMLJavaModLanguageProvider/LOADING]: Loading FMLModContainer from classloader cpw.mods.modlauncher.TransformingClassLoader@54336976 - got cpw.mods.cl.ModuleClassLoader@4d6f197e
[31Jul2026 15:44:47.926] [main/DEBUG] [net.minecraftforge.fml.javafmlmod.FMLModContainer/LOADING]: Creating FMLModContainer instance for me.shedaniel.clothconfig.ClothConfigForge
[31Jul2026 15:44:47.926] [main/DEBUG] [net.minecraftforge.fml.javafmlmod.FMLJavaModLanguageProvider/LOADING]: Loading FMLModContainer from classloader cpw.mods.modlauncher.TransformingClassLoader@54336976 - got cpw.mods.cl.ModuleClassLoader@4d6f197e
[31Jul2026 15:44:47.926] [main/DEBUG] [net.minecraftforge.fml.javafmlmod.FMLModContainer/LOADING]: Creating FMLModContainer instance for net.sweenus.simplyswords.forge.SimplySwordsForge
[31Jul2026 15:44:47.927] [main/DEBUG] [net.minecraftforge.fml.javafmlmod.FMLJavaModLanguageProvider/LOADING]: Loading FMLModContainer from classloader cpw.mods.modlauncher.TransformingClassLoader@54336976 - got cpw.mods.cl.ModuleClassLoader@4d6f197e
[31Jul2026 15:44:47.927] [main/DEBUG] [net.minecraftforge.fml.javafmlmod.FMLModContainer/LOADING]: Creating FMLModContainer instance for net.bettercombat.forge.BetterCombatForge
[31Jul2026 15:44:47.927] [main/DEBUG] [net.minecraftforge.fml.javafmlmod.FMLJavaModLanguageProvider/LOADING]: Loading FMLModContainer from classloader cpw.mods.modlauncher.TransformingClassLoader@54336976 - got cpw.mods.cl.ModuleClassLoader@4d6f197e
[31Jul2026 15:44:47.927] [main/DEBUG] [net.minecraftforge.fml.javafmlmod.FMLModContainer/LOADING]: Creating FMLModContainer instance for com.sonicether.soundphysics.ForgeSoundPhysicsMod
[31Jul2026 15:44:47.928] [main/DEBUG] [net.minecraftforge.fml.javafmlmod.FMLJavaModLanguageProvider/LOADING]: Loading FMLModContainer from classloader cpw.mods.modlauncher.TransformingClassLoader@54336976 - got cpw.mods.cl.ModuleClassLoader@4d6f197e
[31Jul2026 15:44:47.928] [main/DEBUG] [net.minecraftforge.fml.javafmlmod.FMLModContainer/LOADING]: Creating FMLModContainer instance for net.minecraftforge.common.ForgeMod
[31Jul2026 15:44:47.930] [main/DEBUG] [net.minecraftforge.fml.javafmlmod.FMLJavaModLanguageProvider/LOADING]: Loading FMLModContainer from classloader cpw.mods.modlauncher.TransformingClassLoader@54336976 - got cpw.mods.cl.ModuleClassLoader@4d6f197e
[31Jul2026 15:44:47.930] [main/DEBUG] [net.minecraftforge.fml.javafmlmod.FMLModContainer/LOADING]: Creating FMLModContainer instance for be.florens.expandability.forge.ExpandAbilityForge
[31Jul2026 15:44:47.930] [main/DEBUG] [net.minecraftforge.fml.javafmlmod.FMLJavaModLanguageProvider/LOADING]: Loading FMLModContainer from classloader cpw.mods.modlauncher.TransformingClassLoader@54336976 - got cpw.mods.cl.ModuleClassLoader@4d6f197e
[31Jul2026 15:44:47.930] [main/DEBUG] [net.minecraftforge.fml.javafmlmod.FMLModContainer/LOADING]: Creating FMLModContainer instance for com.yungnickyoung.minecraft.bettermineshafts.BetterMineshaftsForge
[31Jul2026 15:44:47.930] [main/DEBUG] [net.minecraftforge.fml.javafmlmod.FMLJavaModLanguageProvider/LOADING]: Loading FMLModContainer from classloader cpw.mods.modlauncher.TransformingClassLoader@54336976 - got cpw.mods.cl.ModuleClassLoader@4d6f197e
[31Jul2026 15:44:47.930] [main/DEBUG] [net.minecraftforge.fml.javafmlmod.FMLModContainer/LOADING]: Creating FMLModContainer instance for twilightforest.TwilightForestMod
[31Jul2026 15:44:47.931] [main/DEBUG] [net.minecraftforge.fml.javafmlmod.FMLJavaModLanguageProvider/LOADING]: Loading FMLModContainer from classloader cpw.mods.modlauncher.TransformingClassLoader@54336976 - got cpw.mods.cl.ModuleClassLoader@4d6f197e
[31Jul2026 15:44:47.931] [main/DEBUG] [net.minecraftforge.fml.javafmlmod.FMLModContainer/LOADING]: Creating FMLModContainer instance for net.aurelj.dungeons_arise.DungeonsAriseMain
[31Jul2026 15:44:47.942] [modloading-worker-0/DEBUG] [net.minecraftforge.fml.javafmlmod.AutomaticEventSubscriber/LOADING]: Attempting to inject @EventBusSubscriber classes into the eventbus for playeranimator
[31Jul2026 15:44:47.945] [modloading-worker-0/DEBUG] [betteroceanmonuments/]: Loaded com.yungnickyoung.minecraft.betteroceanmonuments.services.ForgePlatformHelper@64ba11d1 for service interface com.yungnickyoung.minecraft.betteroceanmonuments.services.IPlatformHelper
[31Jul2026 15:44:47.946] [modloading-worker-0/DEBUG] [betteroceanmonuments/]: Loaded com.yungnickyoung.minecraft.betteroceanmonuments.services.ForgeModulesLoader@49e54259 for service interface com.yungnickyoung.minecraft.betteroceanmonuments.services.IModulesLoader
[31Jul2026 15:44:47.946] [modloading-worker-0/DEBUG] [betterdungeons/]: Loaded com.yungnickyoung.minecraft.betterdungeons.services.ForgePlatformHelper@5030a129 for service interface com.yungnickyoung.minecraft.betterdungeons.services.IPlatformHelper
[31Jul2026 15:44:47.947] [modloading-worker-0/DEBUG] [betterdungeons/]: Loaded com.yungnickyoung.minecraft.betterdungeons.services.ForgeModulesLoader@66d29aca for service interface com.yungnickyoung.minecraft.betterdungeons.services.IModulesLoader
[31Jul2026 15:44:47.954] [modloading-worker-0/DEBUG] [net.minecraftforge.fml.javafmlmod.AutomaticEventSubscriber/LOADING]: Attempting to inject @EventBusSubscriber classes into the eventbus for mixinextras
[31Jul2026 15:44:47.959] [modloading-worker-0/DEBUG] [betterstrongholds/]: Loaded com.yungnickyoung.minecraft.betterstrongholds.services.ForgePlatformHelper@1dc48cf5 for service interface com.yungnickyoung.minecraft.betterstrongholds.services.IPlatformHelper
[31Jul2026 15:44:47.962] [modloading-worker-0/DEBUG] [betterstrongholds/]: Loaded com.yungnickyoung.minecraft.betterstrongholds.services.ForgeModulesLoader@7382a801 for service interface com.yungnickyoung.minecraft.betterstrongholds.services.IModulesLoader
[31Jul2026 15:44:47.963] [modloading-worker-0/DEBUG] [betterstrongholds/]: Loaded com.yungnickyoung.minecraft.betterstrongholds.services.ForgeProcessorProvider@57dbfca2 for service interface com.yungnickyoung.minecraft.betterstrongholds.services.IProcessorProvider
[31Jul2026 15:44:47.971] [modloading-worker-0/DEBUG] [net.minecraftforge.fml.ModLoadingContext/]: Attempted to register an empty config for type COMMON on mod bettercaves using file name bettercaves-forge-1_20_1.toml
[31Jul2026 15:44:47.974] [modloading-worker-0/DEBUG] [net.minecraftforge.fml.config.ConfigTracker/CONFIG]: Config file betteroceanmonuments-forge-1_20.toml for betteroceanmonuments tracking
[31Jul2026 15:44:47.975] [modloading-worker-0/DEBUG] [net.minecraftforge.fml.config.ConfigTracker/CONFIG]: Config file betterdungeons-forge-1_20.toml for betterdungeons tracking
[31Jul2026 15:44:47.976] [modloading-worker-0/DEBUG] [mixin/]: Mixing MixinLevelEvent from architectury.mixins.json into net.minecraftforge.event.level.LevelEvent
[31Jul2026 15:44:47.976] [modloading-worker-0/DEBUG] [net.minecraftforge.fml.config.ConfigTracker/CONFIG]: Config file alexscaves-general.toml for alexscaves tracking
[31Jul2026 15:44:47.976] [modloading-worker-0/DEBUG] [net.minecraftforge.fml.config.ConfigTracker/CONFIG]: Config file alexscaves-client.toml for alexscaves tracking
[31Jul2026 15:44:47.980] [modloading-worker-0/DEBUG] [net.minecraftforge.fml.javafmlmod.AutomaticEventSubscriber/LOADING]: Attempting to inject @EventBusSubscriber classes into the eventbus for betteroceanmonuments
[31Jul2026 15:44:47.980] [modloading-worker-0/DEBUG] [net.minecraftforge.fml.javafmlmod.AutomaticEventSubscriber/LOADING]: Attempting to inject @EventBusSubscriber classes into the eventbus for betterdungeons
[31Jul2026 15:44:47.984] [modloading-worker-0/DEBUG] [net.minecraftforge.fml.javafmlmod.AutomaticEventSubscriber/LOADING]: Attempting to inject @EventBusSubscriber classes into the eventbus for bettercaves
[31Jul2026 15:44:47.987] [modloading-worker-0/DEBUG] [betterdeserttemples/]: Loaded com.yungnickyoung.minecraft.betterdeserttemples.services.ForgePlatformHelper@30bb3149 for service interface com.yungnickyoung.minecraft.betterdeserttemples.services.IPlatformHelper
[31Jul2026 15:44:47.989] [modloading-worker-0/DEBUG] [betterdeserttemples/]: Loaded com.yungnickyoung.minecraft.betterdeserttemples.services.ForgeModulesLoader@52dfdf8e for service interface com.yungnickyoung.minecraft.betterdeserttemples.services.IModulesLoader
[31Jul2026 15:44:47.989] [modloading-worker-0/DEBUG] [net.minecraftforge.fml.config.ConfigTracker/CONFIG]: Config file citadel-common.toml for citadel tracking
[31Jul2026 15:44:47.989] [modloading-worker-0/DEBUG] [net.minecraftforge.fml.javafmlmod.AutomaticEventSubscriber/LOADING]: Attempting to inject @EventBusSubscriber classes into the eventbus for distanthorizons
[31Jul2026 15:44:47.990] [modloading-worker-0/DEBUG] [betterdeserttemples/]: Loaded com.yungnickyoung.minecraft.betterdeserttemples.services.ForgeProcessorProvider@a3df8dd for service interface com.yungnickyoung.minecraft.betterdeserttemples.services.IProcessorProvider
[31Jul2026 15:44:47.996] [modloading-worker-0/DEBUG] [betterfortresses/]: Loaded com.yungnickyoung.minecraft.betterfortresses.services.ForgePlatformHelper@6319bc7d for service interface com.yungnickyoung.minecraft.betterfortresses.services.IPlatformHelper
[31Jul2026 15:44:47.997] [modloading-worker-0/DEBUG] [betterfortresses/]: Loaded com.yungnickyoung.minecraft.betterfortresses.services.ForgeModulesLoader@14992441 for service interface com.yungnickyoung.minecraft.betterfortresses.services.IModulesLoader
[31Jul2026 15:44:47.998] [modloading-worker-0/DEBUG] [net.minecraftforge.fml.javafmlmod.AutomaticEventSubscriber/LOADING]: Attempting to inject @EventBusSubscriber classes into the eventbus for citadel
[31Jul2026 15:44:47.998] [modloading-worker-0/DEBUG] [net.minecraftforge.fml.javafmlmod.AutomaticEventSubscriber/LOADING]: Auto-subscribing com.github.alexthe666.citadel.ServerProxy to MOD
[31Jul2026 15:44:47.999] [modloading-worker-0/DEBUG] [betterfortresses/]: Loaded com.yungnickyoung.minecraft.betterfortresses.services.ForgeProcessorProvider@18c72442 for service interface com.yungnickyoung.minecraft.betterfortresses.services.IProcessorProvider
[31Jul2026 15:44:48.000] [modloading-worker-0/DEBUG] [net.minecraftforge.fml.config.ConfigTracker/CONFIG]: Config file curios-client.toml for curios tracking
[31Jul2026 15:44:48.002] [modloading-worker-0/DEBUG] [net.minecraftforge.fml.javafmlmod.AutomaticEventSubscriber/LOADING]: Attempting to inject @EventBusSubscriber classes into the eventbus for cloth_config
[31Jul2026 15:44:48.007] [modloading-worker-0/DEBUG] [net.minecraftforge.fml.config.ConfigTracker/CONFIG]: Config file betterfortresses-forge-1_20.toml for betterfortresses tracking
[31Jul2026 15:44:48.007] [modloading-worker-0/DEBUG] [net.minecraftforge.fml.config.ConfigTracker/CONFIG]: Config file curios-common.toml for curios tracking
[31Jul2026 15:44:48.007] [modloading-worker-0/DEBUG] [net.minecraftforge.fml.config.ConfigTracker/CONFIG]: Config file curios-server.toml for curios tracking
[31Jul2026 15:44:48.007] [modloading-worker-0/DEBUG] [net.minecraftforge.fml.javafmlmod.AutomaticEventSubscriber/LOADING]: Attempting to inject @EventBusSubscriber classes into the eventbus for curios
[31Jul2026 15:44:48.008] [modloading-worker-0/DEBUG] [net.minecraftforge.fml.javafmlmod.AutomaticEventSubscriber/LOADING]: Attempting to inject @EventBusSubscriber classes into the eventbus for betterfortresses
[31Jul2026 15:44:48.009] [modloading-worker-0/DEBUG] [net.minecraftforge.fml.config.ConfigTracker/CONFIG]: Config file betterdeserttemples-forge-1_20.toml for betterdeserttemples tracking
[31Jul2026 15:44:48.009] [modloading-worker-0/DEBUG] [net.minecraftforge.fml.javafmlmod.AutomaticEventSubscriber/LOADING]: Attempting to inject @EventBusSubscriber classes into the eventbus for sound_physics_remastered
[31Jul2026 15:44:48.010] [modloading-worker-0/DEBUG] [net.minecraftforge.fml.javafmlmod.AutomaticEventSubscriber/LOADING]: Attempting to inject @EventBusSubscriber classes into the eventbus for betterdeserttemples
[31Jul2026 15:44:48.011] [modloading-worker-0/INFO] [be.florens.expandability.ExpandAbility/]: ExpandAbility here, who dis?
[31Jul2026 15:44:48.012] [modloading-worker-0/DEBUG] [net.minecraftforge.fml.javafmlmod.AutomaticEventSubscriber/LOADING]: Attempting to inject @EventBusSubscriber classes into the eventbus for expandability
[31Jul2026 15:44:48.021] [modloading-worker-0/DEBUG] [bettermineshafts/]: Loaded com.yungnickyoung.minecraft.bettermineshafts.services.ForgePlatformHelper@7144ad35 for service interface com.yungnickyoung.minecraft.bettermineshafts.services.IPlatformHelper
[31Jul2026 15:44:48.022] [modloading-worker-0/DEBUG] [bettermineshafts/]: Loaded com.yungnickyoung.minecraft.bettermineshafts.services.ForgeModulesLoader@2132b88 for service interface com.yungnickyoung.minecraft.bettermineshafts.services.IModulesLoader
[31Jul2026 15:44:48.027] [modloading-worker-0/DEBUG] [net.minecraftforge.fml.config.ConfigTracker/CONFIG]: Config file bettermineshafts-forge-1_20.toml for bettermineshafts tracking
[31Jul2026 15:44:48.028] [modloading-worker-0/DEBUG] [net.minecraftforge.fml.javafmlmod.AutomaticEventSubscriber/LOADING]: Attempting to inject @EventBusSubscriber classes into the eventbus for bettermineshafts
[31Jul2026 15:44:48.031] [modloading-worker-0/DEBUG] [mixin/]: Mixing gamerule.BooleanValueInvoker from mixins.artifacts.common.json into net.minecraft.world.level.GameRules$BooleanValue
[31Jul2026 15:44:48.031] [modloading-worker-0/DEBUG] [mixin/]: Renaming @Invoker method invokeCreate(ZLjava/util/function/BiConsumer;)Lnet/minecraft/world/level/GameRules$Type; to invokeCreate_$md$612877$0 in mixins.artifacts.common.json:gamerule.BooleanValueInvoker
[31Jul2026 15:44:48.037] [modloading-worker-0/DEBUG] [net.minecraftforge.versions.forge.ForgeVersion/CORE]: Forge Version package package net.minecraftforge.versions.forge, Forge, version 47.4 from cpw.mods.modlauncher.TransformingClassLoader@54336976
[31Jul2026 15:44:48.038] [modloading-worker-0/DEBUG] [net.minecraftforge.versions.forge.ForgeVersion/CORE]: Found Forge version 47.4.10
[31Jul2026 15:44:48.038] [modloading-worker-0/DEBUG] [net.minecraftforge.versions.forge.ForgeVersion/CORE]: Found Forge spec 47.4
[31Jul2026 15:44:48.038] [modloading-worker-0/DEBUG] [net.minecraftforge.versions.forge.ForgeVersion/CORE]: Found Forge group net.minecraftforge
[31Jul2026 15:44:48.038] [modloading-worker-0/DEBUG] [net.minecraftforge.versions.mcp.MCPVersion/CORE]: MCP Version package package net.minecraftforge.versions.mcp, Minecraft, version 1.20.1 from cpw.mods.modlauncher.TransformingClassLoader@54336976
[31Jul2026 15:44:48.039] [modloading-worker-0/DEBUG] [net.minecraftforge.versions.mcp.MCPVersion/CORE]: Found MC version information 1.20.1
[31Jul2026 15:44:48.039] [modloading-worker-0/DEBUG] [net.minecraftforge.versions.mcp.MCPVersion/CORE]: Found MCP version information 20230612.114412
[31Jul2026 15:44:48.039] [modloading-worker-0/INFO] [net.minecraftforge.common.ForgeMod/FORGEMOD]: Forge mod loading, version 47.4.10, for MC 1.20.1 with MCP 20230612.114412
[31Jul2026 15:44:48.039] [modloading-worker-0/INFO] [net.minecraftforge.common.MinecraftForge/FORGE]: MinecraftForge v47.4.10 Initialized
[31Jul2026 15:44:48.049] [modloading-worker-0/DEBUG] [mixin/]: Mixing gamerule.IntegerValueInvoker from mixins.artifacts.common.json into net.minecraft.world.level.GameRules$IntegerValue
[31Jul2026 15:44:48.049] [modloading-worker-0/DEBUG] [mixin/]: Renaming @Invoker method invokeCreate(ILjava/util/function/BiConsumer;)Lnet/minecraft/world/level/GameRules$Type; to invokeCreate_$md$612877$0 in mixins.artifacts.common.json:gamerule.IntegerValueInvoker
[31Jul2026 15:44:48.070] [modloading-worker-0/DEBUG] [net.minecraftforge.fml.config.ConfigTracker/CONFIG]: Config file twilightforest-common.toml for twilightforest tracking
[31Jul2026 15:44:48.075] [modloading-worker-0/DEBUG] [net.minecraftforge.fml.config.ConfigTracker/CONFIG]: Config file twilightforest-client.toml for twilightforest tracking
[31Jul2026 15:44:48.103] [modloading-worker-0/DEBUG] [net.minecraftforge.fml.javafmlmod.AutomaticEventSubscriber/LOADING]: Attempting to inject @EventBusSubscriber classes into the eventbus for architectury
[31Jul2026 15:44:48.103] [modloading-worker-0/DEBUG] [net.minecraftforge.fml.javafmlmod.AutomaticEventSubscriber/LOADING]: Auto-subscribing dev.architectury.registry.level.entity.trade.forge.TradeRegistryImpl to FORGE
[31Jul2026 15:44:48.107] [modloading-worker-0/DEBUG] [net.minecraftforge.fml.javafmlmod.AutomaticEventSubscriber/LOADING]: Auto-subscribing dev.architectury.registry.forge.ReloadListenerRegistryImpl to FORGE
[31Jul2026 15:44:48.110] [modloading-worker-0/DEBUG] [net.minecraftforge.fml.javafmlmod.AutomaticEventSubscriber/LOADING]: Auto-subscribing dev.architectury.networking.forge.NetworkManagerImpl to FORGE
[31Jul2026 15:44:48.113] [modloading-worker-0/INFO] [dev.architectury.networking.forge.NetworkManagerImpl/]: Registering C2S receiver with id architectury:sync_ids
[31Jul2026 15:44:48.115] [modloading-worker-0/INFO] [dev.architectury.networking.forge.NetworkManagerImpl/]: Registering C2S receiver with id artifacts:networking_channel/42a7ad70b1cc371599a0eff744096b8a
[31Jul2026 15:44:48.118] [modloading-worker-0/DEBUG] [net.minecraftforge.fml.config.ConfigTracker/CONFIG]: Config file forge-client.toml for forge tracking
[31Jul2026 15:44:48.118] [modloading-worker-0/DEBUG] [net.minecraftforge.fml.config.ConfigTracker/CONFIG]: Config file forge-server.toml for forge tracking
[31Jul2026 15:44:48.118] [modloading-worker-0/DEBUG] [net.minecraftforge.fml.ModLoadingContext/]: Attempted to register an empty config for type COMMON on mod forge
[31Jul2026 15:44:48.119] [modloading-worker-0/INFO] [dev.architectury.networking.forge.NetworkManagerImpl/]: Registering C2S receiver with id artifacts:networking_channel/74a5e841822a3a87854ae896a33430d6
[31Jul2026 15:44:48.120] [modloading-worker-0/DEBUG] [net.minecraftforge.fml.javafmlmod.AutomaticEventSubscriber/LOADING]: Attempting to inject @EventBusSubscriber classes into the eventbus for dungeons_arise
[31Jul2026 15:44:48.122] [modloading-worker-0/INFO] [dev.architectury.networking.forge.NetworkManagerImpl/]: Registering C2S receiver with id artifacts:networking_channel/eb3d1e2748533430848cadf0f37c7e9c
[31Jul2026 15:44:48.125] [modloading-worker-0/INFO] [dev.architectury.networking.forge.NetworkManagerImpl/]: Registering C2S receiver with id artifacts:networking_channel/91c8520f19f93b3e8b6a727568e194ab
[31Jul2026 15:44:48.127] [modloading-worker-0/INFO] [dev.architectury.networking.forge.NetworkManagerImpl/]: Registering C2S receiver with id artifacts:networking_channel/8c2784d778293fd482ed84b8aa5fedb9
[31Jul2026 15:44:48.131] [modloading-worker-0/INFO] [dev.architectury.networking.forge.NetworkManagerImpl/]: Registering C2S receiver with id artifacts:networking_channel/ea038224ea783d40b2863f52239e2604
[31Jul2026 15:44:48.133] [modloading-worker-0/INFO] [dev.architectury.networking.forge.NetworkManagerImpl/]: Registering C2S receiver with id artifacts:networking_channel/97ad64b7ecaf33209991c4f031501a58
[31Jul2026 15:44:48.133] [modloading-worker-0/DEBUG] [creativecore/]: Created network creativecore:main
[31Jul2026 15:44:48.139] [modloading-worker-0/DEBUG] [net.minecraftforge.fml.javafmlmod.AutomaticEventSubscriber/LOADING]: Attempting to inject @EventBusSubscriber classes into the eventbus for ambientsounds
[31Jul2026 15:44:48.144] [modloading-worker-0/DEBUG] [net.minecraftforge.fml.javafmlmod.AutomaticEventSubscriber/LOADING]: Attempting to inject @EventBusSubscriber classes into the eventbus for creativecore
[31Jul2026 15:44:48.145] [modloading-worker-0/DEBUG] [net.minecraftforge.fml.javafmlmod.AutomaticEventSubscriber/LOADING]: Attempting to inject @EventBusSubscriber classes into the eventbus for forge
[31Jul2026 15:44:48.145] [modloading-worker-0/DEBUG] [net.minecraftforge.fml.javafmlmod.AutomaticEventSubscriber/LOADING]: Auto-subscribing net.minecraftforge.common.ForgeSpawnEggItem$CommonHandler to MOD
[31Jul2026 15:44:48.161] [modloading-worker-0/DEBUG] [net.minecraftforge.fml.javafmlmod.AutomaticEventSubscriber/LOADING]: Attempting to inject @EventBusSubscriber classes into the eventbus for yungsapi
[31Jul2026 15:44:48.182] [modloading-worker-0/DEBUG] [mixin/]: Mixing item.wearable.WearableArtifactItemMixin from mixins.artifacts.forge.json into artifacts.item.wearable.WearableArtifactItem
[31Jul2026 15:44:48.192] [modloading-worker-0/DEBUG] [mixin/]: Mixing item.umbrella.UmbrellaItemMixin from mixins.artifacts.forge.json into artifacts.item.UmbrellaItem
[31Jul2026 15:44:48.205] [modloading-worker-0/DEBUG] [io.netty.buffer.AbstractByteBuf/]: -Dio.netty.buffer.checkAccessible: true
[31Jul2026 15:44:48.205] [modloading-worker-0/DEBUG] [io.netty.buffer.AbstractByteBuf/]: -Dio.netty.buffer.checkBounds: true
[31Jul2026 15:44:48.207] [modloading-worker-0/DEBUG] [io.netty.util.ResourceLeakDetectorFactory/]: Loaded default ResourceLeakDetector: io.netty.util.ResourceLeakDetector@23ffef46
[31Jul2026 15:44:48.235] [modloading-worker-0/DEBUG] [net.minecraftforge.fml.javafmlmod.AutomaticEventSubscriber/LOADING]: Attempting to inject @EventBusSubscriber classes into the eventbus for bettercombat
[31Jul2026 15:44:48.235] [modloading-worker-0/DEBUG] [net.minecraftforge.fml.javafmlmod.AutomaticEventSubscriber/LOADING]: Auto-subscribing net.bettercombat.forge.events.ForgeModEvents to MOD
[31Jul2026 15:44:48.235] [modloading-worker-0/DEBUG] [net.minecraftforge.fml.javafmlmod.AutomaticEventSubscriber/LOADING]: Auto-subscribing net.bettercombat.forge.events.ForgeEvents to FORGE
[31Jul2026 15:44:48.275] [modloading-worker-0/DEBUG] [net.minecraftforge.fml.config.ConfigTracker/CONFIG]: Config file alexsmobs.toml for alexsmobs tracking
[31Jul2026 15:44:48.314] [modloading-worker-0/DEBUG] [net.minecraftforge.fml.javafmlmod.AutomaticEventSubscriber/LOADING]: Attempting to inject @EventBusSubscriber classes into the eventbus for alexsmobs
[31Jul2026 15:44:48.314] [modloading-worker-0/DEBUG] [net.minecraftforge.fml.javafmlmod.AutomaticEventSubscriber/LOADING]: Auto-subscribing com.github.alexthe666.alexsmobs.world.AMWorldRegistry to MOD
[31Jul2026 15:44:48.318] [modloading-worker-0/DEBUG] [net.minecraftforge.fml.javafmlmod.AutomaticEventSubscriber/LOADING]: Auto-subscribing com.github.alexthe666.alexsmobs.tileentity.AMTileEntityRegistry to MOD
[31Jul2026 15:44:48.318] [modloading-worker-0/DEBUG] [net.minecraftforge.fml.javafmlmod.AutomaticEventSubscriber/LOADING]: Auto-subscribing com.github.alexthe666.alexsmobs.event.ServerEvents to FORGE
[31Jul2026 15:44:48.321] [modloading-worker-0/DEBUG] [net.minecraftforge.fml.javafmlmod.AutomaticEventSubscriber/LOADING]: Auto-subscribing com.github.alexthe666.alexsmobs.entity.AMEntityRegistry to MOD
[31Jul2026 15:44:48.321] [modloading-worker-0/DEBUG] [net.minecraftforge.fml.javafmlmod.AutomaticEventSubscriber/LOADING]: Auto-subscribing com.github.alexthe666.alexsmobs.CommonProxy to MOD
[31Jul2026 15:44:48.323] [modloading-worker-0/DEBUG] [net.minecraftforge.fml.javafmlmod.AutomaticEventSubscriber/LOADING]: Auto-subscribing com.github.alexthe666.alexsmobs.AlexsMobs to FORGE
[31Jul2026 15:44:48.353] [modloading-worker-0/WARN] [yungsapi/]: WARNING: block Block{minecraft:iron_ore} added to BlockStateRandomizer exceeds max probabiltiy of 1!
[31Jul2026 15:44:48.358] [modloading-worker-0/DEBUG] [net.minecraftforge.fml.config.ConfigTracker/CONFIG]: Config file betterstrongholds-forge-1_20.toml for betterstrongholds tracking
[31Jul2026 15:44:48.360] [modloading-worker-0/DEBUG] [net.minecraftforge.fml.javafmlmod.AutomaticEventSubscriber/LOADING]: Attempting to inject @EventBusSubscriber classes into the eventbus for betterstrongholds
[31Jul2026 15:44:48.370] [modloading-worker-0/DEBUG] [net.minecraftforge.fml.javafmlmod.AutomaticEventSubscriber/LOADING]: Attempting to inject @EventBusSubscriber classes into the eventbus for artifacts
[31Jul2026 15:44:48.415] [modloading-worker-0/DEBUG] [mixin/]: Mixing MixinLootDataManager from architectury.mixins.json into net.minecraft.world.level.storage.loot.LootDataManager
[31Jul2026 15:44:48.424] [modloading-worker-0/DEBUG] [net.minecraftforge.fml.javafmlmod.AutomaticEventSubscriber/LOADING]: Attempting to inject @EventBusSubscriber classes into the eventbus for simplyswords
[31Jul2026 15:44:48.500] [modloading-worker-0/DEBUG] [net.minecraftforge.fml.javafmlmod.AutomaticEventSubscriber/LOADING]: Attempting to inject @EventBusSubscriber classes into the eventbus for alexscaves
[31Jul2026 15:44:48.500] [modloading-worker-0/DEBUG] [net.minecraftforge.fml.javafmlmod.AutomaticEventSubscriber/LOADING]: Auto-subscribing com.github.alexmodguy.alexscaves.server.entity.ACEntityRegistry to MOD
[31Jul2026 15:44:48.725] [modloading-worker-0/DEBUG] [net.minecraftforge.fml.javafmlmod.AutomaticEventSubscriber/LOADING]: Attempting to inject @EventBusSubscriber classes into the eventbus for twilightforest
[31Jul2026 15:44:48.725] [modloading-worker-0/DEBUG] [net.minecraftforge.fml.javafmlmod.AutomaticEventSubscriber/LOADING]: Auto-subscribing twilightforest.util.TFRemapper to FORGE
[31Jul2026 15:44:48.726] [modloading-worker-0/DEBUG] [net.minecraftforge.fml.javafmlmod.AutomaticEventSubscriber/LOADING]: Auto-subscribing twilightforest.loot.modifiers.GiantToolGroupingModifier to FORGE
[31Jul2026 15:44:48.728] [modloading-worker-0/DEBUG] [net.minecraftforge.fml.javafmlmod.AutomaticEventSubscriber/LOADING]: Auto-subscribing twilightforest.item.OreMagnetItem to FORGE
[31Jul2026 15:44:48.730] [modloading-worker-0/DEBUG] [net.minecraftforge.fml.javafmlmod.AutomaticEventSubscriber/LOADING]: Auto-subscribing twilightforest.item.FierySwordItem to FORGE
[31Jul2026 15:44:48.730] [modloading-worker-0/DEBUG] [net.minecraftforge.fml.javafmlmod.AutomaticEventSubscriber/LOADING]: Auto-subscribing twilightforest.init.TFEntities to MOD
[31Jul2026 15:44:48.730] [modloading-worker-0/DEBUG] [net.minecraftforge.fml.javafmlmod.AutomaticEventSubscriber/LOADING]: Auto-subscribing twilightforest.init.TFCaveCarvers to MOD
[31Jul2026 15:44:48.733] [modloading-worker-0/DEBUG] [net.minecraftforge.fml.javafmlmod.AutomaticEventSubscriber/LOADING]: Auto-subscribing twilightforest.events.ToolEvents to FORGE
[31Jul2026 15:44:48.736] [modloading-worker-0/DEBUG] [net.minecraftforge.fml.javafmlmod.AutomaticEventSubscriber/LOADING]: Auto-subscribing twilightforest.events.ProgressionEvents to FORGE
[31Jul2026 15:44:48.737] [modloading-worker-0/DEBUG] [net.minecraftforge.fml.javafmlmod.AutomaticEventSubscriber/LOADING]: Auto-subscribing twilightforest.events.MiscEvents to FORGE
[31Jul2026 15:44:48.738] [modloading-worker-0/DEBUG] [net.minecraftforge.fml.javafmlmod.AutomaticEventSubscriber/LOADING]: Auto-subscribing twilightforest.events.HostileMountEvents to FORGE
[31Jul2026 15:44:48.739] [modloading-worker-0/DEBUG] [net.minecraftforge.fml.javafmlmod.AutomaticEventSubscriber/LOADING]: Auto-subscribing twilightforest.events.EntityEvents to FORGE
[31Jul2026 15:44:48.743] [modloading-worker-0/DEBUG] [net.minecraftforge.fml.javafmlmod.AutomaticEventSubscriber/LOADING]: Auto-subscribing twilightforest.events.CharmEvents to FORGE
[31Jul2026 15:44:48.744] [modloading-worker-0/DEBUG] [net.minecraftforge.fml.javafmlmod.AutomaticEventSubscriber/LOADING]: Auto-subscribing twilightforest.events.CapabilityEvents to FORGE
[31Jul2026 15:44:48.746] [modloading-worker-0/DEBUG] [net.minecraftforge.fml.javafmlmod.AutomaticEventSubscriber/LOADING]: Auto-subscribing twilightforest.data.DataGenerators to MOD
[31Jul2026 15:44:48.749] [modloading-worker-0/DEBUG] [net.minecraftforge.fml.javafmlmod.AutomaticEventSubscriber/LOADING]: Auto-subscribing twilightforest.TFTickHandler to FORGE
[31Jul2026 15:44:48.750] [modloading-worker-0/DEBUG] [net.minecraftforge.fml.javafmlmod.AutomaticEventSubscriber/LOADING]: Auto-subscribing twilightforest.TFConfig to MOD
[31Jul2026 15:44:48.750] [modloading-worker-0/DEBUG] [net.minecraftforge.fml.javafmlmod.AutomaticEventSubscriber/LOADING]: Auto-subscribing twilightforest.TFConfig$ConfigSync to FORGE
[31Jul2026 15:44:48.791] [main/DEBUG] [net.minecraftforge.common.capabilities.CapabilityManager/CAPABILITIES]: Attempting to automatically register: Lnet/minecraftforge/energy/IEnergyStorage;
[31Jul2026 15:44:48.792] [main/DEBUG] [net.minecraftforge.common.capabilities.CapabilityManager/CAPABILITIES]: Attempting to automatically register: Lnet/minecraftforge/fluids/capability/IFluidHandler;
[31Jul2026 15:44:48.792] [main/DEBUG] [net.minecraftforge.common.capabilities.CapabilityManager/CAPABILITIES]: Attempting to automatically register: Lnet/minecraftforge/fluids/capability/IFluidHandlerItem;
[31Jul2026 15:44:48.792] [main/DEBUG] [net.minecraftforge.common.capabilities.CapabilityManager/CAPABILITIES]: Attempting to automatically register: Lnet/minecraftforge/items/IItemHandler;
[31Jul2026 15:44:49.872] [main/DEBUG] [dev.architectury.core.item.ArchitecturySpawnEggItem/]: Registering spawn egg mimic_spawn_egg for artifacts:mimic
[31Jul2026 15:44:50.116] [main/WARN] [net.minecraft.network.syncher.SynchedEntityData/]: defineId called for: class com.github.alexmodguy.alexscaves.server.entity.living.TremorzillaEntity from class com.github.alexmodguy.alexscaves.server.entity.living.LicowitchEntity
[31Jul2026 15:44:50.117] [main/DEBUG] [mixin/]: Mixing PotionUtilsMixin from alexscaves.mixins.json into net.minecraft.world.item.alchemy.PotionUtils
[31Jul2026 15:44:50.117] [main/DEBUG] [mixin/]: Renaming synthetic method lambda$ac_getColor$0(Lnet/minecraft/world/effect/MobEffectInstance;)Z to md612877$lambda$ac_getColor$0$0 in alexscaves.mixins.json:PotionUtilsMixin
[31Jul2026 15:44:50.162] [main/DEBUG] [io.netty.util.internal.InternalThreadLocalMap/]: -Dio.netty.threadLocalMap.stringBuilder.initialSize: 1024
[31Jul2026 15:44:50.162] [main/DEBUG] [io.netty.util.internal.InternalThreadLocalMap/]: -Dio.netty.threadLocalMap.stringBuilder.maxSize: 4096
[31Jul2026 15:44:50.162] [main/DEBUG] [io.netty.util.internal.ThreadLocalRandom/]: -Dio.netty.initialSeedUniquifier: 0x095923751350d529
[31Jul2026 15:44:50.177] [main/DEBUG] [net.minecraftforge.fml.config.ConfigTracker/CONFIG]: Loading configs type COMMON
[31Jul2026 15:44:50.177] [main/DEBUG] [net.minecraftforge.fml.config.ConfigFileTypeHandler/CONFIG]: Built TOML config for C:\Minecraft\ModdedServer\config\betteroceanmonuments-forge-1_20.toml
[31Jul2026 15:44:50.178] [main/DEBUG] [net.minecraftforge.fml.config.ConfigFileTypeHandler/CONFIG]: Loaded TOML config file C:\Minecraft\ModdedServer\config\betteroceanmonuments-forge-1_20.toml
[31Jul2026 15:44:50.182] [main/DEBUG] [net.minecraftforge.fml.config.ConfigFileTypeHandler/CONFIG]: Watching TOML config file C:\Minecraft\ModdedServer\config\betteroceanmonuments-forge-1_20.toml for changes
[31Jul2026 15:44:50.185] [main/DEBUG] [net.minecraftforge.fml.config.ConfigFileTypeHandler/CONFIG]: Built TOML config for C:\Minecraft\ModdedServer\config\betterdungeons-forge-1_20.toml
[31Jul2026 15:44:50.185] [main/DEBUG] [net.minecraftforge.fml.config.ConfigFileTypeHandler/CONFIG]: Loaded TOML config file C:\Minecraft\ModdedServer\config\betterdungeons-forge-1_20.toml
[31Jul2026 15:44:50.186] [main/DEBUG] [net.minecraftforge.fml.config.ConfigFileTypeHandler/CONFIG]: Watching TOML config file C:\Minecraft\ModdedServer\config\betterdungeons-forge-1_20.toml for changes
[31Jul2026 15:44:50.187] [main/DEBUG] [net.minecraftforge.fml.config.ConfigFileTypeHandler/CONFIG]: Built TOML config for C:\Minecraft\ModdedServer\config\alexscaves-general.toml
[31Jul2026 15:44:50.187] [main/DEBUG] [net.minecraftforge.fml.config.ConfigFileTypeHandler/CONFIG]: Loaded TOML config file C:\Minecraft\ModdedServer\config\alexscaves-general.toml
[31Jul2026 15:44:50.187] [main/DEBUG] [net.minecraftforge.fml.config.ConfigFileTypeHandler/CONFIG]: Watching TOML config file C:\Minecraft\ModdedServer\config\alexscaves-general.toml for changes
[31Jul2026 15:44:50.198] [main/DEBUG] [net.minecraftforge.fml.config.ConfigFileTypeHandler/CONFIG]: Built TOML config for C:\Minecraft\ModdedServer\config\citadel-common.toml
[31Jul2026 15:44:50.198] [main/DEBUG] [net.minecraftforge.fml.config.ConfigFileTypeHandler/CONFIG]: Loaded TOML config file C:\Minecraft\ModdedServer\config\citadel-common.toml
[31Jul2026 15:44:50.199] [main/DEBUG] [net.minecraftforge.fml.config.ConfigFileTypeHandler/CONFIG]: Watching TOML config file C:\Minecraft\ModdedServer\config\citadel-common.toml for changes
[31Jul2026 15:44:50.199] [main/DEBUG] [net.minecraftforge.fml.config.ConfigFileTypeHandler/CONFIG]: Built TOML config for C:\Minecraft\ModdedServer\config\betterfortresses-forge-1_20.toml
[31Jul2026 15:44:50.200] [main/DEBUG] [net.minecraftforge.fml.config.ConfigFileTypeHandler/CONFIG]: Loaded TOML config file C:\Minecraft\ModdedServer\config\betterfortresses-forge-1_20.toml
[31Jul2026 15:44:50.200] [main/DEBUG] [net.minecraftforge.fml.config.ConfigFileTypeHandler/CONFIG]: Watching TOML config file C:\Minecraft\ModdedServer\config\betterfortresses-forge-1_20.toml for changes
[31Jul2026 15:44:50.200] [Thread-1/DEBUG] [net.minecraftforge.fml.config.ConfigFileTypeHandler/CONFIG]: Config file alexscaves-general.toml changed, sending notifies
[31Jul2026 15:44:50.200] [main/DEBUG] [net.minecraftforge.fml.config.ConfigFileTypeHandler/CONFIG]: Built TOML config for C:\Minecraft\ModdedServer\config\curios-common.toml
[31Jul2026 15:44:50.201] [main/DEBUG] [net.minecraftforge.fml.config.ConfigFileTypeHandler/CONFIG]: Loaded TOML config file C:\Minecraft\ModdedServer\config\curios-common.toml
[31Jul2026 15:44:50.201] [main/DEBUG] [net.minecraftforge.fml.config.ConfigFileTypeHandler/CONFIG]: Watching TOML config file C:\Minecraft\ModdedServer\config\curios-common.toml for changes
[31Jul2026 15:44:50.201] [main/DEBUG] [net.minecraftforge.fml.config.ConfigFileTypeHandler/CONFIG]: Built TOML config for C:\Minecraft\ModdedServer\config\betterdeserttemples-forge-1_20.toml
[31Jul2026 15:44:50.201] [main/DEBUG] [net.minecraftforge.fml.config.ConfigFileTypeHandler/CONFIG]: Loaded TOML config file C:\Minecraft\ModdedServer\config\betterdeserttemples-forge-1_20.toml
[31Jul2026 15:44:50.201] [main/DEBUG] [net.minecraftforge.fml.config.ConfigFileTypeHandler/CONFIG]: Watching TOML config file C:\Minecraft\ModdedServer\config\betterdeserttemples-forge-1_20.toml for changes
[31Jul2026 15:44:50.202] [main/DEBUG] [net.minecraftforge.fml.config.ConfigFileTypeHandler/CONFIG]: Built TOML config for C:\Minecraft\ModdedServer\config\bettermineshafts-forge-1_20.toml
[31Jul2026 15:44:50.203] [main/DEBUG] [net.minecraftforge.fml.config.ConfigFileTypeHandler/CONFIG]: Loaded TOML config file C:\Minecraft\ModdedServer\config\bettermineshafts-forge-1_20.toml
[31Jul2026 15:44:50.203] [main/DEBUG] [net.minecraftforge.fml.config.ConfigFileTypeHandler/CONFIG]: Watching TOML config file C:\Minecraft\ModdedServer\config\bettermineshafts-forge-1_20.toml for changes
[31Jul2026 15:44:50.204] [main/DEBUG] [net.minecraftforge.fml.config.ConfigFileTypeHandler/CONFIG]: Built TOML config for C:\Minecraft\ModdedServer\config\twilightforest-common.toml
[31Jul2026 15:44:50.204] [main/DEBUG] [net.minecraftforge.fml.config.ConfigFileTypeHandler/CONFIG]: Loaded TOML config file C:\Minecraft\ModdedServer\config\twilightforest-common.toml
[31Jul2026 15:44:50.205] [main/DEBUG] [net.minecraftforge.fml.config.ConfigFileTypeHandler/CONFIG]: Watching TOML config file C:\Minecraft\ModdedServer\config\twilightforest-common.toml for changes
[31Jul2026 15:44:50.205] [Thread-1/DEBUG] [net.minecraftforge.fml.config.ConfigFileTypeHandler/CONFIG]: Config file bettermineshafts-forge-1_20.toml changed, sending notifies
[31Jul2026 15:44:50.206] [main/DEBUG] [net.minecraftforge.fml.config.ConfigFileTypeHandler/CONFIG]: Built TOML config for C:\Minecraft\ModdedServer\config\alexsmobs.toml
[31Jul2026 15:44:50.207] [main/DEBUG] [net.minecraftforge.fml.config.ConfigFileTypeHandler/CONFIG]: Loaded TOML config file C:\Minecraft\ModdedServer\config\alexsmobs.toml
[31Jul2026 15:44:50.207] [main/DEBUG] [net.minecraftforge.fml.config.ConfigFileTypeHandler/CONFIG]: Watching TOML config file C:\Minecraft\ModdedServer\config\alexsmobs.toml for changes
[31Jul2026 15:44:50.235] [main/DEBUG] [net.minecraftforge.fml.config.ConfigFileTypeHandler/CONFIG]: Built TOML config for C:\Minecraft\ModdedServer\config\betterstrongholds-forge-1_20.toml
[31Jul2026 15:44:50.235] [main/DEBUG] [net.minecraftforge.fml.config.ConfigFileTypeHandler/CONFIG]: Loaded TOML config file C:\Minecraft\ModdedServer\config\betterstrongholds-forge-1_20.toml
[31Jul2026 15:44:50.236] [main/DEBUG] [net.minecraftforge.fml.config.ConfigFileTypeHandler/CONFIG]: Watching TOML config file C:\Minecraft\ModdedServer\config\betterstrongholds-forge-1_20.toml for changes
[31Jul2026 15:44:50.236] [main/WARN] [yungsapi/]: WARNING: block Block{minecraft:iron_ore} added to BlockStateRandomizer exceeds max probabiltiy of 1!
[31Jul2026 15:44:50.239] [Thread-1/DEBUG] [net.minecraftforge.fml.config.ConfigFileTypeHandler/CONFIG]: Config file alexsmobs.toml changed, sending notifies
[31Jul2026 15:44:50.243] [modloading-worker-0/DEBUG] [mixin/]: Mixing MixinSlotAttribute from curios.mixins.json into top.theillusivec4.curios.api.SlotAttribute
[31Jul2026 15:44:50.245] [modloading-worker-0/DEBUG] [mixin/]: Mixing MixinCuriosApi from curios.mixins.json into top.theillusivec4.curios.api.CuriosApi
[31Jul2026 15:44:50.300] [modloading-worker-0/DEBUG] [mixin/]: Mixing accessor.CriteriaTriggersAccessor from yungsapi.mixins.json into net.minecraft.advancements.CriteriaTriggers
[31Jul2026 15:44:50.300] [modloading-worker-0/DEBUG] [mixin/]: Renaming @Accessor method getValues()Ljava/util/Map; to getValues_$md$612877$0 in yungsapi.mixins.json:accessor.CriteriaTriggersAccessor
[31Jul2026 15:44:50.405] [Forge Version Check/INFO] [net.minecraftforge.fml.VersionChecker/]: [sound_physics_remastered] Starting version check at https://update.maxhenkel.de/forge/sound_physics_remastered
[31Jul2026 15:44:50.615] [main/DEBUG] [net.minecraftforge.fml.DeferredWorkQueue/LOADING]: Dispatching synchronous work for work queue COMMON_SETUP: 13 jobs
[31Jul2026 15:44:50.693] [main/DEBUG] [net.minecraftforge.fml.DeferredWorkQueue/LOADING]: Synchronous work queue completed in 77.06 ms
[31Jul2026 15:44:50.697] [modloading-worker-0/INFO] [DistantHorizons-DistantHorizons-com.seibel.distanthorizons.common.AbstractModInitializer_forge/]: Initializing Distant Horizons server, firing DhApiBeforeDhInitEvent event...
[31Jul2026 15:44:50.705] [modloading-worker-0/INFO] [DistantHorizons-DistantHorizons-com.seibel.distanthorizons.core.Initializer/]: Running library validation...
[31Jul2026 15:44:50.789] [modloading-worker-0/INFO] [DistantHorizons-DistantHorizons-com.seibel.distanthorizons.common.AbstractModInitializer_forge/]: Distant Horizons, Version: 3.2.0-b
[31Jul2026 15:44:50.799] [modloading-worker-0/INFO] [DistantHorizons-DistantHorizons-com.seibel.distanthorizons.common.AbstractModInitializer_forge/]: Skipping mod compatibility accessor for: [optifine]
[31Jul2026 15:44:50.799] [modloading-worker-0/INFO] [DistantHorizons-DistantHorizons-com.seibel.distanthorizons.common.AbstractModInitializer_forge/]: Skipping mod compatibility accessor for: [oculus]
[31Jul2026 15:44:50.799] [modloading-worker-0/INFO] [DistantHorizons-DistantHorizons-com.seibel.distanthorizons.common.AbstractModInitializer_forge/]: Skipping mod compatibility accessor for: Immersive Portals
[31Jul2026 15:44:50.800] [modloading-worker-0/INFO] [DistantHorizons-DistantHorizons-com.seibel.distanthorizons.common.AbstractModInitializer_forge/]: Distant Horizons server Initialized, adding event subscribers...
[31Jul2026 15:44:50.806] [main/DEBUG] [net.minecraftforge.fml.DeferredWorkQueue/LOADING]: Dispatching synchronous work for work queue COMPLETE: 2 jobs
[31Jul2026 15:44:50.808] [main/DEBUG] [net.minecraftforge.fml.DeferredWorkQueue/LOADING]: Synchronous work queue completed in 2.471 ms
[31Jul2026 15:44:51.386] [Forge Version Check/DEBUG] [net.minecraftforge.fml.VersionChecker/]: [sound_physics_remastered] Received version check data:
{"1.21":{"1.21-1.4.6":""},"1.20":{"1.20-1.1.1":"Updated to 1.20"},"26.1":{"1.5.1+26.1":"Updated to 26.1"},"1.18":{"1.18-1.0.3":"Tweaked config values"},"1.19":{"1.19-1.0.15":"Disabled moving sounds by default due to performance impact"},"1.21.11":{"1.21.11-1.5.1":"Updated to 1.21.11"},"1.21.10":{"1.21.10-1.5.1":"Updated to 1.21.10"},"1.21.7":{"1.21.7-1.4.14":"Updated to 1.21.7"},"1.21.6":{"1.21.6-1.4.14":"Fixed mixin crash"},"1.21.9":{"1.21.9-1.5.1":"Fixed direction evaluation being inaccurate at long distances"},"1.21.8":{"1.21.8-1.5.1":"Fixed direction evaluation being inaccurate at long distances"},"1.20.4":{"1.20.4-1.4.5":"Updated Simplified Chinese translation","1.20.4-1.3.0":""},"1.21.3":{"1.21.3-1.4.7":"Fixed issues with sounds being played far away\nFixed lag when being far away from 0, 0"},"promos":{"1.18.1-latest":"1.18.1-1.0.6","1.21.4-latest":"1.21.4-1.5.1","1.21.3-latest":"1.21.3-1.4.7","1.18.2-latest":"1.18.2-1.0.6","1.20-recommended":"1.20-1.1.1","1.19.3-recommended":"1.19.3-1.0.18","1.19.1-recommended":"1.19.1-1.0.15","1.21.5-latest":"1.21.5-1.5.1","1.21.1-latest":"1.21.1-1.5.1","1.21.6-latest":"1.21.6-1.4.14","26.1.2-latest":"1.5.1+26.1.2","26.1.1-latest":"1.5.1+26.1.1","1.19.4-recommended":"1.19.4-1.1.1","1.19-latest":"1.19-1.0.15","1.17.1-recommended":"1.17.1-1.0.6","1.19.2-recommended":"1.19.2-1.3.0","26.1-latest":"1.5.1+26.1","1.21.9-latest":"1.21.9-1.5.1","1.18-latest":"1.18-1.0.3","1.21.8-latest":"1.21.8-1.5.1","1.20.4-recommended":"1.20.4-1.3.0","1.21.7-latest":"1.21.7-1.4.14","1.21-latest":"1.21-1.4.6","1.20.1-recommended":"1.20.1-1.3.0","1.20.2-recommended":"1.20.2-1.3.0","1.20-latest":"1.20-1.1.1","1.18.2-recommended":"1.18.2-1.0.6","26.2-latest":"1.5.1+26.2","1.17.1-latest":"1.17.1-1.0.6","1.21.11-latest":"1.21.11-1.5.1","1.21.10-latest":"1.21.10-1.5.1","1.18.1-recommended":"1.18.1-1.0.6","1.20.1-latest":"1.20.1-1.5.1","1.20.2-latest":"1.20.2-1.3.1","1.19.2-latest":"1.19.2-1.4.5","1.19.4-latest":"1.19.4-1.2.1","1.19.3-latest":"1.19.3-1.1.0","1.19-recommended":"1.19-1.0.15","1.18-recommended":"1.18-1.0.3","1.20.4-latest":"1.20.4-1.4.5","1.19.1-latest":"1.19.1-1.0.15","1.20.6-latest":"1.20.6-1.4.5"},"1.20.6":{"1.20.6-1.4.5":"Updated Simplified Chinese translation"},"1.21.5":{"1.21.5-1.5.1":"Fixed direction evaluation being inaccurate at long distances"},"1.21.4":{"1.21.4-1.5.1":"Fixed direction evaluation being inaccurate at long distances"},"26.2":{"1.5.1+26.2":"Updated to 26.2"},"1.20.2":{"1.20.2-1.3.1":"Updated dependencies\nFixed mod icon size","1.20.2-1.3.0":""},"1.21.1":{"1.21.1-1.5.1":"Fixed direction evaluation being inaccurate at long distances"},"1.20.1":{"1.20.1-1.5.1":"Fixed direction evaluation being inaccurate at long distances","1.20.1-1.3.0":""},"26.1.1":{"1.5.1+26.1.1":"Added support for 26.1.1"},"26.1.2":{"1.5.1+26.1.2":"Added support for 26.1.2"},"1.18.2":{"1.18.2-1.0.6":"Fixed crash when playing sounds that are null"},"1.19.1":{"1.19.1-1.0.15":"Disabled moving sounds by default due to performance impact"},"1.19.2":{"1.19.2-1.3.0":"","1.19.2-1.4.5":"Updated Simplified Chinese translation"},"1.19.3":{"1.19.3-1.1.0":"Updated ConfigBuilder\nAdded comments to the config\nRemoved sound blacklist regex\nAdded allowed sounds config\nFixed lag when saving in cloth config GUI\nFixed sound distance allowance not working with playsound commands","1.19.3-1.0.18":"Improved performance when having 'update_moving_sounds' enabled"},"1.19.4":{"1.19.4-1.1.1":"Fixed some cloth config settings not saving properly","1.19.4-1.2.1":""},"1.17.1":{"1.17.1-1.0.6":"Fixed crash when playing sounds that are null"},"1.18.1":{"1.18.1-1.0.6":"Fixed crash when playing sounds that are null"},"homepage":"https://www.curseforge.com/minecraft/mc-mods/sound-physics-remastered"}
[31Jul2026 15:44:51.387] [Forge Version Check/INFO] [net.minecraftforge.fml.VersionChecker/]: [sound_physics_remastered] Found status: AHEAD Current: 1.20.1-1.5.1 Target: null
[31Jul2026 15:44:51.388] [Forge Version Check/INFO] [net.minecraftforge.fml.VersionChecker/]: [forge] Starting version check at https://files.minecraftforge.net/net/minecraftforge/forge/promotions_slim.json
[31Jul2026 15:44:51.613] [Forge Version Check/DEBUG] [net.minecraftforge.fml.VersionChecker/]: [forge] Received version check data:
{
  "homepage": "https://files.minecraftforge.net/net/minecraftforge/forge/",
  "promos": {
    "1.1-latest": "1.3.4.29",
    "1.2.3-latest": "1.4.1.64",
    "1.2.4-latest": "2.0.0.68",
    "1.2.5-latest": "3.4.9.171",
    "1.3.2-latest": "4.3.5.318",
    "1.4.0-latest": "5.0.0.326",
    "1.4.1-latest": "6.0.0.329",
    "1.4.2-latest": "6.0.1.355",
    "1.4.3-latest": "6.2.1.358",
    "1.4.4-latest": "6.3.0.378",
    "1.4.5-latest": "6.4.2.448",
    "1.4.6-latest": "6.5.0.489",
    "1.4.7-latest": "6.6.2.534",
    "1.5-latest": "7.7.0.598",
    "1.5.1-latest": "7.7.2.682",
    "1.5.2-latest": "7.8.1.738",
    "1.5.2-recommended": "7.8.1.738",
    "1.6.1-latest": "8.9.0.775",
    "1.6.2-latest": "9.10.1.871",
    "1.6.2-recommended": "9.10.1.871",
    "1.6.3-latest": "9.11.0.878",
    "1.6.4-latest": "9.11.1.1345",
    "1.6.4-recommended": "9.11.1.1345",
    "1.7.2-latest": "10.12.2.1161",
    "1.7.2-recommended": "10.12.2.1161",
    "1.7.10-latest": "10.13.4.1614",
    "1.7.10-recommended": "10.13.4.1614",
    "1.8-latest": "11.14.4.1577",
    "1.8-recommended": "11.14.4.1563",
    "1.8.8-latest": "11.15.0.1655",
    "1.8.9-latest": "11.15.1.2318",
    "1.8.9-recommended": "11.15.1.2318",
    "1.9-latest": "12.16.1.1938",
    "1.9-recommended": "12.16.1.1887",
    "1.9.4-latest": "12.17.0.2317",
    "1.9.4-recommended": "12.17.0.2317",
    "1.10-latest": "12.18.0.2000",
    "1.10.2-latest": "12.18.3.2511",
    "1.10.2-recommended": "12.18.3.2511",
    "1.11-latest": "13.19.1.2199",
    "1.11-recommended": "13.19.1.2189",
    "1.11.2-latest": "13.20.1.2588",
    "1.11.2-recommended": "13.20.1.2588",
    "1.12-latest": "14.21.1.2443",
    "1.12-recommended": "14.21.1.2387",
    "1.12.1-latest": "14.22.1.2485",
    "1.12.1-recommended": "14.22.1.2478",
    "1.12.2-latest": "14.23.5.2864",
    "1.12.2-recommended": "14.23.5.2859",
    "1.13.2-latest": "25.0.223",
    "1.14.2-latest": "26.0.63",
    "1.14.3-latest": "27.0.60",
    "1.14.4-latest": "28.2.30",
    "1.14.4-recommended": "28.2.26",
    "1.15-latest": "29.0.4",
    "1.15.1-latest": "30.0.51",
    "1.15.2-latest": "31.2.62",
    "1.15.2-recommended": "31.2.57",
    "1.16.1-latest": "32.0.108",
    "1.16.2-latest": "33.0.61",
    "1.16.3-latest": "34.1.42",
    "1.16.3-recommended": "34.1.0",
    "1.16.4-latest": "35.1.37",
    "1.16.4-recommended": "35.1.4",
    "1.16.5-latest": "36.2.42",
    "1.16.5-recommended": "36.2.34",
    "1.17.1-latest": "37.1.1",
    "1.17.1-recommended": "37.1.1",
    "1.18-latest": "38.0.17",
    "1.18.1-latest": "39.1.2",
    "1.18.1-recommended": "39.1.0",
    "1.18.2-recommended": "40.3.0",
    "1.18.2-latest": "40.3.12",
    "1.19-latest": "41.1.0",
    "1.19-recommended": "41.1.0",
    "1.19.1-latest": "42.0.9",
    "1.19.2-recommended": "43.5.0",
    "1.19.2-latest": "43.5.2",
    "1.19.3-latest": "44.1.23",
    "1.19.3-recommended": "44.1.0",
    "1.19.4-recommended": "45.4.0",
    "1.19.4-latest": "45.4.3",
    "1.20-latest": "46.0.14",
    "1.20.1-recommended": "47.4.10",
    "1.20.1-latest": "47.4.22",
    "1.20.2-latest": "48.1.0",
    "1.20.2-recommended": "48.1.0",
    "1.20.3-latest": "49.0.2",
    "1.20.4-latest": "49.2.8",
    "1.20.4-recommended": "49.2.0",
    "1.20.6-latest": "50.2.10",
    "1.20.6-recommended": "50.2.0",
    "1.21-latest": "51.0.33",
    "1.21.1-latest": "52.1.16",
    "1.21.1-recommended": "52.1.0",
    "1.21.3-latest": "53.1.11",
    "1.21.3-recommended": "53.1.0",
    "1.21.4-latest": "54.1.17",
    "1.21.4-recommended": "54.1.14",
    "1.21.5-latest": "55.1.11",
    "1.21.5-recommended": "55.1.0",
    "1.21.6-latest": "56.0.9",
    "1.21.7-latest": "57.0.3",
    "1.21.8-latest": "58.1.20",
    "1.21.8-recommended": "58.1.0",
    "1.21.9-latest": "59.0.5",
    "1.21.10-latest": "60.1.13",
    "1.21.10-recommended": "60.1.0",
    "1.21.11-latest": "61.1.14",
    "1.21.11-recommended": "61.1.0",
    "26.1-latest": "62.0.9",
    "26.1.1-latest": "63.0.2",
    "26.1.2-latest": "64.1.0",
    "26.1.2-recommended": "64.1.0",
    "26.2-latest": "65.1.0",
    "26.2-recommended": "65.1.0"
  }
}
[31Jul2026 15:44:51.614] [Forge Version Check/INFO] [net.minecraftforge.fml.VersionChecker/]: [forge] Found status: UP_TO_DATE Current: 47.4.10 Target: null
[31Jul2026 15:44:51.614] [Forge Version Check/INFO] [net.minecraftforge.fml.VersionChecker/]: [twilightforest] Starting version check at https://gh.tamaized.com/TeamTwilight/twilightforest/update.json
[31Jul2026 15:44:52.022] [Forge Version Check/DEBUG] [net.minecraftforge.fml.VersionChecker/]: [twilightforest] Received version check data:
{
  "homepage": "https://minecraft.curseforge.com/projects/the-twilight-forest",
  "promos": {
	"1.20.2-latest": "4.4.1977",
	"1.20.2-recommended": "4.4.1977",
	"1.20.1-latest": "4.3.1893",
	"1.20.1-recommended": "4.3.1893",
	"1.19.4-latest": "4.2.1696",
	"1.19.4-recommended": "4.2.1696",
	"1.18.2-latest": "4.1.1494",
	"1.18.2-recommended": "4.1.1494",
	"1.17.1-latest": "4.0.943",
	"1.17.1-recommended": "4.0.943",
	"1.16.5-latest": "4.0.870",
	"1.16.5-recommended": "4.0.870",
	"1.12.2-latest": "3.11.1021",
	"1.12.2-recommended": "3.11.1021",
	"1.7.10-latest": "2.4.3",
	"1.7.10-recommended": "2.4.3"
  }
}
[31Jul2026 15:44:52.022] [Forge Version Check/INFO] [net.minecraftforge.fml.VersionChecker/]: [twilightforest] Found status: AHEAD Current: 4.3.2508 Target: null
[31Jul2026 15:44:52.590] [main/DEBUG] [net.minecraftforge.coremod.transformer.CoreModBaseTransformer/COREMOD]: Transforming <init> with desc (JZZLjava/util/Optional;)V
[31Jul2026 15:44:52.598] [main/DEBUG] [net.minecraftforge.coremod.transformer.CoreModBaseTransformer/COREMOD]: Transforming m_226857_ with desc (Lnet/minecraft/world/level/levelgen/structure/pieces/StructurePieceSerializationContext;Lnet/minecraft/nbt/CompoundTag;J)Lnet/minecraft/world/level/levelgen/structure/StructureStart;
[31Jul2026 15:44:52.616] [main/INFO] [com.mojang.authlib.yggdrasil.YggdrasilAuthenticationService/]: Environment: authHost='https://authserver.mojang.com', accountsHost='https://api.mojang.com', sessionHost='https://sessionserver.mojang.com', servicesHost='https://api.minecraftservices.com', name='PROD'
[31Jul2026 15:44:54.094] [main/DEBUG] [mixin/]: Mixing VanillaPackResourcesAccessor from creativecore.mixins.json into net.minecraft.server.packs.VanillaPackResources
[31Jul2026 15:44:54.095] [main/WARN] [net.minecraft.server.packs.VanillaPackResourcesBuilder/]: Assets URL 'union:/C:/Minecraft/ModdedServer/libraries/net/minecraft/server/1.20.1-20230612.114412/server-1.20.1-20230612.114412-srg.jar%23153!/assets/.mcassetsroot' uses unexpected schema
[31Jul2026 15:44:54.096] [main/WARN] [net.minecraft.server.packs.VanillaPackResourcesBuilder/]: Assets URL 'union:/C:/Minecraft/ModdedServer/libraries/net/minecraft/server/1.20.1-20230612.114412/server-1.20.1-20230612.114412-srg.jar%23153!/data/.mcassetsroot' uses unexpected schema
[31Jul2026 15:44:54.133] [main/DEBUG] [mixin/]: Mixing PathPackResourcesAccessor from creativecore.mixins.json into net.minecraft.server.packs.PathPackResources
[31Jul2026 15:44:54.141] [main/DEBUG] [net.minecraftforge.server.ServerLifecycleHooks/CORE]: Generating PackInfo named mod:betterdungeons for mod file C:\Minecraft\ModdedServer\mods\YungsBetterDungeons-1.20-Forge-4.0.3.jar
[31Jul2026 15:44:54.141] [main/DEBUG] [net.minecraftforge.server.ServerLifecycleHooks/CORE]: Generating PackInfo named mod:ambientsounds for mod file C:\Minecraft\ModdedServer\mods\AmbientSounds_FORGE_v6.3.8_mc1.20.1.jar
[31Jul2026 15:44:54.141] [main/DEBUG] [net.minecraftforge.server.ServerLifecycleHooks/CORE]: Generating PackInfo named mod:playeranimator for mod file C:\Minecraft\ModdedServer\mods\player-animation-lib-forge-1.0.2-rc1+1.20.jar
[31Jul2026 15:44:54.141] [main/DEBUG] [net.minecraftforge.server.ServerLifecycleHooks/CORE]: Generating PackInfo named mod:creativecore for mod file C:\Minecraft\ModdedServer\mods\CreativeCore_FORGE_v2.12.39_mc1.20.1.jar
[31Jul2026 15:44:54.141] [main/DEBUG] [net.minecraftforge.server.ServerLifecycleHooks/CORE]: Generating PackInfo named mod:betteroceanmonuments for mod file C:\Minecraft\ModdedServer\mods\YungsBetterOceanMonuments-1.20-Forge-3.0.4.jar
[31Jul2026 15:44:54.142] [main/DEBUG] [net.minecraftforge.server.ServerLifecycleHooks/CORE]: Generating PackInfo named mod:curios for mod file C:\Minecraft\ModdedServer\mods\curios-forge-5.14.1+1.20.1.jar
[31Jul2026 15:44:54.142] [main/DEBUG] [net.minecraftforge.server.ServerLifecycleHooks/CORE]: Generating PackInfo named mod:bettercaves for mod file C:\Minecraft\ModdedServer\mods\YungsBetterCaves-1.20.1-Forge-2.0.5.jar
[31Jul2026 15:44:54.142] [main/DEBUG] [net.minecraftforge.server.ServerLifecycleHooks/CORE]: Generating PackInfo named mod:citadel for mod file C:\Minecraft\ModdedServer\mods\citadel-2.6.3-1.20.1.jar
[31Jul2026 15:44:54.142] [main/DEBUG] [net.minecraftforge.server.ServerLifecycleHooks/CORE]: Generating PackInfo named mod:alexscaves for mod file C:\Minecraft\ModdedServer\mods\alexscaves-2.0.2.jar
[31Jul2026 15:44:54.142] [main/DEBUG] [net.minecraftforge.server.ServerLifecycleHooks/CORE]: Generating PackInfo named mod:alexsmobs for mod file C:\Minecraft\ModdedServer\mods\alexsmobs-1.22.9.jar
[31Jul2026 15:44:54.142] [main/DEBUG] [net.minecraftforge.server.ServerLifecycleHooks/CORE]: Generating PackInfo named mod:artifacts for mod file C:\Minecraft\ModdedServer\mods\artifacts-forge-9.5.19.jar
[31Jul2026 15:44:54.142] [main/DEBUG] [net.minecraftforge.server.ServerLifecycleHooks/CORE]: Generating PackInfo named mod:yungsapi for mod file C:\Minecraft\ModdedServer\mods\YungsApi-1.20-Forge-4.0.6.jar
[31Jul2026 15:44:54.142] [main/DEBUG] [net.minecraftforge.server.ServerLifecycleHooks/CORE]: Generating PackInfo named mod:mixinextras for mod file 
[31Jul2026 15:44:54.142] [main/DEBUG] [net.minecraftforge.server.ServerLifecycleHooks/CORE]: Generating PackInfo named mod:betterstrongholds for mod file C:\Minecraft\ModdedServer\mods\YungsBetterStrongholds-1.20-Forge-4.0.3.jar
[31Jul2026 15:44:54.142] [main/DEBUG] [net.minecraftforge.server.ServerLifecycleHooks/CORE]: Generating PackInfo named mod:betterdeserttemples for mod file C:\Minecraft\ModdedServer\mods\YungsBetterDesertTemples-1.20-Forge-3.0.3.jar
[31Jul2026 15:44:54.142] [main/DEBUG] [net.minecraftforge.server.ServerLifecycleHooks/CORE]: Generating PackInfo named mod:architectury for mod file C:\Minecraft\ModdedServer\mods\architectury-9.2.14-forge.jar
[31Jul2026 15:44:54.142] [main/DEBUG] [net.minecraftforge.server.ServerLifecycleHooks/CORE]: Generating PackInfo named mod:distanthorizons for mod file C:\Minecraft\ModdedServer\mods\DistantHorizons-3.2.0-b-1.20.1-fabric-forge.jar
[31Jul2026 15:44:54.143] [main/DEBUG] [net.minecraftforge.server.ServerLifecycleHooks/CORE]: Generating PackInfo named mod:terralith for mod file C:\Minecraft\ModdedServer\mods\Terralith_1.20.x_v2.5.4.jar
[31Jul2026 15:44:54.143] [main/DEBUG] [net.minecraftforge.server.ServerLifecycleHooks/CORE]: Generating PackInfo named mod:betterfortresses for mod file C:\Minecraft\ModdedServer\mods\YungsBetterNetherFortresses-1.20-Forge-2.0.6.jar
[31Jul2026 15:44:54.143] [main/DEBUG] [net.minecraftforge.server.ServerLifecycleHooks/CORE]: Generating PackInfo named mod:cloth_config for mod file C:\Minecraft\ModdedServer\mods\cloth-config-11.1.136-forge.jar
[31Jul2026 15:44:54.143] [main/DEBUG] [net.minecraftforge.server.ServerLifecycleHooks/CORE]: Generating PackInfo named mod:simplyswords for mod file C:\Minecraft\ModdedServer\mods\simplyswords-forge-1.56.0-1.20.1.jar
[31Jul2026 15:44:54.143] [main/DEBUG] [net.minecraftforge.server.ServerLifecycleHooks/CORE]: Generating PackInfo named mod:bettercombat for mod file C:\Minecraft\ModdedServer\mods\bettercombat-forge-1.9.0+1.20.1.jar
[31Jul2026 15:44:54.143] [main/DEBUG] [net.minecraftforge.server.ServerLifecycleHooks/CORE]: Generating PackInfo named mod:sound_physics_remastered for mod file C:\Minecraft\ModdedServer\mods\sound-physics-remastered-forge-1.20.1-1.5.1.jar
[31Jul2026 15:44:54.143] [main/DEBUG] [net.minecraftforge.server.ServerLifecycleHooks/CORE]: Generating PackInfo named mod:forge for mod file C:\Minecraft\ModdedServer\libraries\net\minecraftforge\forge\1.20.1-47.4.10\forge-1.20.1-47.4.10-universal.jar
[31Jul2026 15:44:54.143] [main/DEBUG] [net.minecraftforge.server.ServerLifecycleHooks/CORE]: Generating PackInfo named mod:expandability for mod file 
[31Jul2026 15:44:54.143] [main/DEBUG] [net.minecraftforge.server.ServerLifecycleHooks/CORE]: Generating PackInfo named mod:bettermineshafts for mod file C:\Minecraft\ModdedServer\mods\YungsBetterMineshafts-1.20-Forge-4.0.4.jar
[31Jul2026 15:44:54.143] [main/DEBUG] [net.minecraftforge.server.ServerLifecycleHooks/CORE]: Generating PackInfo named mod:twilightforest for mod file C:\Minecraft\ModdedServer\mods\twilightforest-1.20.1-4.3.2508-universal.jar
[31Jul2026 15:44:54.143] [main/DEBUG] [net.minecraftforge.server.ServerLifecycleHooks/CORE]: Generating PackInfo named mod:dungeons_arise for mod file C:\Minecraft\ModdedServer\mods\DungeonsArise-1.20.x-2.1.58-release.jar
[31Jul2026 15:44:55.041] [main/DEBUG] [mixin/]: Mixing PrimaryLevelDataMixin from citadel.mixins.json into net.minecraft.world.level.storage.PrimaryLevelData
[31Jul2026 15:44:55.148] [main/DEBUG] [mixin/]: Mixing LocateSmallNetherDungeonCommandMixin from betterdungeons.mixins.json into net.minecraft.server.commands.LocateCommand
[31Jul2026 15:44:55.149] [main/DEBUG] [mixin/]: Mixing LocateVanillaMonumentCommandMixin from betteroceanmonuments.mixins.json into net.minecraft.server.commands.LocateCommand
[31Jul2026 15:44:55.149] [main/DEBUG] [mixin/]: Mixing LocateStrongholdCommandMixin from betterstrongholds.mixins.json into net.minecraft.server.commands.LocateCommand
[31Jul2026 15:44:55.150] [main/DEBUG] [mixin/]: Mixing LocateVanillaPyramidCommandMixin from betterdeserttemples.mixins.json into net.minecraft.server.commands.LocateCommand
[31Jul2026 15:44:55.150] [main/DEBUG] [mixin/]: Mixing LocateVanillaFortressCommandMixin from betterfortresses.mixins.json into net.minecraft.server.commands.LocateCommand
[31Jul2026 15:44:55.150] [main/DEBUG] [mixin/]: Mixing LocateVanillaMineshaftCommandMixin from bettermineshafts.mixins.json into net.minecraft.server.commands.LocateCommand
[31Jul2026 15:44:55.184] [main/DEBUG] [net.minecraftforge.coremod.transformer.CoreModBaseTransformer/COREMOD]: Transforming net/minecraft/server/commands/SummonCommand
[31Jul2026 15:44:55.298] [main/DEBUG] [mixin/]: Mixing debug.TagLoaderMixin from mixins.artifacts.common.json into net.minecraft.tags.TagLoader
[31Jul2026 15:44:55.313] [main/INFO] [com.github.alexthe666.alexsmobs.AlexsMobs/]: Adding datapack listener capsid_recipes
[31Jul2026 15:44:55.380] [Worker-Main-3/DEBUG] [mixin/]: Mixing MixinNbtPredicate from curios.mixins.json into net.minecraft.advancements.critereon.NbtPredicate
[31Jul2026 15:44:55.390] [Worker-Main-3/DEBUG] [net.minecraftforge.coremod.transformer.CoreModBaseTransformer/COREMOD]: Transforming net/minecraft/world/entity/raid/Raid
[31Jul2026 15:44:55.693] [Worker-Main-11/DEBUG] [mixin/]: Mixing MapDecorationTypeMixin from alexscaves.mixins.json into net.minecraft.world.level.saveddata.maps.MapDecoration$Type
[31Jul2026 15:44:55.694] [Worker-Main-11/DEBUG] [mixin/]: Renaming @Invoker method ac_invokeInit(Ljava/lang/String;IZIZ)Lnet/minecraft/world/level/saveddata/maps/MapDecoration$Type; to ac_invokeInit_$md$612877$0 in alexscaves.mixins.json:MapDecorationTypeMixin
[31Jul2026 15:44:56.080] [Worker-Main-11/ERROR] [net.minecraftforge.common.ForgeHooks/]: Couldn't parse element loot_tables:simplyswords:grant_book_on_first_join
com.google.gson.JsonSyntaxException: Expected name to be an item, was unknown string 'patchouli:guide_book'
	at net.minecraft.util.GsonHelper.m_13866_(GsonHelper.java:145) ~[server-1.20.1-20230612.114412-srg.jar%23153!/:?]
	at java.util.Optional.orElseThrow(Optional.java:403) ~[?:?]
	at net.minecraft.util.GsonHelper.m_13874_(GsonHelper.java:145) ~[server-1.20.1-20230612.114412-srg.jar%23153!/:?]
	at net.minecraft.util.GsonHelper.m_13909_(GsonHelper.java:153) ~[server-1.20.1-20230612.114412-srg.jar%23153!/:?]
	at net.minecraft.world.level.storage.loot.entries.LootItem$Serializer.m_7267_(LootItem.java:55) ~[server-1.20.1-20230612.114412-srg.jar%23153!/:?]
	at net.minecraft.world.level.storage.loot.entries.LootItem$Serializer.m_7267_(LootItem.java:40) ~[server-1.20.1-20230612.114412-srg.jar%23153!/:?]
	at net.minecraft.world.level.storage.loot.entries.LootPoolSingletonContainer$Serializer.m_5921_(LootPoolSingletonContainer.java:151) ~[server-1.20.1-20230612.114412-srg.jar%23153!/:?]
	at net.minecraft.world.level.storage.loot.entries.LootPoolSingletonContainer$Serializer.m_5921_(LootPoolSingletonContainer.java:129) ~[server-1.20.1-20230612.114412-srg.jar%23153!/:?]
	at net.minecraft.world.level.storage.loot.entries.LootPoolEntryContainer$Serializer.m_7561_(LootPoolEntryContainer.java:86) ~[server-1.20.1-20230612.114412-srg.jar%23153!/:?]
	at net.minecraft.world.level.storage.loot.entries.LootPoolEntryContainer$Serializer.m_7561_(LootPoolEntryContainer.java:74) ~[server-1.20.1-20230612.114412-srg.jar%23153!/:?]
	at net.minecraft.world.level.storage.loot.GsonAdapterFactory$JsonAdapter.deserialize(GsonAdapterFactory.java:102) ~[server-1.20.1-20230612.114412-srg.jar%23153!/:?]
	at com.google.gson.internal.bind.TreeTypeAdapter.read(TreeTypeAdapter.java:76) ~[gson-2.10.jar%2372!/:?]
	at com.google.gson.internal.bind.TypeAdapterRuntimeTypeWrapper.read(TypeAdapterRuntimeTypeWrapper.java:40) ~[gson-2.10.jar%2372!/:?]
	at com.google.gson.internal.bind.ArrayTypeAdapter.read(ArrayTypeAdapter.java:72) ~[gson-2.10.jar%2372!/:?]
	at com.google.gson.Gson.fromJson(Gson.java:1214) ~[gson-2.10.jar%2372!/:?]
	at com.google.gson.Gson.fromJson(Gson.java:1319) ~[gson-2.10.jar%2372!/:?]
	at com.google.gson.Gson.fromJson(Gson.java:1290) ~[gson-2.10.jar%2372!/:?]
	at com.google.gson.internal.bind.TreeTypeAdapter$GsonContextImpl.deserialize(TreeTypeAdapter.java:179) ~[gson-2.10.jar%2372!/:?]
	at net.minecraft.util.GsonHelper.m_13808_(GsonHelper.java:463) ~[server-1.20.1-20230612.114412-srg.jar%23153!/:?]
	at net.minecraft.util.GsonHelper.m_13836_(GsonHelper.java:471) ~[server-1.20.1-20230612.114412-srg.jar%23153!/:?]
	at net.minecraft.world.level.storage.loot.LootPool$Serializer.deserialize(LootPool.java:192) ~[server-1.20.1-20230612.114412-srg.jar%23153!/:?]
	at net.minecraft.world.level.storage.loot.LootPool$Serializer.deserialize(LootPool.java:189) ~[server-1.20.1-20230612.114412-srg.jar%23153!/:?]
	at com.google.gson.internal.bind.TreeTypeAdapter.read(TreeTypeAdapter.java:76) ~[gson-2.10.jar%2372!/:?]
	at com.google.gson.internal.bind.TypeAdapterRuntimeTypeWrapper.read(TypeAdapterRuntimeTypeWrapper.java:40) ~[gson-2.10.jar%2372!/:?]
	at com.google.gson.internal.bind.ArrayTypeAdapter.read(ArrayTypeAdapter.java:72) ~[gson-2.10.jar%2372!/:?]
	at com.google.gson.Gson.fromJson(Gson.java:1214) ~[gson-2.10.jar%2372!/:?]
	at com.google.gson.Gson.fromJson(Gson.java:1319) ~[gson-2.10.jar%2372!/:?]
	at com.google.gson.Gson.fromJson(Gson.java:1290) ~[gson-2.10.jar%2372!/:?]
	at com.google.gson.internal.bind.TreeTypeAdapter$GsonContextImpl.deserialize(TreeTypeAdapter.java:179) ~[gson-2.10.jar%2372!/:?]
	at net.minecraft.util.GsonHelper.m_13808_(GsonHelper.java:463) ~[server-1.20.1-20230612.114412-srg.jar%23153!/:?]
	at net.minecraft.util.GsonHelper.m_13845_(GsonHelper.java:481) ~[server-1.20.1-20230612.114412-srg.jar%23153!/:?]
	at net.minecraft.world.level.storage.loot.LootTable$Serializer.deserialize(LootTable.java:294) ~[server-1.20.1-20230612.114412-srg.jar%23153!/:?]
	at net.minecraft.world.level.storage.loot.LootTable$Serializer.deserialize(LootTable.java:291) ~[server-1.20.1-20230612.114412-srg.jar%23153!/:?]
	at com.google.gson.internal.bind.TreeTypeAdapter.read(TreeTypeAdapter.java:76) ~[gson-2.10.jar%2372!/:?]
	at com.google.gson.Gson.fromJson(Gson.java:1214) ~[gson-2.10.jar%2372!/:?]
	at com.google.gson.Gson.fromJson(Gson.java:1319) ~[gson-2.10.jar%2372!/:?]
	at com.google.gson.Gson.fromJson(Gson.java:1261) ~[gson-2.10.jar%2372!/:?]
	at net.minecraftforge.common.ForgeHooks.loadLootTable(ForgeHooks.java:872) ~[forge-1.20.1-47.4.10-universal.jar%23158!/:?]
	at net.minecraftforge.common.ForgeHooks.lambda$getLootTableDeserializer$3(ForgeHooks.java:849) ~[forge-1.20.1-47.4.10-universal.jar%23158!/:?]
	at net.minecraft.world.level.storage.loot.LootDataType.deserialize(LootDataType.java:45) ~[server-1.20.1-20230612.114412-srg.jar%23153!/:?]
	at net.minecraft.world.level.storage.loot.LootDataManager.lambda$scheduleElementParse$4(LootDataManager.java:56) ~[server-1.20.1-20230612.114412-srg.jar%23153!/:?]
	at java.util.HashMap.forEach(HashMap.java:1421) ~[?:?]
	at net.minecraft.world.level.storage.loot.LootDataManager.m_278660_(LootDataManager.java:55) ~[server-1.20.1-20230612.114412-srg.jar%23153!/:?]
	at java.util.concurrent.CompletableFuture$AsyncRun.run(CompletableFuture.java:1804) ~[?:?]
	at java.util.concurrent.CompletableFuture$AsyncRun.exec(CompletableFuture.java:1796) ~[?:?]
	at java.util.concurrent.ForkJoinTask.doExec(ForkJoinTask.java:373) ~[?:?]
	at java.util.concurrent.ForkJoinPool$WorkQueue.topLevelExec(ForkJoinPool.java:1182) ~[?:?]
	at java.util.concurrent.ForkJoinPool.scan(ForkJoinPool.java:1655) ~[?:?]
	at java.util.concurrent.ForkJoinPool.runWorker(ForkJoinPool.java:1622) ~[?:?]
	at java.util.concurrent.ForkJoinWorkerThread.run(ForkJoinWorkerThread.java:165) ~[?:?]
[31Jul2026 15:44:57.945] [main/INFO] [net.minecraft.world.item.crafting.RecipeManager/]: Skipping loading recipe twilightforest:jeed/poison as it's serializer returned null
[31Jul2026 15:44:57.963] [main/INFO] [net.minecraft.world.item.crafting.RecipeManager/]: Skipping loading recipe twilightforest:jeed/frosted as it's serializer returned null
[31Jul2026 15:44:57.966] [main/INFO] [net.minecraft.world.item.crafting.RecipeManager/]: Skipping loading recipe twilightforest:jeed/blindness as it's serializer returned null
[31Jul2026 15:44:57.967] [main/INFO] [net.minecraft.world.item.crafting.RecipeManager/]: Skipping loading recipe twilightforest:jeed/hunger as it's serializer returned null
[31Jul2026 15:44:57.968] [main/INFO] [net.minecraft.world.item.crafting.RecipeManager/]: Skipping loading recipe twilightforest:jeed/regeneration as it's serializer returned null
[31Jul2026 15:44:57.968] [main/INFO] [net.minecraft.world.item.crafting.RecipeManager/]: Skipping loading recipe twilightforest:jeed/slowness as it's serializer returned null
[31Jul2026 15:44:57.971] [main/INFO] [net.minecraft.world.item.crafting.RecipeManager/]: Skipping loading recipe twilightforest:jeed/fire_resistance as it's serializer returned null
[31Jul2026 15:44:57.972] [main/INFO] [net.minecraft.world.item.crafting.RecipeManager/]: Skipping loading recipe twilightforest:jeed/resistance as it's serializer returned null
[31Jul2026 15:44:57.973] [main/INFO] [net.minecraft.world.item.crafting.RecipeManager/]: Loaded 10 recipes
[31Jul2026 15:44:58.047] [main/INFO] [net.minecraft.advancements.AdvancementList/]: Loaded 1940 advancements
[31Jul2026 15:44:58.056] [main/INFO] [top.theillusivec4.curios.Curios/]: Loaded 11 curio slots
[31Jul2026 15:44:58.061] [main/INFO] [top.theillusivec4.curios.Curios/]: Loaded 11 curio entities
[31Jul2026 15:44:58.062] [main/INFO] [twilightforest/]: Loaded 9 Stalactite configs!
[31Jul2026 15:44:59.369] [main/DEBUG] [net.minecraftforge.common.ForgeHooks/WP]: Gathering id map for writing to world save world
[31Jul2026 15:44:59.397] [main/DEBUG] [net.minecraftforge.common.ForgeHooks/WP]: ID Map collection complete world
[31Jul2026 15:44:59.827] [Server thread/INFO] [net.minecraft.server.dedicated.DedicatedServer/]: Starting minecraft server version 1.20.1
[31Jul2026 15:44:59.827] [Server thread/INFO] [net.minecraft.server.dedicated.DedicatedServer/]: Loading properties
[31Jul2026 15:44:59.827] [Server thread/INFO] [net.minecraft.server.dedicated.DedicatedServer/]: Default game type: CREATIVE
[31Jul2026 15:44:59.828] [Server thread/INFO] [net.minecraft.server.MinecraftServer/]: Generating keypair
[31Jul2026 15:44:59.898] [Server thread/INFO] [net.minecraft.server.dedicated.DedicatedServer/]: Starting Minecraft server on *:25565
[31Jul2026 15:44:59.899] [Server thread/DEBUG] [net.minecraftforge.network.DualStackUtils/]: Detected IPv6 address: "0:0:0:0:0:0:0:0"
[31Jul2026 15:44:59.909] [Server thread/INFO] [net.minecraft.server.network.ServerConnectionListener/]: Using default channel type
[31Jul2026 15:44:59.919] [Server thread/DEBUG] [io.netty.channel.MultithreadEventLoopGroup/]: -Dio.netty.eventLoopThreads: 24
[31Jul2026 15:44:59.929] [Server thread/DEBUG] [io.netty.channel.nio.NioEventLoop/]: -Dio.netty.noKeySetOptimization: false
[31Jul2026 15:44:59.929] [Server thread/DEBUG] [io.netty.channel.nio.NioEventLoop/]: -Dio.netty.selectorAutoRebuildThreshold: 512
[31Jul2026 15:44:59.934] [Server thread/DEBUG] [io.netty.util.internal.PlatformDependent/]: org.jctools-core.MpscChunkedArrayQueue: available
[31Jul2026 15:44:59.955] [Server thread/DEBUG] [io.netty.channel.DefaultChannelId/]: -Dio.netty.processId: 12824 (auto-detected)
[31Jul2026 15:44:59.956] [Server thread/DEBUG] [io.netty.util.NetUtil/]: -Djava.net.preferIPv4Stack: false
[31Jul2026 15:44:59.956] [Server thread/DEBUG] [io.netty.util.NetUtil/]: -Djava.net.preferIPv6Addresses: true
[31Jul2026 15:44:59.962] [Server thread/DEBUG] [io.netty.util.NetUtilInitializations/]: Loopback interface: lo (Software Loopback Interface 1, 127.0.0.1)
[31Jul2026 15:44:59.962] [Server thread/DEBUG] [io.netty.util.NetUtil/]: Failed to get SOMAXCONN from sysctl and file \proc\sys\net\core\somaxconn. Default: 200
[31Jul2026 15:44:59.981] [Server thread/DEBUG] [io.netty.channel.DefaultChannelId/]: -Dio.netty.machineId: 9c:6b:00:ff:fe:66:c1:7e (auto-detected)
[31Jul2026 15:44:59.991] [Server thread/DEBUG] [io.netty.buffer.PooledByteBufAllocator/]: -Dio.netty.allocator.numHeapArenas: 24
[31Jul2026 15:44:59.991] [Server thread/DEBUG] [io.netty.buffer.PooledByteBufAllocator/]: -Dio.netty.allocator.numDirectArenas: 24
[31Jul2026 15:44:59.991] [Server thread/DEBUG] [io.netty.buffer.PooledByteBufAllocator/]: -Dio.netty.allocator.pageSize: 8192
[31Jul2026 15:44:59.991] [Server thread/DEBUG] [io.netty.buffer.PooledByteBufAllocator/]: -Dio.netty.allocator.maxOrder: 9
[31Jul2026 15:44:59.991] [Server thread/DEBUG] [io.netty.buffer.PooledByteBufAllocator/]: -Dio.netty.allocator.chunkSize: 4194304
[31Jul2026 15:44:59.991] [Server thread/DEBUG] [io.netty.buffer.PooledByteBufAllocator/]: -Dio.netty.allocator.smallCacheSize: 256
[31Jul2026 15:44:59.991] [Server thread/DEBUG] [io.netty.buffer.PooledByteBufAllocator/]: -Dio.netty.allocator.normalCacheSize: 64
[31Jul2026 15:44:59.991] [Server thread/DEBUG] [io.netty.buffer.PooledByteBufAllocator/]: -Dio.netty.allocator.maxCachedBufferCapacity: 32768
[31Jul2026 15:44:59.991] [Server thread/DEBUG] [io.netty.buffer.PooledByteBufAllocator/]: -Dio.netty.allocator.cacheTrimInterval: 8192
[31Jul2026 15:44:59.991] [Server thread/DEBUG] [io.netty.buffer.PooledByteBufAllocator/]: -Dio.netty.allocator.cacheTrimIntervalMillis: 0
[31Jul2026 15:44:59.991] [Server thread/DEBUG] [io.netty.buffer.PooledByteBufAllocator/]: -Dio.netty.allocator.useCacheForAllThreads: false
[31Jul2026 15:44:59.991] [Server thread/DEBUG] [io.netty.buffer.PooledByteBufAllocator/]: -Dio.netty.allocator.maxCachedByteBuffersPerChunk: 1023
[31Jul2026 15:44:59.996] [Server thread/DEBUG] [io.netty.buffer.ByteBufUtil/]: -Dio.netty.allocator.type: pooled
[31Jul2026 15:44:59.996] [Server thread/DEBUG] [io.netty.buffer.ByteBufUtil/]: -Dio.netty.threadLocalDirectBufferSize: 0
[31Jul2026 15:44:59.996] [Server thread/DEBUG] [io.netty.buffer.ByteBufUtil/]: -Dio.netty.maxThreadLocalCharBufferSize: 16384
[31Jul2026 15:45:00.009] [Server thread/DEBUG] [net.minecraftforge.fml.config.ConfigTracker/CONFIG]: Loading configs type SERVER
[31Jul2026 15:45:00.009] [Server thread/DEBUG] [net.minecraftforge.fml.config.ConfigFileTypeHandler/CONFIG]: Built TOML config for .\world\serverconfig\curios-server.toml
[31Jul2026 15:45:00.010] [Server thread/DEBUG] [net.minecraftforge.fml.config.ConfigFileTypeHandler/CONFIG]: Loaded TOML config file .\world\serverconfig\curios-server.toml
[31Jul2026 15:45:00.011] [Server thread/DEBUG] [net.minecraftforge.fml.config.ConfigFileTypeHandler/CONFIG]: Watching TOML config file .\world\serverconfig\curios-server.toml for changes
[31Jul2026 15:45:00.011] [Server thread/DEBUG] [net.minecraftforge.fml.config.ConfigFileTypeHandler/CONFIG]: Built TOML config for .\world\serverconfig\forge-server.toml
[31Jul2026 15:45:00.012] [Server thread/DEBUG] [net.minecraftforge.fml.config.ConfigFileTypeHandler/CONFIG]: Loaded TOML config file .\world\serverconfig\forge-server.toml
[31Jul2026 15:45:00.012] [Server thread/DEBUG] [net.minecraftforge.fml.config.ConfigFileTypeHandler/CONFIG]: Watching TOML config file .\world\serverconfig\forge-server.toml for changes
[31Jul2026 15:45:00.012] [Server thread/DEBUG] [net.minecraftforge.common.ForgeConfig/FORGEMOD]: Loaded forge config file forge-server.toml
[31Jul2026 15:45:00.101] [Server thread/INFO] [DistantHorizons-DistantHorizons-com.seibel.distanthorizons.core.config.ConfigHandler/]: Initialising config for [DistantHorizons]
[31Jul2026 15:45:00.157] [Server thread/INFO] [DistantHorizons-DistantHorizons-com.seibel.distanthorizons.core.config.ConfigHandler/]: [DistantHorizons] Config initialised
[31Jul2026 15:45:00.165] [Server thread/INFO] [DistantHorizons-DistantHorizons-com.seibel.distanthorizons.core.config.eventHandlers.IgnoredDimensionCsvHandler/]: Dimension ignoring disabled, DH will render all dimensions.
[31Jul2026 15:45:00.165] [Server thread/INFO] [com.seibel.distanthorizons.core.logging.DhLogger/]: Applying config to loggers
[31Jul2026 15:45:00.166] [Server thread/INFO] [DistantHorizons-DistantHorizons-com.seibel.distanthorizons.core.Initializer/]: Garbage collectors: [G1 Young Generation, G1 Old Generation]
[31Jul2026 15:45:00.167] [Server thread/WARN] [DistantHorizons-DistantHorizons-com.seibel.distanthorizons.core.Initializer/]: Distant Horizons: G1 Garbage collector detected.
This can cause FPS stuttering. 
It's recommended to use a concurrent garbage collector 
like ZGC (Java 21+) or Shenandoah (Java 8 through 17) 
for a smoother experience. 
This warning can be disabled in the DH config.
[31Jul2026 15:45:00.173] [Server thread/INFO] [DistantHorizons-DistantHorizons-com.seibel.distanthorizons.core.Initializer/]: Explicit Garbage Collection: [Enabled]
[31Jul2026 15:45:00.173] [Server thread/INFO] [DistantHorizons-DistantHorizons-com.seibel.distanthorizons.common.AbstractModInitializer_forge/]: Running Delayed setup...
[31Jul2026 15:45:00.173] [Server thread/INFO] [DistantHorizons-DistantHorizons-com.seibel.distanthorizons.common.AbstractModInitializer_forge/]: Delayed setup complete, firing DhApiAfterDhInitEvent event...
[31Jul2026 15:45:00.185] [Server thread/INFO] [DistantHorizons-DistantHorizons-com.seibel.distanthorizons.core.jar.updater.SelfUpdater/]: Checking for Distant Horizons [STABLE] update for MC [1.20.1]...
[31Jul2026 15:45:00.483] [Netty Server IO #1/DEBUG] [io.netty.util.Recycler/]: -Dio.netty.recycler.maxCapacityPerThread: 4096
[31Jul2026 15:45:00.483] [Netty Server IO #1/DEBUG] [io.netty.util.Recycler/]: -Dio.netty.recycler.ratio: 8
[31Jul2026 15:45:00.483] [Netty Server IO #1/DEBUG] [io.netty.util.Recycler/]: -Dio.netty.recycler.chunkSize: 32
[31Jul2026 15:45:00.483] [Netty Server IO #1/DEBUG] [io.netty.util.Recycler/]: -Dio.netty.recycler.blocking: false
[31Jul2026 15:45:00.488] [Netty Server IO #1/INFO] [net.minecraftforge.server.ServerLifecycleHooks/SERVERHOOKS]: Disconnecting Player (server is still starting): literal{Server is still starting! Please wait before reconnecting.}
[31Jul2026 15:45:00.754] [Server thread/INFO] [DistantHorizons-DistantHorizons-com.seibel.distanthorizons.core.jar.updater.SelfUpdater/]: Distant Horizons already up to date.
[31Jul2026 15:45:00.754] [Server thread/INFO] [DistantHorizons-DistantHorizons-com.seibel.distanthorizons.common.AbstractModInitializer_forge/]: Distant Horizons server Initialized at .
[31Jul2026 15:45:00.768] [Server thread/INFO] [DistantHorizons-DistantHorizons-com.seibel.distanthorizons.core.world.AbstractDhWorld/]: Started [DhServerWorld] of type [SERVER_ONLY].
[31Jul2026 15:45:00.776] [Server thread/INFO] [net.minecraft.server.dedicated.DedicatedServer/]: Preparing level "world"
[31Jul2026 15:45:00.782] [Server thread/DEBUG] [net.minecraftforge.coremod.transformer.CoreModBaseTransformer/COREMOD]: Transforming net/minecraft/world/level/levelgen/PhantomSpawner
[31Jul2026 15:45:00.786] [Server thread/DEBUG] [net.minecraftforge.coremod.transformer.CoreModBaseTransformer/COREMOD]: Transforming net/minecraft/world/level/levelgen/PatrolSpawner
[31Jul2026 15:45:00.787] [Server thread/DEBUG] [net.minecraftforge.coremod.transformer.CoreModBaseTransformer/COREMOD]: Transforming net/minecraft/world/entity/npc/CatSpawner
[31Jul2026 15:45:00.790] [Server thread/DEBUG] [net.minecraftforge.coremod.transformer.CoreModBaseTransformer/COREMOD]: Transforming net/minecraft/world/entity/ai/village/VillageSiege
[31Jul2026 15:45:00.829] [Server thread/DEBUG] [mixin/]: Mixing server.MixinChunkMap from DistantHorizons.forge.mixins.json into net.minecraft.server.level.ChunkMap
[31Jul2026 15:45:00.918] [Server thread/DEBUG] [mixin/]: Mixing accessor.ChunkGeneratorStructureStateAccessor from betterdeserttemples.mixins.json into net.minecraft.world.level.chunk.ChunkGeneratorStructureState
[31Jul2026 15:45:00.956] [Server thread/DEBUG] [mixin/]: Mixing accessor.StructureManagerAccessor from betteroceanmonuments.mixins.json into net.minecraft.world.level.StructureManager
[31Jul2026 15:45:00.956] [Server thread/DEBUG] [mixin/]: Mixing accessor.StructureManagerAccessor from bettercaves.mixins.json into net.minecraft.world.level.StructureManager
[31Jul2026 15:45:00.956] [Server thread/DEBUG] [mixin/]: Mixing accessor.StructureManagerAccessor from betterfortresses.mixins.json into net.minecraft.world.level.StructureManager
[31Jul2026 15:45:00.956] [Server thread/DEBUG] [mixin/]: Unexpected: Registered method getLevel()Lnet/minecraft/world/level/LevelAccessor; in net.minecraft.world.level.StructureManager was not merged
[31Jul2026 15:45:00.956] [Server thread/DEBUG] [mixin/]: Unexpected: Registered method getLevel()Lnet/minecraft/world/level/LevelAccessor; in net.minecraft.world.level.StructureManager was not merged
[31Jul2026 15:45:00.966] [Server thread/WARN] [yungsapi/]: WARNING: block Block{minecraft:iron_ore} added to BlockStateRandomizer exceeds max probabiltiy of 1!
[31Jul2026 15:45:01.064] [Server thread/INFO] [DistantHorizons-DistantHorizons-com.seibel.distanthorizons.core.level.AbstractDhServerLevel/]: Started DhServerLevel for [Wrapped{ServerLevel[world]@minecraft:overworld}] at [[LocalSaveStructure@(.\world\data)]].
[31Jul2026 15:45:01.086] [DH-Full Data Migration Thread[0]/INFO] [DistantHorizons-DistantHorizons-com.seibel.distanthorizons.core.file.fullDatafile.V2.DataMigratorV1/]: No migration necessary.
[31Jul2026 15:45:01.599] [DH-Request Module Ticker [minecraft:overworld] Thread[0]/DEBUG] [mixin/]: Mixing accessor.WorldGenRegionAccessor from betterdungeons.mixins.json into net.minecraft.server.level.WorldGenRegion
[31Jul2026 15:45:01.599] [DH-Request Module Ticker [minecraft:overworld] Thread[0]/DEBUG] [mixin/]: Mixing accessor.WorldGenRegionAccessor from betteroceanmonuments.mixins.json into net.minecraft.server.level.WorldGenRegion
[31Jul2026 15:45:01.599] [DH-Request Module Ticker [minecraft:overworld] Thread[0]/DEBUG] [mixin/]: Mixing accessor.WorldGenRegionAccessor from betterfortresses.mixins.json into net.minecraft.server.level.WorldGenRegion
[31Jul2026 15:45:01.599] [DH-Request Module Ticker [minecraft:overworld] Thread[0]/DEBUG] [mixin/]: Unexpected: Registered method getCache()Ljava/util/List; in net.minecraft.server.level.WorldGenRegion was not merged
[31Jul2026 15:45:01.599] [DH-Request Module Ticker [minecraft:overworld] Thread[0]/DEBUG] [mixin/]: Unexpected: Registered method getSize()I in net.minecraft.server.level.WorldGenRegion was not merged
[31Jul2026 15:45:01.599] [DH-Request Module Ticker [minecraft:overworld] Thread[0]/DEBUG] [mixin/]: Unexpected: Registered method getStructureManager()Lnet/minecraft/world/level/StructureManager; in net.minecraft.server.level.WorldGenRegion was not merged
[31Jul2026 15:45:01.599] [DH-Request Module Ticker [minecraft:overworld] Thread[0]/DEBUG] [mixin/]: Unexpected: Registered method getStructureManager()Lnet/minecraft/world/level/StructureManager; in net.minecraft.server.level.WorldGenRegion was not merged
[31Jul2026 15:45:01.599] [DH-Request Module Ticker [minecraft:overworld] Thread[0]/DEBUG] [mixin/]: Unexpected: Registered method getFirstPos()Lnet/minecraft/world/level/ChunkPos; in net.minecraft.server.level.WorldGenRegion was not merged
[31Jul2026 15:45:01.599] [DH-Request Module Ticker [minecraft:overworld] Thread[0]/DEBUG] [mixin/]: Unexpected: Registered method getLastPos()Lnet/minecraft/world/level/ChunkPos; in net.minecraft.server.level.WorldGenRegion was not merged
[31Jul2026 15:45:01.642] [DH-Request Module Ticker [minecraft:overworld] Thread[0]/INFO] [DistantHorizons-DistantHorizons-com.seibel.distanthorizons.core.generation.BatchGenerator/]: Batch Chunk Generator initialized
[31Jul2026 15:45:01.646] [DH-Request Module Ticker [minecraft:overworld] Thread[0]/INFO] [DistantHorizons-DistantHorizons-com.seibel.distanthorizons.core.generation.queues.WorldGenerationQueue/]: Creating world gen queue
[31Jul2026 15:45:01.648] [DH-Request Module Ticker [minecraft:overworld] Thread[0]/INFO] [DistantHorizons-DistantHorizons-com.seibel.distanthorizons.core.generation.queues.WorldGenerationQueue/]: Created world gen queue
[31Jul2026 15:45:01.648] [DH-Request Module Ticker [minecraft:overworld] Thread[0]/INFO] [DistantHorizons-DistantHorizons-com.seibel.distanthorizons.core.file.fullDatafile.GeneratedFullDataSourceProvider/]: Set world gen queue for level [minecraft:overworld].
[31Jul2026 15:45:01.893] [Server thread/DEBUG] [mixin/]: Mixing MixinChunkSerializer from architectury.mixins.json into net.minecraft.world.level.chunk.storage.ChunkSerializer
[31Jul2026 15:45:02.006] [Server thread/DEBUG] [mixin/]: Mixing accessor.BoundingBoxAccessor from betterdungeons.mixins.json into net.minecraft.world.level.levelgen.structure.BoundingBox
[31Jul2026 15:45:02.006] [Server thread/DEBUG] [mixin/]: Mixing accessor.BoundingBoxAccessor from yungsapi.mixins.json into net.minecraft.world.level.levelgen.structure.BoundingBox
[31Jul2026 15:45:02.006] [Server thread/DEBUG] [mixin/]: Mixing accessor.BoundingBoxAccessor from betterdeserttemples.mixins.json into net.minecraft.world.level.levelgen.structure.BoundingBox
[31Jul2026 15:45:02.006] [Server thread/DEBUG] [mixin/]: Mixing BoundingBoxAccessor from bettermineshafts.mixins.json into net.minecraft.world.level.levelgen.structure.BoundingBox
[31Jul2026 15:45:02.007] [Server thread/DEBUG] [mixin/]: Unexpected: Registered method setMinZ(I)V in net.minecraft.world.level.levelgen.structure.BoundingBox was not merged
[31Jul2026 15:45:02.007] [Server thread/DEBUG] [mixin/]: Unexpected: Registered method setMinZ(I)V in net.minecraft.world.level.levelgen.structure.BoundingBox was not merged
[31Jul2026 15:45:02.007] [Server thread/DEBUG] [mixin/]: Unexpected: Registered method setMaxY(I)V in net.minecraft.world.level.levelgen.structure.BoundingBox was not merged
[31Jul2026 15:45:02.007] [Server thread/DEBUG] [mixin/]: Unexpected: Registered method setMinZ(I)V in net.minecraft.world.level.levelgen.structure.BoundingBox was not merged
[31Jul2026 15:45:02.007] [Server thread/DEBUG] [mixin/]: Unexpected: Registered method setMaxX(I)V in net.minecraft.world.level.levelgen.structure.BoundingBox was not merged
[31Jul2026 15:45:02.007] [Server thread/DEBUG] [mixin/]: Unexpected: Registered method setMinX(I)V in net.minecraft.world.level.levelgen.structure.BoundingBox was not merged
[31Jul2026 15:45:02.007] [Server thread/DEBUG] [mixin/]: Unexpected: Registered method setMaxY(I)V in net.minecraft.world.level.levelgen.structure.BoundingBox was not merged
[31Jul2026 15:45:02.007] [Server thread/DEBUG] [mixin/]: Unexpected: Registered method setMaxZ(I)V in net.minecraft.world.level.levelgen.structure.BoundingBox was not merged
[31Jul2026 15:45:02.007] [Server thread/DEBUG] [mixin/]: Unexpected: Registered method setMaxZ(I)V in net.minecraft.world.level.levelgen.structure.BoundingBox was not merged
[31Jul2026 15:45:02.007] [Server thread/DEBUG] [mixin/]: Unexpected: Registered method setMinY(I)V in net.minecraft.world.level.levelgen.structure.BoundingBox was not merged
[31Jul2026 15:45:02.007] [Server thread/DEBUG] [mixin/]: Unexpected: Registered method setMinX(I)V in net.minecraft.world.level.levelgen.structure.BoundingBox was not merged
[31Jul2026 15:45:02.007] [Server thread/DEBUG] [mixin/]: Unexpected: Registered method setMaxX(I)V in net.minecraft.world.level.levelgen.structure.BoundingBox was not merged
[31Jul2026 15:45:02.007] [Server thread/DEBUG] [mixin/]: Unexpected: Registered method setMaxZ(I)V in net.minecraft.world.level.levelgen.structure.BoundingBox was not merged
[31Jul2026 15:45:02.007] [Server thread/DEBUG] [mixin/]: Unexpected: Registered method setMaxX(I)V in net.minecraft.world.level.levelgen.structure.BoundingBox was not merged
[31Jul2026 15:45:02.007] [Server thread/DEBUG] [mixin/]: Unexpected: Registered method setMinY(I)V in net.minecraft.world.level.levelgen.structure.BoundingBox was not merged
[31Jul2026 15:45:02.007] [Server thread/DEBUG] [mixin/]: Unexpected: Registered method setMinY(I)V in net.minecraft.world.level.levelgen.structure.BoundingBox was not merged
[31Jul2026 15:45:02.007] [Server thread/DEBUG] [mixin/]: Unexpected: Registered method setMaxY(I)V in net.minecraft.world.level.levelgen.structure.BoundingBox was not merged
[31Jul2026 15:45:02.007] [Server thread/DEBUG] [mixin/]: Unexpected: Registered method setMinX(I)V in net.minecraft.world.level.levelgen.structure.BoundingBox was not merged
[31Jul2026 15:45:02.168] [Server thread/DEBUG] [net.minecraftforge.coremod.transformer.CoreModBaseTransformer/COREMOD]: Transforming net/minecraft/world/level/levelgen/structure/templatesystem/StructureTemplate
[31Jul2026 15:45:02.180] [Server thread/DEBUG] [mixin/]: Mixing DungeonContextMixin from betterdungeons.mixins.json into net.minecraft.world.level.levelgen.structure.templatesystem.StructureTemplate
[31Jul2026 15:45:02.180] [Server thread/DEBUG] [mixin/]: Mixing StructureTemplateMixin from betterdungeons.mixins.json into net.minecraft.world.level.levelgen.structure.templatesystem.StructureTemplate
[31Jul2026 15:45:02.180] [Server thread/DEBUG] [mixin/]: Renaming synthetic method lambda$betterdungeons_preventAutoWaterlogging$0(Lnet/minecraft/world/level/levelgen/structure/templatesystem/StructureProcessor;)Z to md612877$lambda$betterdungeons_preventAutoWaterlogging$0$0 in betterdungeons.mixins.json:StructureTemplateMixin
[31Jul2026 15:45:02.181] [Server thread/DEBUG] [mixin/]: Mixing StructureTemplateMixin from betterdeserttemples.mixins.json into net.minecraft.world.level.levelgen.structure.templatesystem.StructureTemplate
[31Jul2026 15:45:02.181] [Server thread/DEBUG] [mixin/]: Renaming synthetic method lambda$betterdeserttemples_preventAutoWaterlogging$0(Lnet/minecraft/world/level/levelgen/structure/templatesystem/StructureProcessor;)Z to md612877$lambda$betterdeserttemples_preventAutoWaterlogging$0$1 in betterdeserttemples.mixins.json:StructureTemplateMixin
[31Jul2026 15:45:03.144] [Server thread/WARN] [yungsapi/]: WARNING: block Block{minecraft:iron_ore} added to BlockStateRandomizer exceeds max probabiltiy of 1!
[31Jul2026 15:45:03.153] [DH-Full Data Migration Thread[0]/INFO] [DistantHorizons-DistantHorizons-com.seibel.distanthorizons.core.file.fullDatafile.V2.DataMigratorV1/]: No migration necessary.
[31Jul2026 15:45:03.159] [Server thread/INFO] [DistantHorizons-DistantHorizons-com.seibel.distanthorizons.core.level.AbstractDhServerLevel/]: Started DhServerLevel for [Wrapped{ServerLevel[world]@twilightforest:twilight_forest}] at [[LocalSaveStructure@(.\world\dimensions\twilightforest\twilight_forest\data;.\world\data)]].
[31Jul2026 15:45:03.181] [Server thread/WARN] [yungsapi/]: WARNING: block Block{minecraft:iron_ore} added to BlockStateRandomizer exceeds max probabiltiy of 1!
[31Jul2026 15:45:03.191] [DH-Full Data Migration Thread[0]/INFO] [DistantHorizons-DistantHorizons-com.seibel.distanthorizons.core.file.fullDatafile.V2.DataMigratorV1/]: No migration necessary.
[31Jul2026 15:45:03.193] [Netty Server IO #2/INFO] [net.minecraftforge.server.ServerLifecycleHooks/SERVERHOOKS]: Disconnecting Player (server is still starting): literal{Server is still starting! Please wait before reconnecting.}
[31Jul2026 15:45:03.196] [Server thread/INFO] [DistantHorizons-DistantHorizons-com.seibel.distanthorizons.core.level.AbstractDhServerLevel/]: Started DhServerLevel for [Wrapped{ServerLevel[world]@minecraft:the_end}] at [[LocalSaveStructure@(.\world\DIM1\data;.\world\dimensions\twilightforest\twilight_forest\data;.\world\data)]].
[31Jul2026 15:45:03.201] [Server thread/WARN] [yungsapi/]: WARNING: block Block{minecraft:iron_ore} added to BlockStateRandomizer exceeds max probabiltiy of 1!
[31Jul2026 15:45:03.211] [DH-Full Data Migration Thread[0]/INFO] [DistantHorizons-DistantHorizons-com.seibel.distanthorizons.core.file.fullDatafile.V2.DataMigratorV1/]: No migration necessary.
[31Jul2026 15:45:03.217] [Server thread/INFO] [DistantHorizons-DistantHorizons-com.seibel.distanthorizons.core.level.AbstractDhServerLevel/]: Started DhServerLevel for [Wrapped{ServerLevel[world]@minecraft:the_nether}] at [[LocalSaveStructure@(.\world\DIM-1\data;.\world\DIM1\data;.\world\dimensions\twilightforest\twilight_forest\data;.\world\data)]].
[31Jul2026 15:45:03.217] [Server thread/INFO] [net.minecraft.server.MinecraftServer/]: Preparing start region for dimension minecraft:overworld
[31Jul2026 15:45:03.233] [Server thread/INFO] [net.minecraft.server.level.progress.LoggerChunkProgressListener/]: Preparing spawn area: 0%
[31Jul2026 15:45:03.675] [DH-Request Module Ticker [twilightforest:twilight_forest] Thread[0]/WARN] [DistantHorizons-LOD World Gen/]: Unknown Chunk Generator detected: [class twilightforest.world.components.chunkgenerators.ChunkGeneratorTwilight], Distant Generation May Fail!
[31Jul2026 15:45:03.675] [DH-Request Module Ticker [twilightforest:twilight_forest] Thread[0]/WARN] [DistantHorizons-LOD World Gen/]: If it does crash, disable Distant Generation or set the Generation Mode to [PRE_EXISTING_ONLY].
[31Jul2026 15:45:03.676] [DH-Request Module Ticker [twilightforest:twilight_forest] Thread[0]/INFO] [DistantHorizons-DistantHorizons-com.seibel.distanthorizons.core.generation.BatchGenerator/]: Batch Chunk Generator initialized
[31Jul2026 15:45:03.676] [DH-Request Module Ticker [twilightforest:twilight_forest] Thread[0]/INFO] [DistantHorizons-DistantHorizons-com.seibel.distanthorizons.core.generation.queues.WorldGenerationQueue/]: Creating world gen queue
[31Jul2026 15:45:03.676] [DH-Request Module Ticker [twilightforest:twilight_forest] Thread[0]/INFO] [DistantHorizons-DistantHorizons-com.seibel.distanthorizons.core.generation.queues.WorldGenerationQueue/]: Created world gen queue
[31Jul2026 15:45:03.676] [DH-Request Module Ticker [twilightforest:twilight_forest] Thread[0]/INFO] [DistantHorizons-DistantHorizons-com.seibel.distanthorizons.core.file.fullDatafile.GeneratedFullDataSourceProvider/]: Set world gen queue for level [twilightforest:twilight_forest].
[31Jul2026 15:45:03.733] [DH-Request Module Ticker [minecraft:the_end] Thread[0]/INFO] [DistantHorizons-DistantHorizons-com.seibel.distanthorizons.core.generation.BatchGenerator/]: Batch Chunk Generator initialized
[31Jul2026 15:45:03.733] [DH-Request Module Ticker [minecraft:the_nether] Thread[0]/INFO] [DistantHorizons-DistantHorizons-com.seibel.distanthorizons.core.generation.BatchGenerator/]: Batch Chunk Generator initialized
[31Jul2026 15:45:03.734] [DH-Request Module Ticker [minecraft:the_end] Thread[0]/INFO] [DistantHorizons-DistantHorizons-com.seibel.distanthorizons.core.generation.queues.WorldGenerationQueue/]: Creating world gen queue
[31Jul2026 15:45:03.734] [DH-Request Module Ticker [minecraft:the_nether] Thread[0]/INFO] [DistantHorizons-DistantHorizons-com.seibel.distanthorizons.core.generation.queues.WorldGenerationQueue/]: Creating world gen queue
[31Jul2026 15:45:03.734] [DH-Request Module Ticker [minecraft:the_nether] Thread[0]/INFO] [DistantHorizons-DistantHorizons-com.seibel.distanthorizons.core.generation.queues.WorldGenerationQueue/]: Created world gen queue
[31Jul2026 15:45:03.734] [DH-Request Module Ticker [minecraft:the_nether] Thread[0]/INFO] [DistantHorizons-DistantHorizons-com.seibel.distanthorizons.core.file.fullDatafile.GeneratedFullDataSourceProvider/]: Set world gen queue for level [minecraft:the_nether].
[31Jul2026 15:45:03.734] [DH-Request Module Ticker [minecraft:the_end] Thread[0]/INFO] [DistantHorizons-DistantHorizons-com.seibel.distanthorizons.core.generation.queues.WorldGenerationQueue/]: Created world gen queue
[31Jul2026 15:45:03.735] [DH-Request Module Ticker [minecraft:the_end] Thread[0]/INFO] [DistantHorizons-DistantHorizons-com.seibel.distanthorizons.core.file.fullDatafile.GeneratedFullDataSourceProvider/]: Set world gen queue for level [minecraft:the_end].
[31Jul2026 15:45:03.775] [Worker-Main-6/INFO] [net.minecraft.server.level.progress.LoggerChunkProgressListener/]: Preparing spawn area: 83%
[31Jul2026 15:45:03.824] [Worker-Main-4/DEBUG] [mixin/]: Mixing aquiferfix.AquiferMixin from bettercaves.mixins.json into net.minecraft.world.level.levelgen.Aquifer$NoiseBasedAquifer
[31Jul2026 15:45:04.222] [Worker-Main-1/INFO] [net.minecraft.server.level.progress.LoggerChunkProgressListener/]: Preparing spawn area: 83%
[31Jul2026 15:45:04.721] [Worker-Main-6/INFO] [net.minecraft.server.level.progress.LoggerChunkProgressListener/]: Preparing spawn area: 83%
[31Jul2026 15:45:04.863] [Netty Server IO #3/INFO] [net.minecraftforge.server.ServerLifecycleHooks/SERVERHOOKS]: Disconnecting Player (server is still starting): literal{Server is still starting! Please wait before reconnecting.}
[31Jul2026 15:45:05.218] [Worker-Main-11/INFO] [net.minecraft.server.level.progress.LoggerChunkProgressListener/]: Preparing spawn area: 83%
[31Jul2026 15:45:05.289] [Netty Server IO #4/INFO] [net.minecraftforge.server.ServerLifecycleHooks/SERVERHOOKS]: Disconnecting Player (server is still starting): literal{Server is still starting! Please wait before reconnecting.}
[31Jul2026 15:45:05.295] [Worker-Main-11/DEBUG] [mixin/]: Mixing BeardifierMixin from yungsapi.mixins.json into net.minecraft.world.level.levelgen.Beardifier
[31Jul2026 15:45:05.297] [Worker-Main-11/DEBUG] [mixin/]: Mixing accessor.BeardifierAccessor from yungsapi.mixins.json into net.minecraft.world.level.levelgen.Beardifier
[31Jul2026 15:45:05.613] [Netty Server IO #5/INFO] [net.minecraftforge.server.ServerLifecycleHooks/SERVERHOOKS]: Disconnecting Player (server is still starting): literal{Server is still starting! Please wait before reconnecting.}
[31Jul2026 15:45:05.722] [Worker-Main-9/INFO] [net.minecraft.server.level.progress.LoggerChunkProgressListener/]: Preparing spawn area: 83%
[31Jul2026 15:45:05.723] [Worker-Main-3/INFO] [citadel/]: merged 6 surface rules with vanilla rule SequenceRuleSource
[31Jul2026 15:45:05.724] [Worker-Main-3/DEBUG] [citadel/]: surface rule recursive depth: 15
[31Jul2026 15:45:05.931] [Netty Server IO #6/INFO] [net.minecraftforge.server.ServerLifecycleHooks/SERVERHOOKS]: Disconnecting Player (server is still starting): literal{Server is still starting! Please wait before reconnecting.}
[31Jul2026 15:45:05.949] [Worker-Main-3/INFO] [bettercaves/]: CREATING AND INIT'ING MASTER CONTROLLER...
[31Jul2026 15:45:05.957] [Worker-Main-3/DEBUG] [bettercaves/]: CAVE INFORMATION
[31Jul2026 15:45:05.957] [Worker-Main-3/DEBUG] [bettercaves/]: --> MAX POSSIBLE THRESHOLD: 1.0
[31Jul2026 15:45:05.957] [Worker-Main-3/DEBUG] [bettercaves/]: --> TOTAL SPAWN WEIGHT: 15
[31Jul2026 15:45:05.957] [Worker-Main-3/DEBUG] [bettercaves/]: --> TOTAL RANGE LENGTH: 2.0
[31Jul2026 15:45:05.958] [Worker-Main-3/DEBUG] [bettercaves/]: --> CARVER
[31Jul2026 15:45:05.958] [Worker-Main-3/DEBUG] [bettercaves/]:     --> RANGE FOUND: [-1.00, 0.33] (0.7890%) -- smooth cutoffs: [-0.29, 0.05]
[31Jul2026 15:45:05.958] [Worker-Main-3/DEBUG] [bettercaves/]: --> CARVER
[31Jul2026 15:45:05.958] [Worker-Main-3/DEBUG] [bettercaves/]:     --> RANGE FOUND: [0.33, 1.00] (0.2110%) -- smooth cutoffs: [0.42, 0.56]
[31Jul2026 15:45:05.961] [Worker-Main-3/DEBUG] [bettercaves/]: CAVERN INFORMATION
[31Jul2026 15:45:05.961] [Worker-Main-3/DEBUG] [bettercaves/]: --> SPAWN CHANCE SET TO: 0.23
[31Jul2026 15:45:05.961] [Worker-Main-3/DEBUG] [bettercaves/]: --> TOTAL SPAWN WEIGHT: 20
[31Jul2026 15:45:05.961] [Worker-Main-3/DEBUG] [bettercaves/]: --> DEADZONE PERCENT: 0.77(0.77 TOTAL)
[31Jul2026 15:45:05.961] [Worker-Main-3/DEBUG] [bettercaves/]: --> CARVER
[31Jul2026 15:45:05.961] [Worker-Main-3/DEBUG] [bettercaves/]:     --> RANGE PERCENT LENGTH WANTED: 0.115
[31Jul2026 15:45:05.961] [Worker-Main-3/DEBUG] [bettercaves/]:     --> RANGE FOUND: [-1.00, -0.46] (0.1207%) -- smooth cutoffs: [-0.61, -0.53]
[31Jul2026 15:45:05.961] [Worker-Main-3/DEBUG] [bettercaves/]: --> CARVER
[31Jul2026 15:45:05.961] [Worker-Main-3/DEBUG] [bettercaves/]:     --> RANGE PERCENT LENGTH WANTED: 0.115
[31Jul2026 15:45:05.961] [Worker-Main-3/DEBUG] [bettercaves/]:     --> RANGE FOUND: [0.48, 0.77] (0.1150%) -- smooth cutoffs: [0.54, 0.63]
[31Jul2026 15:45:05.961] [Worker-Main-3/DEBUG] [bettercaves/]: MASTER CONTROLLER INITIALIZED
[31Jul2026 15:45:06.226] [Worker-Main-1/INFO] [net.minecraft.server.level.progress.LoggerChunkProgressListener/]: Preparing spawn area: 83%
[31Jul2026 15:45:06.268] [Netty Server IO #7/INFO] [net.minecraftforge.server.ServerLifecycleHooks/SERVERHOOKS]: Disconnecting Player (server is still starting): literal{Server is still starting! Please wait before reconnecting.}
[31Jul2026 15:45:06.598] [Netty Server IO #8/INFO] [net.minecraftforge.server.ServerLifecycleHooks/SERVERHOOKS]: Disconnecting Player (server is still starting): literal{Server is still starting! Please wait before reconnecting.}
[31Jul2026 15:45:06.725] [Worker-Main-10/INFO] [net.minecraft.server.level.progress.LoggerChunkProgressListener/]: Preparing spawn area: 88%
[31Jul2026 15:45:06.968] [Netty Server IO #9/INFO] [net.minecraftforge.server.ServerLifecycleHooks/SERVERHOOKS]: Disconnecting Player (server is still starting): literal{Server is still starting! Please wait before reconnecting.}
[31Jul2026 15:45:07.221] [Worker-Main-9/INFO] [net.minecraft.server.level.progress.LoggerChunkProgressListener/]: Preparing spawn area: 94%
[31Jul2026 15:45:07.396] [Netty Server IO #10/INFO] [net.minecraftforge.server.ServerLifecycleHooks/SERVERHOOKS]: Disconnecting Player (server is still starting): literal{Server is still starting! Please wait before reconnecting.}
[31Jul2026 15:45:07.694] [Server thread/INFO] [net.minecraft.server.level.progress.LoggerChunkProgressListener/]: Time elapsed: 4477 ms
[31Jul2026 15:45:07.695] [Server thread/INFO] [net.minecraft.server.dedicated.DedicatedServer/]: Done (7.685s)! For help, type "help"
[31Jul2026 15:45:07.701] [Server thread/DEBUG] [net.minecraftforge.network.DualStackUtils/]: Detected IPv6 address: "0:0:0:0:0:0:0:0"
[31Jul2026 15:45:07.714] [Server thread/DEBUG] [net.minecraftforge.common.ForgeI18n/CORE]: Loading I18N data entries: 7328
[31Jul2026 15:45:07.716] [Server thread/INFO] [net.minecraftforge.server.permission.PermissionAPI/]: Successfully initialized permission handler forge:default_handler
[31Jul2026 15:45:07.785] [Server thread/INFO] [net.bettercombat.logic.WeaponRegistry/]: Encoded Weapon Attribute registry size: 120385 bytes (uncompressed), 6616 bytes (compressed), compression ratio: 94.5% (in 1 string chunks with the size of 10000)
[31Jul2026 15:45:07.834] [Server thread/DEBUG] [net.minecraftforge.coremod.transformer.CoreModBaseTransformer/COREMOD]: Transforming net/minecraft/world/level/NaturalSpawner
[31Jul2026 15:45:07.844] [Server thread/DEBUG] [mixin/]: Mixing NaturalSpawnerMixin from alexscaves.mixins.json into net.minecraft.world.level.NaturalSpawner
[31Jul2026 15:45:07.848] [Server thread/DEBUG] [mixin/]: Mixing item.wearable.NaturalSpawnerMixin from mixins.artifacts.common.json into net.minecraft.world.level.NaturalSpawner
[31Jul2026 15:45:07.849] [Server thread/DEBUG] [mixin/]: Renaming synthetic method lambda$spawnCategoryForPosition$0(Lnet/minecraft/world/entity/Mob;Lnet/minecraft/world/item/ItemStack;)V to md612877$lambda$spawnCategoryForPosition$0$0 in mixins.artifacts.common.json:item.wearable.NaturalSpawnerMixin
[31Jul2026 15:45:08.001] [Server thread/DEBUG] [mixin/]: Mixing item.wearable.charmofsinking.EnchantmentHelperMixin from mixins.artifacts.common.json into net.minecraft.world.item.enchantment.EnchantmentHelper
[31Jul2026 15:45:08.001] [Server thread/DEBUG] [mixin/]: Mixing item.wearable.pendant.EnchantmentHelperMixin from mixins.artifacts.common.json into net.minecraft.world.item.enchantment.EnchantmentHelper
[31Jul2026 15:45:08.355] [Server thread/INFO] [com.github.alexthe666.alexsmobs.AlexsMobs/]: Found Pupfish chunk at 191 ~ 144 after 9 tries
[31Jul2026 15:45:09.274] [Netty Server IO #12/DEBUG] [net.minecraftforge.network.HandshakeHandler/FMLHANDSHAKE]: Starting new modded impl connection. Found 26 messages to dispatch.
[31Jul2026 15:45:09.943] [User Authenticator #1/INFO] [net.minecraft.server.network.ServerLoginPacketListenerImpl/]: UUID of player Culo_Pelu is e5d41ddb-3d3b-4754-99ee-0f20de4d9e94
[31Jul2026 15:45:09.986] [Server thread/DEBUG] [net.minecraftforge.network.HandshakeHandler/FMLHANDSHAKE]: Sending ticking packet info 'net.minecraftforge.network.HandshakeMessages$S2CModData' to 'fml:handshake' sequence 0
[31Jul2026 15:45:10.036] [Server thread/DEBUG] [net.minecraftforge.network.HandshakeHandler/FMLHANDSHAKE]: Sending ticking packet info 'net.minecraftforge.network.HandshakeMessages$S2CModList' to 'fml:handshake' sequence 1
[31Jul2026 15:45:10.041] [Netty Server IO #12/DEBUG] [net.minecraftforge.network.LoginWrapper/FMLHANDSHAKE]: Recieved login wrapper packet event for channel fml:handshake with index 1
[31Jul2026 15:45:10.042] [Netty Server IO #12/DEBUG] [net.minecraftforge.network.HandshakeHandler/FMLHANDSHAKE]: Received client indexed reply 1 of type net.minecraftforge.network.HandshakeMessages$C2SModListReply
[31Jul2026 15:45:10.042] [Netty Server IO #12/DEBUG] [net.minecraftforge.network.HandshakeHandler/FMLHANDSHAKE]: Received client connection with modlist [minecraft, betterdungeons, ambientsounds, playeranimator, creativecore, betteroceanmonuments, trender, notenoughanimations, curios, bettercaves, citadel, alexscaves, alexsmobs, artifacts, yungsapi, mixinextras, betterstrongholds, betterdeserttemples, architectury, distanthorizons, transition, terralith, betterfortresses, cloth_config, simplyswords, bettercombat, sound_physics_remastered, forge, expandability, bettermineshafts, twilightforest, dungeons_arise]
[31Jul2026 15:45:10.043] [Netty Server IO #12/DEBUG] [net.minecraftforge.network.NetworkRegistry/NETREGISTRY]: Channel 'distant_horizons:msg' : Version test of '1' from client : ACCEPTED
[31Jul2026 15:45:10.043] [Netty Server IO #12/DEBUG] [net.minecraftforge.network.NetworkRegistry/NETREGISTRY]: Channel 'fml:loginwrapper' : Version test of 'FML3' from client : ACCEPTED
[31Jul2026 15:45:10.043] [Netty Server IO #12/DEBUG] [net.minecraftforge.network.NetworkRegistry/NETREGISTRY]: Channel 'forge:tier_sorting' : Version test of '1.0' from client : ACCEPTED
[31Jul2026 15:45:10.043] [Netty Server IO #12/DEBUG] [net.minecraftforge.network.NetworkRegistry/NETREGISTRY]: Channel 'alexscaves:main_channel' : Version test of '1' from client : ACCEPTED
[31Jul2026 15:45:10.043] [Netty Server IO #12/DEBUG] [net.minecraftforge.network.NetworkRegistry/NETREGISTRY]: Channel 'bettercombat:network' : Version test of '1.0' from client : ACCEPTED
[31Jul2026 15:45:10.043] [Netty Server IO #12/DEBUG] [net.minecraftforge.network.NetworkRegistry/NETREGISTRY]: Channel 'architectury:network' : Version test of '1' from client : ACCEPTED
[31Jul2026 15:45:10.043] [Netty Server IO #12/DEBUG] [net.minecraftforge.network.NetworkRegistry/NETREGISTRY]: Channel 'alexsmobs:main_channel' : Version test of '1' from client : ACCEPTED
[31Jul2026 15:45:10.043] [Netty Server IO #12/DEBUG] [net.minecraftforge.network.NetworkRegistry/NETREGISTRY]: Channel 'minecraft:unregister' : Version test of 'FML3' from client : ACCEPTED
[31Jul2026 15:45:10.043] [Netty Server IO #12/DEBUG] [net.minecraftforge.network.NetworkRegistry/NETREGISTRY]: Channel 'fml:play' : Version test of 'FML3' from client : ACCEPTED
[31Jul2026 15:45:10.043] [Netty Server IO #12/DEBUG] [net.minecraftforge.network.NetworkRegistry/NETREGISTRY]: Channel 'citadel:main_channel' : Version test of '1' from client : ACCEPTED
[31Jul2026 15:45:10.043] [Netty Server IO #12/DEBUG] [net.minecraftforge.network.NetworkRegistry/NETREGISTRY]: Channel 'creativecore:main' : Version test of '1' from client : ACCEPTED
[31Jul2026 15:45:10.043] [Netty Server IO #12/DEBUG] [net.minecraftforge.network.NetworkRegistry/NETREGISTRY]: Channel 'fml:handshake' : Version test of 'FML3' from client : ACCEPTED
[31Jul2026 15:45:10.043] [Netty Server IO #12/DEBUG] [net.minecraftforge.network.NetworkRegistry/NETREGISTRY]: Channel 'curios:main' : Version test of '1' from client : ACCEPTED
[31Jul2026 15:45:10.043] [Netty Server IO #12/DEBUG] [net.minecraftforge.network.NetworkRegistry/NETREGISTRY]: Channel 'minecraft:register' : Version test of 'FML3' from client : ACCEPTED
[31Jul2026 15:45:10.043] [Netty Server IO #12/DEBUG] [net.minecraftforge.network.NetworkRegistry/NETREGISTRY]: Channel 'forge:split' : Version test of '1.1' from client : ACCEPTED
[31Jul2026 15:45:10.043] [Netty Server IO #12/DEBUG] [net.minecraftforge.network.NetworkRegistry/NETREGISTRY]: Channel 'twilightforest:channel' : Version test of '2' from client : ACCEPTED
[31Jul2026 15:45:10.043] [Netty Server IO #12/DEBUG] [net.minecraftforge.network.NetworkRegistry/NETREGISTRY]: Accepting channel list from client
[31Jul2026 15:45:10.043] [Netty Server IO #12/DEBUG] [net.minecraftforge.network.HandshakeHandler/FMLHANDSHAKE]: Accepted client connection mod list
[31Jul2026 15:45:10.085] [Server thread/DEBUG] [net.minecraftforge.network.HandshakeHandler/FMLHANDSHAKE]: Sending ticking packet info 'Registry minecraft:command_argument_type' to 'fml:handshake' sequence 2
[31Jul2026 15:45:10.087] [Netty Server IO #12/DEBUG] [net.minecraftforge.network.LoginWrapper/FMLHANDSHAKE]: Recieved login wrapper packet event for channel fml:handshake with index 2
[31Jul2026 15:45:10.087] [Netty Server IO #12/DEBUG] [net.minecraftforge.network.HandshakeHandler/FMLHANDSHAKE]: Received client indexed reply 2 of type net.minecraftforge.network.HandshakeMessages$C2SAcknowledge
[31Jul2026 15:45:10.087] [Netty Server IO #12/DEBUG] [net.minecraftforge.network.HandshakeHandler/FMLHANDSHAKE]: Received acknowledgement from client
[31Jul2026 15:45:10.135] [Server thread/DEBUG] [net.minecraftforge.network.HandshakeHandler/FMLHANDSHAKE]: Sending ticking packet info 'Registry minecraft:recipe_serializer' to 'fml:handshake' sequence 3
[31Jul2026 15:45:10.136] [Netty Server IO #12/DEBUG] [net.minecraftforge.network.LoginWrapper/FMLHANDSHAKE]: Recieved login wrapper packet event for channel fml:handshake with index 3
[31Jul2026 15:45:10.137] [Netty Server IO #12/DEBUG] [net.minecraftforge.network.HandshakeHandler/FMLHANDSHAKE]: Received client indexed reply 3 of type net.minecraftforge.network.HandshakeMessages$C2SAcknowledge
[31Jul2026 15:45:10.137] [Netty Server IO #12/DEBUG] [net.minecraftforge.network.HandshakeHandler/FMLHANDSHAKE]: Received acknowledgement from client
[31Jul2026 15:45:10.186] [Server thread/DEBUG] [net.minecraftforge.network.HandshakeHandler/FMLHANDSHAKE]: Sending ticking packet info 'Registry minecraft:sound_event' to 'fml:handshake' sequence 4
[31Jul2026 15:45:10.195] [Netty Server IO #12/DEBUG] [net.minecraftforge.network.LoginWrapper/FMLHANDSHAKE]: Recieved login wrapper packet event for channel fml:handshake with index 4
[31Jul2026 15:45:10.195] [Netty Server IO #12/DEBUG] [net.minecraftforge.network.HandshakeHandler/FMLHANDSHAKE]: Received client indexed reply 4 of type net.minecraftforge.network.HandshakeMessages$C2SAcknowledge
[31Jul2026 15:45:10.195] [Netty Server IO #12/DEBUG] [net.minecraftforge.network.HandshakeHandler/FMLHANDSHAKE]: Received acknowledgement from client
[31Jul2026 15:45:10.236] [Server thread/DEBUG] [net.minecraftforge.network.HandshakeHandler/FMLHANDSHAKE]: Sending ticking packet info 'Registry minecraft:particle_type' to 'fml:handshake' sequence 5
[31Jul2026 15:45:10.238] [Netty Server IO #12/DEBUG] [net.minecraftforge.network.LoginWrapper/FMLHANDSHAKE]: Recieved login wrapper packet event for channel fml:handshake with index 5
[31Jul2026 15:45:10.238] [Netty Server IO #12/DEBUG] [net.minecraftforge.network.HandshakeHandler/FMLHANDSHAKE]: Received client indexed reply 5 of type net.minecraftforge.network.HandshakeMessages$C2SAcknowledge
[31Jul2026 15:45:10.238] [Netty Server IO #12/DEBUG] [net.minecraftforge.network.HandshakeHandler/FMLHANDSHAKE]: Received acknowledgement from client
[31Jul2026 15:45:10.286] [Server thread/DEBUG] [net.minecraftforge.network.HandshakeHandler/FMLHANDSHAKE]: Sending ticking packet info 'Registry minecraft:villager_profession' to 'fml:handshake' sequence 6
[31Jul2026 15:45:10.287] [Netty Server IO #12/DEBUG] [net.minecraftforge.network.LoginWrapper/FMLHANDSHAKE]: Recieved login wrapper packet event for channel fml:handshake with index 6
[31Jul2026 15:45:10.287] [Netty Server IO #12/DEBUG] [net.minecraftforge.network.HandshakeHandler/FMLHANDSHAKE]: Received client indexed reply 6 of type net.minecraftforge.network.HandshakeMessages$C2SAcknowledge
[31Jul2026 15:45:10.287] [Netty Server IO #12/DEBUG] [net.minecraftforge.network.HandshakeHandler/FMLHANDSHAKE]: Received acknowledgement from client
[31Jul2026 15:45:10.335] [Server thread/DEBUG] [net.minecraftforge.network.HandshakeHandler/FMLHANDSHAKE]: Sending ticking packet info 'Registry twilightforest:tiny_bird_variant' to 'fml:handshake' sequence 7
[31Jul2026 15:45:10.336] [Netty Server IO #12/DEBUG] [net.minecraftforge.network.LoginWrapper/FMLHANDSHAKE]: Recieved login wrapper packet event for channel fml:handshake with index 7
[31Jul2026 15:45:10.336] [Netty Server IO #12/DEBUG] [net.minecraftforge.network.HandshakeHandler/FMLHANDSHAKE]: Received client indexed reply 7 of type net.minecraftforge.network.HandshakeMessages$C2SAcknowledge
[31Jul2026 15:45:10.336] [Netty Server IO #12/DEBUG] [net.minecraftforge.network.HandshakeHandler/FMLHANDSHAKE]: Received acknowledgement from client
[31Jul2026 15:45:10.385] [Server thread/DEBUG] [net.minecraftforge.network.HandshakeHandler/FMLHANDSHAKE]: Sending ticking packet info 'Registry minecraft:item' to 'fml:handshake' sequence 8
[31Jul2026 15:45:10.391] [Netty Server IO #12/DEBUG] [net.minecraftforge.network.LoginWrapper/FMLHANDSHAKE]: Recieved login wrapper packet event for channel fml:handshake with index 8
[31Jul2026 15:45:10.391] [Netty Server IO #12/DEBUG] [net.minecraftforge.network.HandshakeHandler/FMLHANDSHAKE]: Received client indexed reply 8 of type net.minecraftforge.network.HandshakeMessages$C2SAcknowledge
[31Jul2026 15:45:10.391] [Netty Server IO #12/DEBUG] [net.minecraftforge.network.HandshakeHandler/FMLHANDSHAKE]: Received acknowledgement from client
[31Jul2026 15:45:10.436] [Server thread/DEBUG] [net.minecraftforge.network.HandshakeHandler/FMLHANDSHAKE]: Sending ticking packet info 'Registry minecraft:potion' to 'fml:handshake' sequence 9
[31Jul2026 15:45:10.437] [Netty Server IO #12/DEBUG] [net.minecraftforge.network.LoginWrapper/FMLHANDSHAKE]: Recieved login wrapper packet event for channel fml:handshake with index 9
[31Jul2026 15:45:10.437] [Netty Server IO #12/DEBUG] [net.minecraftforge.network.HandshakeHandler/FMLHANDSHAKE]: Received client indexed reply 9 of type net.minecraftforge.network.HandshakeMessages$C2SAcknowledge
[31Jul2026 15:45:10.437] [Netty Server IO #12/DEBUG] [net.minecraftforge.network.HandshakeHandler/FMLHANDSHAKE]: Received acknowledgement from client
[31Jul2026 15:45:10.486] [Server thread/DEBUG] [net.minecraftforge.network.HandshakeHandler/FMLHANDSHAKE]: Sending ticking packet info 'Registry minecraft:painting_variant' to 'fml:handshake' sequence 10
[31Jul2026 15:45:10.487] [Netty Server IO #12/DEBUG] [net.minecraftforge.network.LoginWrapper/FMLHANDSHAKE]: Recieved login wrapper packet event for channel fml:handshake with index 10
[31Jul2026 15:45:10.487] [Netty Server IO #12/DEBUG] [net.minecraftforge.network.HandshakeHandler/FMLHANDSHAKE]: Received client indexed reply 10 of type net.minecraftforge.network.HandshakeMessages$C2SAcknowledge
[31Jul2026 15:45:10.487] [Netty Server IO #12/DEBUG] [net.minecraftforge.network.HandshakeHandler/FMLHANDSHAKE]: Received acknowledgement from client
[31Jul2026 15:45:10.535] [Server thread/DEBUG] [net.minecraftforge.network.HandshakeHandler/FMLHANDSHAKE]: Sending ticking packet info 'Registry forge:fluid_type' to 'fml:handshake' sequence 11
[31Jul2026 15:45:10.536] [Netty Server IO #12/DEBUG] [net.minecraftforge.network.LoginWrapper/FMLHANDSHAKE]: Recieved login wrapper packet event for channel fml:handshake with index 11
[31Jul2026 15:45:10.536] [Netty Server IO #12/DEBUG] [net.minecraftforge.network.HandshakeHandler/FMLHANDSHAKE]: Received client indexed reply 11 of type net.minecraftforge.network.HandshakeMessages$C2SAcknowledge
[31Jul2026 15:45:10.536] [Netty Server IO #12/DEBUG] [net.minecraftforge.network.HandshakeHandler/FMLHANDSHAKE]: Received acknowledgement from client
[31Jul2026 15:45:10.585] [Server thread/DEBUG] [net.minecraftforge.network.HandshakeHandler/FMLHANDSHAKE]: Sending ticking packet info 'Registry minecraft:block_entity_type' to 'fml:handshake' sequence 12
[31Jul2026 15:45:10.586] [Netty Server IO #12/DEBUG] [net.minecraftforge.network.LoginWrapper/FMLHANDSHAKE]: Recieved login wrapper packet event for channel fml:handshake with index 12
[31Jul2026 15:45:10.587] [Netty Server IO #12/DEBUG] [net.minecraftforge.network.HandshakeHandler/FMLHANDSHAKE]: Received client indexed reply 12 of type net.minecraftforge.network.HandshakeMessages$C2SAcknowledge
[31Jul2026 15:45:10.587] [Netty Server IO #12/DEBUG] [net.minecraftforge.network.HandshakeHandler/FMLHANDSHAKE]: Received acknowledgement from client
[31Jul2026 15:45:10.635] [Server thread/DEBUG] [net.minecraftforge.network.HandshakeHandler/FMLHANDSHAKE]: Sending ticking packet info 'Registry forge:display_contexts' to 'fml:handshake' sequence 13
[31Jul2026 15:45:10.637] [Netty Server IO #12/DEBUG] [net.minecraftforge.network.LoginWrapper/FMLHANDSHAKE]: Recieved login wrapper packet event for channel fml:handshake with index 13
[31Jul2026 15:45:10.637] [Netty Server IO #12/DEBUG] [net.minecraftforge.network.HandshakeHandler/FMLHANDSHAKE]: Received client indexed reply 13 of type net.minecraftforge.network.HandshakeMessages$C2SAcknowledge
[31Jul2026 15:45:10.637] [Netty Server IO #12/DEBUG] [net.minecraftforge.network.HandshakeHandler/FMLHANDSHAKE]: Received acknowledgement from client
[31Jul2026 15:45:10.686] [Server thread/DEBUG] [net.minecraftforge.network.HandshakeHandler/FMLHANDSHAKE]: Sending ticking packet info 'Registry minecraft:block' to 'fml:handshake' sequence 14
[31Jul2026 15:45:10.690] [Netty Server IO #12/DEBUG] [net.minecraftforge.network.LoginWrapper/FMLHANDSHAKE]: Recieved login wrapper packet event for channel fml:handshake with index 14
[31Jul2026 15:45:10.690] [Netty Server IO #12/DEBUG] [net.minecraftforge.network.HandshakeHandler/FMLHANDSHAKE]: Received client indexed reply 14 of type net.minecraftforge.network.HandshakeMessages$C2SAcknowledge
[31Jul2026 15:45:10.690] [Netty Server IO #12/DEBUG] [net.minecraftforge.network.HandshakeHandler/FMLHANDSHAKE]: Received acknowledgement from client
[31Jul2026 15:45:10.735] [Server thread/DEBUG] [net.minecraftforge.network.HandshakeHandler/FMLHANDSHAKE]: Sending ticking packet info 'Registry forge:entity_data_serializers' to 'fml:handshake' sequence 15
[31Jul2026 15:45:10.736] [Netty Server IO #12/DEBUG] [net.minecraftforge.network.LoginWrapper/FMLHANDSHAKE]: Recieved login wrapper packet event for channel fml:handshake with index 15
[31Jul2026 15:45:10.736] [Netty Server IO #12/DEBUG] [net.minecraftforge.network.HandshakeHandler/FMLHANDSHAKE]: Received client indexed reply 15 of type net.minecraftforge.network.HandshakeMessages$C2SAcknowledge
[31Jul2026 15:45:10.736] [Netty Server IO #12/DEBUG] [net.minecraftforge.network.HandshakeHandler/FMLHANDSHAKE]: Received acknowledgement from client
[31Jul2026 15:45:10.785] [Server thread/DEBUG] [net.minecraftforge.network.HandshakeHandler/FMLHANDSHAKE]: Sending ticking packet info 'Registry minecraft:mob_effect' to 'fml:handshake' sequence 16
[31Jul2026 15:45:10.786] [Netty Server IO #12/DEBUG] [net.minecraftforge.network.LoginWrapper/FMLHANDSHAKE]: Recieved login wrapper packet event for channel fml:handshake with index 16
[31Jul2026 15:45:10.786] [Netty Server IO #12/DEBUG] [net.minecraftforge.network.HandshakeHandler/FMLHANDSHAKE]: Received client indexed reply 16 of type net.minecraftforge.network.HandshakeMessages$C2SAcknowledge
[31Jul2026 15:45:10.786] [Netty Server IO #12/DEBUG] [net.minecraftforge.network.HandshakeHandler/FMLHANDSHAKE]: Received acknowledgement from client
[31Jul2026 15:45:10.835] [Server thread/DEBUG] [net.minecraftforge.network.HandshakeHandler/FMLHANDSHAKE]: Sending ticking packet info 'Registry minecraft:stat_type' to 'fml:handshake' sequence 17
[31Jul2026 15:45:10.836] [Netty Server IO #12/DEBUG] [net.minecraftforge.network.LoginWrapper/FMLHANDSHAKE]: Recieved login wrapper packet event for channel fml:handshake with index 17
[31Jul2026 15:45:10.836] [Netty Server IO #12/DEBUG] [net.minecraftforge.network.HandshakeHandler/FMLHANDSHAKE]: Received client indexed reply 17 of type net.minecraftforge.network.HandshakeMessages$C2SAcknowledge
[31Jul2026 15:45:10.836] [Netty Server IO #12/DEBUG] [net.minecraftforge.network.HandshakeHandler/FMLHANDSHAKE]: Received acknowledgement from client
[31Jul2026 15:45:10.886] [Server thread/DEBUG] [net.minecraftforge.network.HandshakeHandler/FMLHANDSHAKE]: Sending ticking packet info 'Registry twilightforest:enforcement' to 'fml:handshake' sequence 18
[31Jul2026 15:45:10.887] [Netty Server IO #12/DEBUG] [net.minecraftforge.network.LoginWrapper/FMLHANDSHAKE]: Recieved login wrapper packet event for channel fml:handshake with index 18
[31Jul2026 15:45:10.887] [Netty Server IO #12/DEBUG] [net.minecraftforge.network.HandshakeHandler/FMLHANDSHAKE]: Received client indexed reply 18 of type net.minecraftforge.network.HandshakeMessages$C2SAcknowledge
[31Jul2026 15:45:10.887] [Netty Server IO #12/DEBUG] [net.minecraftforge.network.HandshakeHandler/FMLHANDSHAKE]: Received acknowledgement from client
[31Jul2026 15:45:10.936] [Server thread/DEBUG] [net.minecraftforge.network.HandshakeHandler/FMLHANDSHAKE]: Sending ticking packet info 'Registry minecraft:menu' to 'fml:handshake' sequence 19
[31Jul2026 15:45:10.937] [Netty Server IO #12/DEBUG] [net.minecraftforge.network.LoginWrapper/FMLHANDSHAKE]: Recieved login wrapper packet event for channel fml:handshake with index 19
[31Jul2026 15:45:10.937] [Netty Server IO #12/DEBUG] [net.minecraftforge.network.HandshakeHandler/FMLHANDSHAKE]: Received client indexed reply 19 of type net.minecraftforge.network.HandshakeMessages$C2SAcknowledge
[31Jul2026 15:45:10.937] [Netty Server IO #12/DEBUG] [net.minecraftforge.network.HandshakeHandler/FMLHANDSHAKE]: Received acknowledgement from client
[31Jul2026 15:45:10.985] [Server thread/DEBUG] [net.minecraftforge.network.HandshakeHandler/FMLHANDSHAKE]: Sending ticking packet info 'Registry twilightforest:dwarf_rabbit_variant' to 'fml:handshake' sequence 20
[31Jul2026 15:45:10.986] [Netty Server IO #12/DEBUG] [net.minecraftforge.network.LoginWrapper/FMLHANDSHAKE]: Recieved login wrapper packet event for channel fml:handshake with index 20
[31Jul2026 15:45:10.986] [Netty Server IO #12/DEBUG] [net.minecraftforge.network.HandshakeHandler/FMLHANDSHAKE]: Received client indexed reply 20 of type net.minecraftforge.network.HandshakeMessages$C2SAcknowledge
[31Jul2026 15:45:10.986] [Netty Server IO #12/DEBUG] [net.minecraftforge.network.HandshakeHandler/FMLHANDSHAKE]: Received acknowledgement from client
[31Jul2026 15:45:11.036] [Server thread/DEBUG] [net.minecraftforge.network.HandshakeHandler/FMLHANDSHAKE]: Sending ticking packet info 'Registry minecraft:enchantment' to 'fml:handshake' sequence 21
[31Jul2026 15:45:11.037] [Netty Server IO #12/DEBUG] [net.minecraftforge.network.LoginWrapper/FMLHANDSHAKE]: Recieved login wrapper packet event for channel fml:handshake with index 21
[31Jul2026 15:45:11.037] [Netty Server IO #12/DEBUG] [net.minecraftforge.network.HandshakeHandler/FMLHANDSHAKE]: Received client indexed reply 21 of type net.minecraftforge.network.HandshakeMessages$C2SAcknowledge
[31Jul2026 15:45:11.037] [Netty Server IO #12/DEBUG] [net.minecraftforge.network.HandshakeHandler/FMLHANDSHAKE]: Received acknowledgement from client
[31Jul2026 15:45:11.085] [Server thread/DEBUG] [net.minecraftforge.network.HandshakeHandler/FMLHANDSHAKE]: Sending ticking packet info 'Registry minecraft:fluid' to 'fml:handshake' sequence 22
[31Jul2026 15:45:11.086] [Netty Server IO #12/DEBUG] [net.minecraftforge.network.LoginWrapper/FMLHANDSHAKE]: Recieved login wrapper packet event for channel fml:handshake with index 22
[31Jul2026 15:45:11.086] [Netty Server IO #12/DEBUG] [net.minecraftforge.network.HandshakeHandler/FMLHANDSHAKE]: Received client indexed reply 22 of type net.minecraftforge.network.HandshakeMessages$C2SAcknowledge
[31Jul2026 15:45:11.086] [Netty Server IO #12/DEBUG] [net.minecraftforge.network.HandshakeHandler/FMLHANDSHAKE]: Received acknowledgement from client
[31Jul2026 15:45:11.135] [Server thread/DEBUG] [net.minecraftforge.network.HandshakeHandler/FMLHANDSHAKE]: Sending ticking packet info 'Registry minecraft:entity_type' to 'fml:handshake' sequence 23
[31Jul2026 15:45:11.185] [Server thread/DEBUG] [net.minecraftforge.network.HandshakeHandler/FMLHANDSHAKE]: Sending ticking packet info 'Config curios-server.toml' to 'fml:handshake' sequence 24
[31Jul2026 15:45:11.237] [Server thread/DEBUG] [net.minecraftforge.network.HandshakeHandler/FMLHANDSHAKE]: Sending ticking packet info 'Config forge-server.toml' to 'fml:handshake' sequence 25
[31Jul2026 15:45:12.333] [Netty Server IO #12/DEBUG] [net.minecraftforge.network.LoginWrapper/FMLHANDSHAKE]: Recieved login wrapper packet event for channel fml:handshake with index 23
[31Jul2026 15:45:12.333] [Netty Server IO #12/DEBUG] [net.minecraftforge.network.HandshakeHandler/FMLHANDSHAKE]: Received client indexed reply 23 of type net.minecraftforge.network.HandshakeMessages$C2SAcknowledge
[31Jul2026 15:45:12.333] [Netty Server IO #12/DEBUG] [net.minecraftforge.network.HandshakeHandler/FMLHANDSHAKE]: Received acknowledgement from client
[31Jul2026 15:45:12.333] [Netty Server IO #12/DEBUG] [net.minecraftforge.network.LoginWrapper/FMLHANDSHAKE]: Recieved login wrapper packet event for channel fml:handshake with index 24
[31Jul2026 15:45:12.333] [Netty Server IO #12/DEBUG] [net.minecraftforge.network.HandshakeHandler/FMLHANDSHAKE]: Received client indexed reply 24 of type net.minecraftforge.network.HandshakeMessages$C2SAcknowledge
[31Jul2026 15:45:12.333] [Netty Server IO #12/DEBUG] [net.minecraftforge.network.HandshakeHandler/FMLHANDSHAKE]: Received acknowledgement from client
[31Jul2026 15:45:12.333] [Netty Server IO #12/DEBUG] [net.minecraftforge.network.LoginWrapper/FMLHANDSHAKE]: Recieved login wrapper packet event for channel fml:handshake with index 25
[31Jul2026 15:45:12.333] [Netty Server IO #12/DEBUG] [net.minecraftforge.network.HandshakeHandler/FMLHANDSHAKE]: Received client indexed reply 25 of type net.minecraftforge.network.HandshakeMessages$C2SAcknowledge
[31Jul2026 15:45:12.333] [Netty Server IO #12/DEBUG] [net.minecraftforge.network.HandshakeHandler/FMLHANDSHAKE]: Received acknowledgement from client
[31Jul2026 15:45:12.335] [Server thread/DEBUG] [net.minecraftforge.network.HandshakeHandler/FMLHANDSHAKE]: Handshake complete!
[31Jul2026 15:45:12.405] [Server thread/DEBUG] [mixin/]: Mixing FoodDataMixin from alexscaves.mixins.json into net.minecraft.world.food.FoodData
[31Jul2026 15:45:12.437] [Server thread/INFO] [net.minecraft.server.players.PlayerList/]: Culo_Pelu[/100.84.99.125:56185] logged in with entity id 1 at (44.124359336962705, 64.0, 150.72552075519792)
[31Jul2026 15:45:12.447] [Server thread/DEBUG] [net.minecraftforge.network.filters.NetworkFilters/]: Injected net.minecraftforge.network.filters.ForgeConnectionNetworkFilter@70e7390b into net.minecraft.network.Connection@de9aa99
[31Jul2026 15:45:12.470] [Server thread/INFO] [net.minecraft.server.MinecraftServer/]: Culo_Pelu joined the game
[31Jul2026 15:45:12.481] [Server thread/DEBUG] [net.minecraftforge.coremod.transformer.CoreModBaseTransformer/COREMOD]: Transforming m_8543_ with desc ()V
[31Jul2026 15:45:12.559] [Server thread/INFO] [DistantHorizons-DistantHorizons-com.seibel.distanthorizons.core.api.internal.ServerApi/]: Player [Culo_Pelu] joined.
[31Jul2026 15:45:12.668] [Server thread/DEBUG] [artifacts.Artifacts/]: Loaded artifacts.forge.platform.ForgePlatformHelper@16403853 for service interface artifacts.platform.PlatformHelper
[31Jul2026 15:45:19.009] [Server thread/DEBUG] [mixin/]: Mixing swimming.FallLocationMixin from expandability-common.mixins.json into net.minecraft.world.damagesource.FallLocation
[31Jul2026 15:45:20.126] [Server thread/INFO] [net.minecraft.server.network.ServerGamePacketListenerImpl/]: Culo_Pelu lost connection: Disconnected
[31Jul2026 15:45:20.127] [Server thread/INFO] [net.minecraft.server.MinecraftServer/]: Culo_Pelu left the game
[31Jul2026 15:45:20.128] [Server thread/INFO] [DistantHorizons-DistantHorizons-com.seibel.distanthorizons.core.api.internal.ServerApi/]: Player [Culo_Pelu] disconnected.
