[31Jul2026 16:03:24.637] [main/INFO] [cpw.mods.modlauncher.Launcher/MODLAUNCHER]: ModLauncher running: args [--launchTarget, forgeserver, --fml.forgeVersion, 47.4.10, --fml.mcVersion, 1.20.1, --fml.forgeGroup, net.minecraftforge, --fml.mcpVersion, 20230612.114412]
[31Jul2026 16:03:24.640] [main/INFO] [cpw.mods.modlauncher.Launcher/MODLAUNCHER]: ModLauncher 10.0.9+10.0.9+main.dcd20f30 starting: java version 17.0.20 by Eclipse Adoptium; OS Windows 11 arch amd64 version 10.0
[31Jul2026 16:03:24.939] [main/INFO] [net.minecraftforge.fml.loading.ImmediateWindowHandler/]: ImmediateWindowProvider not loading because launch target is forgeserver
[31Jul2026 16:03:24.971] [main/INFO] [mixin/]: SpongePowered MIXIN Subsystem Version=0.8.5 Source=union:/C:/Minecraft/ModdedServer/libraries/org/spongepowered/mixin/0.8.5/mixin-0.8.5.jar%2365!/ Service=ModLauncher Env=SERVER
[31Jul2026 16:03:25.107] [main/WARN] [net.minecraftforge.fml.loading.moddiscovery.ModDiscoverer/SCAN]: Locator {mods folder locator at C:\Minecraft\ModdedServer\mods} returned 1 files which are client-side-only mods, but we're on a dedicated server. They will be skipped!
[31Jul2026 16:03:25.171] [main/WARN] [net.minecraftforge.fml.loading.moddiscovery.ModFileParser/LOADING]: Mod file C:\Minecraft\ModdedServer\libraries\net\minecraftforge\fmlcore\1.20.1-47.4.10\fmlcore-1.20.1-47.4.10.jar is missing mods.toml file
[31Jul2026 16:03:25.172] [main/WARN] [net.minecraftforge.fml.loading.moddiscovery.ModFileParser/LOADING]: Mod file C:\Minecraft\ModdedServer\libraries\net\minecraftforge\javafmllanguage\1.20.1-47.4.10\javafmllanguage-1.20.1-47.4.10.jar is missing mods.toml file
[31Jul2026 16:03:25.174] [main/WARN] [net.minecraftforge.fml.loading.moddiscovery.ModFileParser/LOADING]: Mod file C:\Minecraft\ModdedServer\libraries\net\minecraftforge\lowcodelanguage\1.20.1-47.4.10\lowcodelanguage-1.20.1-47.4.10.jar is missing mods.toml file
[31Jul2026 16:03:25.176] [main/WARN] [net.minecraftforge.fml.loading.moddiscovery.ModFileParser/LOADING]: Mod file C:\Minecraft\ModdedServer\libraries\net\minecraftforge\mclanguage\1.20.1-47.4.10\mclanguage-1.20.1-47.4.10.jar is missing mods.toml file
[31Jul2026 16:03:25.294] [main/INFO] [net.minecraftforge.fml.loading.moddiscovery.JarInJarDependencyLocator/]: Found 5 dependencies adding them to mods collection
[31Jul2026 16:03:26.585] [main/INFO] [mixin/]: Compatibility level set to JAVA_17
[31Jul2026 16:03:26.702] [main/INFO] [mixin/]: Successfully loaded Mixin Connector [com.sonicether.soundphysics.MixinConnector]
[31Jul2026 16:03:26.703] [main/INFO] [cpw.mods.modlauncher.LaunchServiceHandler/MODLAUNCHER]: Launching target 'forgeserver' with arguments []
[31Jul2026 16:03:26.808] [main/WARN] [mixin/]: Reference map 'simplyswords-forge-refmap.json' for simplyswords.mixins.json could not be read. If this is a development environment you can ignore this message
[31Jul2026 16:03:26.819] [main/INFO] [Embeddium/]: Loaded configuration file for Embeddium: 86 options available, 0 override(s) found
[31Jul2026 16:03:27.469] [main/INFO] [MixinExtras|Service/]: Initializing MixinExtras via com.llamalad7.mixinextras.service.MixinExtrasServiceImpl(version=0.3.5).
[31Jul2026 16:03:31.513] [main/WARN] [mixin/]: Mixin alexscaves.mixins.json:SwampHutPieceMixin has multiple constructors, (Lnet/minecraft/world/level/levelgen/structure/pieces/StructurePieceType;IIIIIILnet/minecraft/core/Direction;)V was selected

[31Jul2026 16:03:32.081] [modloading-worker-0/INFO] [xaero.common.HudMod/]: Registering common data for channel xaerominimap:main!
[31Jul2026 16:03:32.166] [modloading-worker-0/INFO] [dev.architectury.networking.forge.NetworkManagerImpl/]: Registering C2S receiver with id architectury:sync_ids
[31Jul2026 16:03:32.168] [modloading-worker-0/INFO] [dev.architectury.networking.forge.NetworkManagerImpl/]: Registering C2S receiver with id artifacts:networking_channel/42a7ad70b1cc371599a0eff744096b8a
[31Jul2026 16:03:32.171] [modloading-worker-0/INFO] [dev.architectury.networking.forge.NetworkManagerImpl/]: Registering C2S receiver with id artifacts:networking_channel/74a5e841822a3a87854ae896a33430d6
[31Jul2026 16:03:32.174] [modloading-worker-0/INFO] [dev.architectury.networking.forge.NetworkManagerImpl/]: Registering C2S receiver with id artifacts:networking_channel/eb3d1e2748533430848cadf0f37c7e9c
[31Jul2026 16:03:32.177] [modloading-worker-0/INFO] [dev.architectury.networking.forge.NetworkManagerImpl/]: Registering C2S receiver with id artifacts:networking_channel/91c8520f19f93b3e8b6a727568e194ab
[31Jul2026 16:03:32.180] [modloading-worker-0/INFO] [dev.architectury.networking.forge.NetworkManagerImpl/]: Registering C2S receiver with id artifacts:networking_channel/8c2784d778293fd482ed84b8aa5fedb9
[31Jul2026 16:03:32.182] [modloading-worker-0/INFO] [dev.architectury.networking.forge.NetworkManagerImpl/]: Registering C2S receiver with id artifacts:networking_channel/ea038224ea783d40b2863f52239e2604
[31Jul2026 16:03:32.185] [modloading-worker-0/INFO] [dev.architectury.networking.forge.NetworkManagerImpl/]: Registering C2S receiver with id artifacts:networking_channel/97ad64b7ecaf33209991c4f031501a58
[31Jul2026 16:03:32.211] [modloading-worker-0/INFO] [xaero.common.HudMod/]: Loading primary common config for channel xaerominimap:main!
[31Jul2026 16:03:32.220] [modloading-worker-0/INFO] [xaero.common.HudMod/]: Loading server config profiles for channel xaerominimap:main!
[31Jul2026 16:03:32.225] [modloading-worker-0/INFO] [xaero.map.WorldMap/]: Registering common data for channel xaeroworldmap:main!
[31Jul2026 16:03:32.245] [modloading-worker-0/INFO] [xaero.map.WorldMap/]: Loading primary common config for channel xaeroworldmap:main!
[31Jul2026 16:03:32.248] [modloading-worker-0/INFO] [xaero.map.WorldMap/]: Loading server config profiles for channel xaeroworldmap:main!
[31Jul2026 16:03:32.252] [modloading-worker-0/INFO] [xaero.lib.XaeroLib/]: Registering common data for channel xaerolib:main!
[31Jul2026 16:03:32.257] [modloading-worker-0/INFO] [xaero.lib.XaeroLib/]: Loading primary common config for channel xaerolib:main!
[31Jul2026 16:03:32.259] [modloading-worker-0/INFO] [xaero.lib.XaeroLib/]: Loading server config profiles for channel xaerolib:main!
[31Jul2026 16:03:32.262] [modloading-worker-0/INFO] [net.blay09.mods.balm.forge.config.ForgeBalmConfig/]: Registering config for waystones:common (COMMON) with 46 properties.
[31Jul2026 16:03:32.274] [modloading-worker-0/INFO] [be.florens.expandability.ExpandAbility/]: ExpandAbility here, who dis?
[31Jul2026 16:03:32.284] [modloading-worker-0/INFO] [net.minecraftforge.common.ForgeMod/FORGEMOD]: Forge mod loading, version 47.4.10, for MC 1.20.1 with MCP 20230612.114412
[31Jul2026 16:03:32.284] [modloading-worker-0/INFO] [net.minecraftforge.common.MinecraftForge/FORGE]: MinecraftForge v47.4.10 Initialized
[31Jul2026 16:03:32.528] [modloading-worker-0/WARN] [yungsapi/]: WARNING: block Block{minecraft:iron_ore} added to BlockStateRandomizer exceeds max probabiltiy of 1!
[31Jul2026 16:03:34.394] [main/WARN] [net.minecraft.network.syncher.SynchedEntityData/]: defineId called for: class com.github.alexmodguy.alexscaves.server.entity.living.TremorzillaEntity from class com.github.alexmodguy.alexscaves.server.entity.living.LicowitchEntity
[31Jul2026 16:03:34.522] [main/WARN] [yungsapi/]: WARNING: block Block{minecraft:iron_ore} added to BlockStateRandomizer exceeds max probabiltiy of 1!
[31Jul2026 16:03:34.524] [modloading-worker-0/INFO] [xaero.lib.XaeroLib/]: Loading XaeroLib common 1/2!
[31Jul2026 16:03:34.705] [Forge Version Check/INFO] [net.minecraftforge.fml.VersionChecker/]: [sound_physics_remastered] Starting version check at https://update.maxhenkel.de/forge/sound_physics_remastered
[31Jul2026 16:03:35.008] [modloading-worker-0/INFO] [xaero.lib.XaeroLib/]: Loading XaeroLib server 1/2!
[31Jul2026 16:03:35.008] [modloading-worker-0/INFO] [xaero.minimap.XaeroMinimap/]: Loading Xaero's Minimap - Stage 1/2 (Server)
[31Jul2026 16:03:35.009] [modloading-worker-0/INFO] [xaero.map.server.WorldMapServer/]: Loading Xaero's World Map - Stage 1/2 (Server)
[31Jul2026 16:03:35.012] [modloading-worker-0/INFO] [DistantHorizons-DistantHorizons-com.seibel.distanthorizons.common.AbstractModInitializer_forge/]: Initializing Distant Horizons server, firing DhApiBeforeDhInitEvent event...
[31Jul2026 16:03:35.021] [modloading-worker-0/INFO] [DistantHorizons-DistantHorizons-com.seibel.distanthorizons.core.Initializer/]: Running library validation...
[31Jul2026 16:03:35.095] [modloading-worker-0/INFO] [DistantHorizons-DistantHorizons-com.seibel.distanthorizons.common.AbstractModInitializer_forge/]: Distant Horizons, Version: 3.2.0-b
[31Jul2026 16:03:35.104] [modloading-worker-0/INFO] [DistantHorizons-DistantHorizons-com.seibel.distanthorizons.common.AbstractModInitializer_forge/]: Skipping mod compatibility accessor for: [optifine]
[31Jul2026 16:03:35.105] [modloading-worker-0/INFO] [DistantHorizons-DistantHorizons-com.seibel.distanthorizons.common.AbstractModInitializer_forge/]: Skipping mod compatibility accessor for: [oculus]
[31Jul2026 16:03:35.105] [modloading-worker-0/INFO] [DistantHorizons-DistantHorizons-com.seibel.distanthorizons.common.AbstractModInitializer_forge/]: Skipping mod compatibility accessor for: Immersive Portals
[31Jul2026 16:03:35.105] [modloading-worker-0/INFO] [DistantHorizons-DistantHorizons-com.seibel.distanthorizons.common.AbstractModInitializer_forge/]: Distant Horizons server Initialized, adding event subscribers...
[31Jul2026 16:03:35.107] [main/INFO] [xaero.lib.XaeroLib/]: Loading XaeroLib common 2/2!
[31Jul2026 16:03:35.107] [main/INFO] [xaero.lib.XaeroLib/]: Loading XaeroLib server 2/2!
[31Jul2026 16:03:35.108] [main/INFO] [xaero.map.server.WorldMapServer/]: Loading Xaero's World Map - Stage 2/2 (Server)
[31Jul2026 16:03:35.108] [main/INFO] [xaero.minimap.XaeroMinimap/]: Loading Xaero's Minimap - Stage 2/2 (Server)
[31Jul2026 16:03:35.156] [modloading-worker-0/INFO] [Jade/]: Start loading plugin at snownee.jade.addon.vanilla.VanillaPlugin
[31Jul2026 16:03:35.170] [modloading-worker-0/INFO] [Jade/]: Start loading plugin at snownee.jade.addon.universal.UniversalPlugin
[31Jul2026 16:03:35.173] [modloading-worker-0/INFO] [Jade/]: Start loading plugin at snownee.jade.addon.core.CorePlugin
[31Jul2026 16:03:35.174] [modloading-worker-0/INFO] [Jade/]: Start loading plugin at net.blay09.mods.waystones.compat.JadeIntegration
[31Jul2026 16:03:35.175] [modloading-worker-0/INFO] [Jade/]: Start loading plugin at net.blay09.mods.balm.forge.compat.hudinfo.ForgeJadeModCompat
[31Jul2026 16:03:35.175] [modloading-worker-0/INFO] [Jade/]: Start loading plugin at twilightforest.compat.jade.JadeCompat
[31Jul2026 16:03:35.345] [Forge Version Check/INFO] [net.minecraftforge.fml.VersionChecker/]: [sound_physics_remastered] Found status: AHEAD Current: 1.20.1-1.5.1 Target: null
[31Jul2026 16:03:35.346] [Forge Version Check/INFO] [net.minecraftforge.fml.VersionChecker/]: [forge] Starting version check at https://files.minecraftforge.net/net/minecraftforge/forge/promotions_slim.json
[31Jul2026 16:03:35.668] [Forge Version Check/INFO] [net.minecraftforge.fml.VersionChecker/]: [forge] Found status: UP_TO_DATE Current: 47.4.10 Target: null
[31Jul2026 16:03:35.668] [Forge Version Check/INFO] [net.minecraftforge.fml.VersionChecker/]: [twilightforest] Starting version check at https://gh.tamaized.com/TeamTwilight/twilightforest/update.json
[31Jul2026 16:03:36.096] [Forge Version Check/INFO] [net.minecraftforge.fml.VersionChecker/]: [twilightforest] Found status: AHEAD Current: 4.3.2508 Target: null
[31Jul2026 16:03:37.319] [main/INFO] [com.mojang.authlib.yggdrasil.YggdrasilAuthenticationService/]: Environment: authHost='https://authserver.mojang.com', accountsHost='https://api.mojang.com', sessionHost='https://sessionserver.mojang.com', servicesHost='https://api.minecraftservices.com', name='PROD'
[31Jul2026 16:03:37.362] [main/WARN] [net.minecraft.server.packs.VanillaPackResourcesBuilder/]: Assets URL 'union:/C:/Minecraft/ModdedServer/libraries/net/minecraft/server/1.20.1-20230612.114412/server-1.20.1-20230612.114412-srg.jar%23173!/assets/.mcassetsroot' uses unexpected schema
[31Jul2026 16:03:37.363] [main/WARN] [net.minecraft.server.packs.VanillaPackResourcesBuilder/]: Assets URL 'union:/C:/Minecraft/ModdedServer/libraries/net/minecraft/server/1.20.1-20230612.114412/server-1.20.1-20230612.114412-srg.jar%23173!/data/.mcassetsroot' uses unexpected schema
[31Jul2026 16:03:38.638] [main/INFO] [com.github.alexthe666.alexsmobs.AlexsMobs/]: Adding datapack listener capsid_recipes
[31Jul2026 16:03:39.396] [Worker-Main-7/ERROR] [net.minecraftforge.common.ForgeHooks/]: Couldn't parse element loot_tables:simplyswords:grant_book_on_first_join
com.google.gson.JsonSyntaxException: Expected name to be an item, was unknown string 'patchouli:guide_book'
	at net.minecraft.util.GsonHelper.m_13866_(GsonHelper.java:145) ~[server-1.20.1-20230612.114412-srg.jar%23173!/:?]
	at java.util.Optional.orElseThrow(Optional.java:403) ~[?:?]
	at net.minecraft.util.GsonHelper.m_13874_(GsonHelper.java:145) ~[server-1.20.1-20230612.114412-srg.jar%23173!/:?]
	at net.minecraft.util.GsonHelper.m_13909_(GsonHelper.java:153) ~[server-1.20.1-20230612.114412-srg.jar%23173!/:?]
	at net.minecraft.world.level.storage.loot.entries.LootItem$Serializer.m_7267_(LootItem.java:55) ~[server-1.20.1-20230612.114412-srg.jar%23173!/:?]
	at net.minecraft.world.level.storage.loot.entries.LootItem$Serializer.m_7267_(LootItem.java:40) ~[server-1.20.1-20230612.114412-srg.jar%23173!/:?]
	at net.minecraft.world.level.storage.loot.entries.LootPoolSingletonContainer$Serializer.m_5921_(LootPoolSingletonContainer.java:151) ~[server-1.20.1-20230612.114412-srg.jar%23173!/:?]
	at net.minecraft.world.level.storage.loot.entries.LootPoolSingletonContainer$Serializer.m_5921_(LootPoolSingletonContainer.java:129) ~[server-1.20.1-20230612.114412-srg.jar%23173!/:?]
	at net.minecraft.world.level.storage.loot.entries.LootPoolEntryContainer$Serializer.m_7561_(LootPoolEntryContainer.java:86) ~[server-1.20.1-20230612.114412-srg.jar%23173!/:?]
	at net.minecraft.world.level.storage.loot.entries.LootPoolEntryContainer$Serializer.m_7561_(LootPoolEntryContainer.java:74) ~[server-1.20.1-20230612.114412-srg.jar%23173!/:?]
	at net.minecraft.world.level.storage.loot.GsonAdapterFactory$JsonAdapter.deserialize(GsonAdapterFactory.java:102) ~[server-1.20.1-20230612.114412-srg.jar%23173!/:?]
	at com.google.gson.internal.bind.TreeTypeAdapter.read(TreeTypeAdapter.java:76) ~[gson-2.10.jar%2372!/:?]
	at com.google.gson.internal.bind.TypeAdapterRuntimeTypeWrapper.read(TypeAdapterRuntimeTypeWrapper.java:40) ~[gson-2.10.jar%2372!/:?]
	at com.google.gson.internal.bind.ArrayTypeAdapter.read(ArrayTypeAdapter.java:72) ~[gson-2.10.jar%2372!/:?]
	at com.google.gson.Gson.fromJson(Gson.java:1214) ~[gson-2.10.jar%2372!/:?]
	at com.google.gson.Gson.fromJson(Gson.java:1319) ~[gson-2.10.jar%2372!/:?]
	at com.google.gson.Gson.fromJson(Gson.java:1290) ~[gson-2.10.jar%2372!/:?]
	at com.google.gson.internal.bind.TreeTypeAdapter$GsonContextImpl.deserialize(TreeTypeAdapter.java:179) ~[gson-2.10.jar%2372!/:?]
	at net.minecraft.util.GsonHelper.m_13808_(GsonHelper.java:463) ~[server-1.20.1-20230612.114412-srg.jar%23173!/:?]
	at net.minecraft.util.GsonHelper.m_13836_(GsonHelper.java:471) ~[server-1.20.1-20230612.114412-srg.jar%23173!/:?]
	at net.minecraft.world.level.storage.loot.LootPool$Serializer.deserialize(LootPool.java:192) ~[server-1.20.1-20230612.114412-srg.jar%23173!/:?]
	at net.minecraft.world.level.storage.loot.LootPool$Serializer.deserialize(LootPool.java:189) ~[server-1.20.1-20230612.114412-srg.jar%23173!/:?]
	at com.google.gson.internal.bind.TreeTypeAdapter.read(TreeTypeAdapter.java:76) ~[gson-2.10.jar%2372!/:?]
	at com.google.gson.internal.bind.TypeAdapterRuntimeTypeWrapper.read(TypeAdapterRuntimeTypeWrapper.java:40) ~[gson-2.10.jar%2372!/:?]
	at com.google.gson.internal.bind.ArrayTypeAdapter.read(ArrayTypeAdapter.java:72) ~[gson-2.10.jar%2372!/:?]
	at com.google.gson.Gson.fromJson(Gson.java:1214) ~[gson-2.10.jar%2372!/:?]
	at com.google.gson.Gson.fromJson(Gson.java:1319) ~[gson-2.10.jar%2372!/:?]
	at com.google.gson.Gson.fromJson(Gson.java:1290) ~[gson-2.10.jar%2372!/:?]
	at com.google.gson.internal.bind.TreeTypeAdapter$GsonContextImpl.deserialize(TreeTypeAdapter.java:179) ~[gson-2.10.jar%2372!/:?]
	at net.minecraft.util.GsonHelper.m_13808_(GsonHelper.java:463) ~[server-1.20.1-20230612.114412-srg.jar%23173!/:?]
	at net.minecraft.util.GsonHelper.m_13845_(GsonHelper.java:481) ~[server-1.20.1-20230612.114412-srg.jar%23173!/:?]
	at net.minecraft.world.level.storage.loot.LootTable$Serializer.deserialize(LootTable.java:294) ~[server-1.20.1-20230612.114412-srg.jar%23173!/:?]
	at net.minecraft.world.level.storage.loot.LootTable$Serializer.deserialize(LootTable.java:291) ~[server-1.20.1-20230612.114412-srg.jar%23173!/:?]
	at com.google.gson.internal.bind.TreeTypeAdapter.read(TreeTypeAdapter.java:76) ~[gson-2.10.jar%2372!/:?]
	at com.google.gson.Gson.fromJson(Gson.java:1214) ~[gson-2.10.jar%2372!/:?]
	at com.google.gson.Gson.fromJson(Gson.java:1319) ~[gson-2.10.jar%2372!/:?]
	at com.google.gson.Gson.fromJson(Gson.java:1261) ~[gson-2.10.jar%2372!/:?]
	at net.minecraftforge.common.ForgeHooks.loadLootTable(ForgeHooks.java:872) ~[forge-1.20.1-47.4.10-universal.jar%23178!/:?]
	at net.minecraftforge.common.ForgeHooks.lambda$getLootTableDeserializer$3(ForgeHooks.java:849) ~[forge-1.20.1-47.4.10-universal.jar%23178!/:?]
	at net.minecraft.world.level.storage.loot.LootDataType.deserialize(LootDataType.java:45) ~[server-1.20.1-20230612.114412-srg.jar%23173!/:?]
	at net.minecraft.world.level.storage.loot.LootDataManager.lambda$scheduleElementParse$4(LootDataManager.java:56) ~[server-1.20.1-20230612.114412-srg.jar%23173!/:?]
	at java.util.HashMap.forEach(HashMap.java:1421) ~[?:?]
	at net.minecraft.world.level.storage.loot.LootDataManager.m_278660_(LootDataManager.java:55) ~[server-1.20.1-20230612.114412-srg.jar%23173!/:?]
	at java.util.concurrent.CompletableFuture$AsyncRun.run(CompletableFuture.java:1804) ~[?:?]
	at java.util.concurrent.CompletableFuture$AsyncRun.exec(CompletableFuture.java:1796) ~[?:?]
	at java.util.concurrent.ForkJoinTask.doExec(ForkJoinTask.java:373) ~[?:?]
	at java.util.concurrent.ForkJoinPool$WorkQueue.topLevelExec(ForkJoinPool.java:1182) ~[?:?]
	at java.util.concurrent.ForkJoinPool.scan(ForkJoinPool.java:1655) ~[?:?]
	at java.util.concurrent.ForkJoinPool.runWorker(ForkJoinPool.java:1622) ~[?:?]
	at java.util.concurrent.ForkJoinWorkerThread.run(ForkJoinWorkerThread.java:165) ~[?:?]
[31Jul2026 16:03:41.313] [main/INFO] [net.minecraft.world.item.crafting.RecipeManager/]: Skipping loading recipe twilightforest:jeed/poison as it's serializer returned null
[31Jul2026 16:03:41.334] [main/INFO] [net.minecraft.world.item.crafting.RecipeManager/]: Skipping loading recipe twilightforest:jeed/frosted as it's serializer returned null
[31Jul2026 16:03:41.339] [main/INFO] [net.minecraft.world.item.crafting.RecipeManager/]: Skipping loading recipe twilightforest:jeed/blindness as it's serializer returned null
[31Jul2026 16:03:41.339] [main/INFO] [net.minecraft.world.item.crafting.RecipeManager/]: Skipping loading recipe twilightforest:jeed/hunger as it's serializer returned null
[31Jul2026 16:03:41.340] [main/INFO] [net.minecraft.world.item.crafting.RecipeManager/]: Skipping loading recipe twilightforest:jeed/regeneration as it's serializer returned null
[31Jul2026 16:03:41.341] [main/INFO] [net.minecraft.world.item.crafting.RecipeManager/]: Skipping loading recipe twilightforest:jeed/slowness as it's serializer returned null
[31Jul2026 16:03:41.344] [main/INFO] [net.minecraft.world.item.crafting.RecipeManager/]: Skipping loading recipe twilightforest:jeed/fire_resistance as it's serializer returned null
[31Jul2026 16:03:41.344] [main/INFO] [net.minecraft.world.item.crafting.RecipeManager/]: Skipping loading recipe twilightforest:jeed/resistance as it's serializer returned null
[31Jul2026 16:03:41.346] [main/INFO] [net.minecraft.world.item.crafting.RecipeManager/]: Loaded 11 recipes
[31Jul2026 16:03:41.429] [main/INFO] [net.minecraft.advancements.AdvancementList/]: Loaded 2017 advancements
[31Jul2026 16:03:41.437] [main/INFO] [top.theillusivec4.curios.Curios/]: Loaded 11 curio slots
[31Jul2026 16:03:41.443] [main/INFO] [top.theillusivec4.curios.Curios/]: Loaded 11 curio entities
[31Jul2026 16:03:41.445] [main/INFO] [twilightforest/]: Loaded 9 Stalactite configs!
[31Jul2026 16:03:43.273] [Server thread/INFO] [net.minecraft.server.dedicated.DedicatedServer/]: Starting minecraft server version 1.20.1
[31Jul2026 16:03:43.274] [Server thread/INFO] [net.minecraft.server.dedicated.DedicatedServer/]: Loading properties
[31Jul2026 16:03:43.274] [Server thread/INFO] [net.minecraft.server.dedicated.DedicatedServer/]: Default game type: CREATIVE
[31Jul2026 16:03:43.274] [Server thread/INFO] [net.minecraft.server.MinecraftServer/]: Generating keypair
[31Jul2026 16:03:43.328] [Server thread/INFO] [net.minecraft.server.dedicated.DedicatedServer/]: Starting Minecraft server on *:25565
[31Jul2026 16:03:43.341] [Server thread/INFO] [net.minecraft.server.network.ServerConnectionListener/]: Using default channel type
[31Jul2026 16:03:43.445] [Server thread/WARN] [net.minecraftforge.common.ForgeConfigSpec/CORE]: Configuration file .\world\serverconfig\jei-server.toml is not correct. Correcting
[31Jul2026 16:03:43.447] [Server thread/WARN] [net.minecraftforge.common.ForgeConfigSpec/CORE]: Incorrect key cheat mode was corrected from null to its default, SimpleCommentedConfig:{}. 
[31Jul2026 16:03:43.447] [Server thread/WARN] [net.minecraftforge.common.ForgeConfigSpec/CORE]: Incorrect key cheat mode.enableCheatModeForOp was corrected from null to its default, true. 
[31Jul2026 16:03:43.447] [Server thread/WARN] [net.minecraftforge.common.ForgeConfigSpec/CORE]: Incorrect key cheat mode.enableCheatModeForCreative was corrected from null to its default, true. 
[31Jul2026 16:03:43.447] [Server thread/WARN] [net.minecraftforge.common.ForgeConfigSpec/CORE]: Incorrect key cheat mode.enableCheatModeForGive was corrected from null to its default, false. 
[31Jul2026 16:03:43.449] [Server thread/WARN] [net.minecraftforge.common.ForgeConfigSpec/CORE]: Configuration file .\world\serverconfig\curios-server.toml is not correct. Correcting
[31Jul2026 16:03:43.450] [Server thread/WARN] [net.minecraftforge.common.ForgeConfigSpec/CORE]: Incorrect key keepCurios was corrected from null to its default, DEFAULT. 
[31Jul2026 16:03:43.450] [Server thread/WARN] [net.minecraftforge.common.ForgeConfigSpec/CORE]: Incorrect key menu was corrected from null to its default, SimpleCommentedConfig:{}. 
[31Jul2026 16:03:43.450] [Server thread/WARN] [net.minecraftforge.common.ForgeConfigSpec/CORE]: Incorrect key menu.enableLegacyMenu was corrected from null to its default, false. 
[31Jul2026 16:03:43.451] [Server thread/WARN] [net.minecraftforge.common.ForgeConfigSpec/CORE]: Incorrect key menu.experimental was corrected from null to its default, SimpleCommentedConfig:{}. 
[31Jul2026 16:03:43.451] [Server thread/WARN] [net.minecraftforge.common.ForgeConfigSpec/CORE]: Incorrect key menu.experimental.minimumColumns was corrected from null to its default, 1. 
[31Jul2026 16:03:43.451] [Server thread/WARN] [net.minecraftforge.common.ForgeConfigSpec/CORE]: Incorrect key menu.experimental.maxSlotsPerPage was corrected from null to its default, 48. 
[31Jul2026 16:03:43.453] [Server thread/WARN] [net.minecraftforge.common.ForgeConfigSpec/CORE]: Configuration file .\world\serverconfig\sophisticatedbackpacks-server.toml is not correct. Correcting
[31Jul2026 16:03:43.453] [Server thread/WARN] [net.minecraftforge.common.ForgeConfigSpec/CORE]: Incorrect key server was corrected from null to its default, SimpleCommentedConfig:{}. 
[31Jul2026 16:03:43.453] [Server thread/WARN] [net.minecraftforge.common.ForgeConfigSpec/CORE]: Incorrect key server.disallowedItems was corrected from null to its default, []. 
[31Jul2026 16:03:43.453] [Server thread/WARN] [net.minecraftforge.common.ForgeConfigSpec/CORE]: Incorrect key server.containerItemsDisallowed was corrected from null to its default, false. 
[31Jul2026 16:03:43.453] [Server thread/WARN] [net.minecraftforge.common.ForgeConfigSpec/CORE]: Incorrect key server.noInteractionBlocks was corrected from null to its default, []. 
[31Jul2026 16:03:43.454] [Server thread/WARN] [net.minecraftforge.common.ForgeConfigSpec/CORE]: Incorrect key server.noConnectionBlocks was corrected from null to its default, []. 
[31Jul2026 16:03:43.454] [Server thread/WARN] [net.minecraftforge.common.ForgeConfigSpec/CORE]: Incorrect key server.allBlockConnectionsDisallowed was corrected from null to its default, false. 
[31Jul2026 16:03:43.454] [Server thread/WARN] [net.minecraftforge.common.ForgeConfigSpec/CORE]: Incorrect key server.leatherBackpack was corrected from null to its default, SimpleCommentedConfig:{}. 
[31Jul2026 16:03:43.454] [Server thread/WARN] [net.minecraftforge.common.ForgeConfigSpec/CORE]: Incorrect key server.leatherBackpack.inventorySlotCount was corrected from null to its default, 27. 
[31Jul2026 16:03:43.454] [Server thread/WARN] [net.minecraftforge.common.ForgeConfigSpec/CORE]: Incorrect key server.leatherBackpack.upgradeSlotCount was corrected from null to its default, 1. 
[31Jul2026 16:03:43.454] [Server thread/WARN] [net.minecraftforge.common.ForgeConfigSpec/CORE]: Incorrect key server.copperBackpack was corrected from null to its default, SimpleCommentedConfig:{}. 
[31Jul2026 16:03:43.454] [Server thread/WARN] [net.minecraftforge.common.ForgeConfigSpec/CORE]: Incorrect key server.copperBackpack.inventorySlotCount was corrected from null to its default, 45. 
[31Jul2026 16:03:43.454] [Server thread/WARN] [net.minecraftforge.common.ForgeConfigSpec/CORE]: Incorrect key server.copperBackpack.upgradeSlotCount was corrected from null to its default, 1. 
[31Jul2026 16:03:43.455] [Server thread/WARN] [net.minecraftforge.common.ForgeConfigSpec/CORE]: Incorrect key server.ironBackpack was corrected from null to its default, SimpleCommentedConfig:{}. 
[31Jul2026 16:03:43.455] [Server thread/WARN] [net.minecraftforge.common.ForgeConfigSpec/CORE]: Incorrect key server.ironBackpack.inventorySlotCount was corrected from null to its default, 54. 
[31Jul2026 16:03:43.455] [Server thread/WARN] [net.minecraftforge.common.ForgeConfigSpec/CORE]: Incorrect key server.ironBackpack.upgradeSlotCount was corrected from null to its default, 2. 
[31Jul2026 16:03:43.455] [Server thread/WARN] [net.minecraftforge.common.ForgeConfigSpec/CORE]: Incorrect key server.goldBackpack was corrected from null to its default, SimpleCommentedConfig:{}. 
[31Jul2026 16:03:43.455] [Server thread/WARN] [net.minecraftforge.common.ForgeConfigSpec/CORE]: Incorrect key server.goldBackpack.inventorySlotCount was corrected from null to its default, 81. 
[31Jul2026 16:03:43.455] [Server thread/WARN] [net.minecraftforge.common.ForgeConfigSpec/CORE]: Incorrect key server.goldBackpack.upgradeSlotCount was corrected from null to its default, 3. 
[31Jul2026 16:03:43.455] [Server thread/WARN] [net.minecraftforge.common.ForgeConfigSpec/CORE]: Incorrect key server.diamondBackpack was corrected from null to its default, SimpleCommentedConfig:{}. 
[31Jul2026 16:03:43.455] [Server thread/WARN] [net.minecraftforge.common.ForgeConfigSpec/CORE]: Incorrect key server.diamondBackpack.inventorySlotCount was corrected from null to its default, 108. 
[31Jul2026 16:03:43.455] [Server thread/WARN] [net.minecraftforge.common.ForgeConfigSpec/CORE]: Incorrect key server.diamondBackpack.upgradeSlotCount was corrected from null to its default, 5. 
[31Jul2026 16:03:43.456] [Server thread/WARN] [net.minecraftforge.common.ForgeConfigSpec/CORE]: Incorrect key server.netheriteBackpack was corrected from null to its default, SimpleCommentedConfig:{}. 
[31Jul2026 16:03:43.456] [Server thread/WARN] [net.minecraftforge.common.ForgeConfigSpec/CORE]: Incorrect key server.netheriteBackpack.inventorySlotCount was corrected from null to its default, 120. 
[31Jul2026 16:03:43.456] [Server thread/WARN] [net.minecraftforge.common.ForgeConfigSpec/CORE]: Incorrect key server.netheriteBackpack.upgradeSlotCount was corrected from null to its default, 7. 
[31Jul2026 16:03:43.456] [Server thread/WARN] [net.minecraftforge.common.ForgeConfigSpec/CORE]: Incorrect key server.compactingUpgrade was corrected from null to its default, SimpleCommentedConfig:{}. 
[31Jul2026 16:03:43.456] [Server thread/WARN] [net.minecraftforge.common.ForgeConfigSpec/CORE]: Incorrect key server.compactingUpgrade.filterSlots was corrected from null to its default, 9. 
[31Jul2026 16:03:43.456] [Server thread/WARN] [net.minecraftforge.common.ForgeConfigSpec/CORE]: Incorrect key server.compactingUpgrade.slotsInRow was corrected from null to its default, 3. 
[31Jul2026 16:03:43.456] [Server thread/WARN] [net.minecraftforge.common.ForgeConfigSpec/CORE]: Incorrect key server.compactingUpgrade.additionalCompactingShapes was corrected from null to its default, [111/101/111]. 
[31Jul2026 16:03:43.456] [Server thread/WARN] [net.minecraftforge.common.ForgeConfigSpec/CORE]: Incorrect key server.compactingUpgrade.additionalCompactingShapeOverrides was corrected from null to its default, []. 
[31Jul2026 16:03:43.456] [Server thread/WARN] [net.minecraftforge.common.ForgeConfigSpec/CORE]: Incorrect key server.advancedCompactingUpgrade was corrected from null to its default, SimpleCommentedConfig:{}. 
[31Jul2026 16:03:43.457] [Server thread/WARN] [net.minecraftforge.common.ForgeConfigSpec/CORE]: Incorrect key server.advancedCompactingUpgrade.filterSlots was corrected from null to its default, 16. 
[31Jul2026 16:03:43.457] [Server thread/WARN] [net.minecraftforge.common.ForgeConfigSpec/CORE]: Incorrect key server.advancedCompactingUpgrade.slotsInRow was corrected from null to its default, 4. 
[31Jul2026 16:03:43.457] [Server thread/WARN] [net.minecraftforge.common.ForgeConfigSpec/CORE]: Incorrect key server.depositUpgrade was corrected from null to its default, SimpleCommentedConfig:{}. 
[31Jul2026 16:03:43.457] [Server thread/WARN] [net.minecraftforge.common.ForgeConfigSpec/CORE]: Incorrect key server.depositUpgrade.filterSlots was corrected from null to its default, 9. 
[31Jul2026 16:03:43.457] [Server thread/WARN] [net.minecraftforge.common.ForgeConfigSpec/CORE]: Incorrect key server.depositUpgrade.slotsInRow was corrected from null to its default, 3. 
[31Jul2026 16:03:43.457] [Server thread/WARN] [net.minecraftforge.common.ForgeConfigSpec/CORE]: Incorrect key server.advancedDepositUpgrade was corrected from null to its default, SimpleCommentedConfig:{}. 
[31Jul2026 16:03:43.457] [Server thread/WARN] [net.minecraftforge.common.ForgeConfigSpec/CORE]: Incorrect key server.advancedDepositUpgrade.filterSlots was corrected from null to its default, 16. 
[31Jul2026 16:03:43.457] [Server thread/WARN] [net.minecraftforge.common.ForgeConfigSpec/CORE]: Incorrect key server.advancedDepositUpgrade.slotsInRow was corrected from null to its default, 4. 
[31Jul2026 16:03:43.458] [Server thread/WARN] [net.minecraftforge.common.ForgeConfigSpec/CORE]: Incorrect key server.feedingUpgrade was corrected from null to its default, SimpleCommentedConfig:{}. 
[31Jul2026 16:03:43.458] [Server thread/WARN] [net.minecraftforge.common.ForgeConfigSpec/CORE]: Incorrect key server.feedingUpgrade.filterSlots was corrected from null to its default, 9. 
[31Jul2026 16:03:43.458] [Server thread/WARN] [net.minecraftforge.common.ForgeConfigSpec/CORE]: Incorrect key server.feedingUpgrade.slotsInRow was corrected from null to its default, 3. 
[31Jul2026 16:03:43.458] [Server thread/WARN] [net.minecraftforge.common.ForgeConfigSpec/CORE]: Incorrect key server.advancedFeedingUpgrade was corrected from null to its default, SimpleCommentedConfig:{}. 
[31Jul2026 16:03:43.458] [Server thread/WARN] [net.minecraftforge.common.ForgeConfigSpec/CORE]: Incorrect key server.advancedFeedingUpgrade.filterSlots was corrected from null to its default, 16. 
[31Jul2026 16:03:43.458] [Server thread/WARN] [net.minecraftforge.common.ForgeConfigSpec/CORE]: Incorrect key server.advancedFeedingUpgrade.slotsInRow was corrected from null to its default, 4. 
[31Jul2026 16:03:43.458] [Server thread/WARN] [net.minecraftforge.common.ForgeConfigSpec/CORE]: Incorrect key server.filterUpgrade was corrected from null to its default, SimpleCommentedConfig:{}. 
[31Jul2026 16:03:43.458] [Server thread/WARN] [net.minecraftforge.common.ForgeConfigSpec/CORE]: Incorrect key server.filterUpgrade.filterSlots was corrected from null to its default, 9. 
[31Jul2026 16:03:43.459] [Server thread/WARN] [net.minecraftforge.common.ForgeConfigSpec/CORE]: Incorrect key server.filterUpgrade.slotsInRow was corrected from null to its default, 3. 
[31Jul2026 16:03:43.459] [Server thread/WARN] [net.minecraftforge.common.ForgeConfigSpec/CORE]: Incorrect key server.advancedFilterUpgrade was corrected from null to its default, SimpleCommentedConfig:{}. 
[31Jul2026 16:03:43.459] [Server thread/WARN] [net.minecraftforge.common.ForgeConfigSpec/CORE]: Incorrect key server.advancedFilterUpgrade.filterSlots was corrected from null to its default, 16. 
[31Jul2026 16:03:43.459] [Server thread/WARN] [net.minecraftforge.common.ForgeConfigSpec/CORE]: Incorrect key server.advancedFilterUpgrade.slotsInRow was corrected from null to its default, 4. 
[31Jul2026 16:03:43.459] [Server thread/WARN] [net.minecraftforge.common.ForgeConfigSpec/CORE]: Incorrect key server.magnetUpgrade was corrected from null to its default, SimpleCommentedConfig:{}. 
[31Jul2026 16:03:43.459] [Server thread/WARN] [net.minecraftforge.common.ForgeConfigSpec/CORE]: Incorrect key server.magnetUpgrade.filterSlots was corrected from null to its default, 9. 
[31Jul2026 16:03:43.459] [Server thread/WARN] [net.minecraftforge.common.ForgeConfigSpec/CORE]: Incorrect key server.magnetUpgrade.slotsInRow was corrected from null to its default, 3. 
[31Jul2026 16:03:43.459] [Server thread/WARN] [net.minecraftforge.common.ForgeConfigSpec/CORE]: Incorrect key server.magnetUpgrade.magnetRange was corrected from null to its default, 3. 
[31Jul2026 16:03:43.459] [Server thread/WARN] [net.minecraftforge.common.ForgeConfigSpec/CORE]: Incorrect key server.advancedMagnetUpgrade was corrected from null to its default, SimpleCommentedConfig:{}. 
[31Jul2026 16:03:43.459] [Server thread/WARN] [net.minecraftforge.common.ForgeConfigSpec/CORE]: Incorrect key server.advancedMagnetUpgrade.filterSlots was corrected from null to its default, 16. 
[31Jul2026 16:03:43.460] [Server thread/WARN] [net.minecraftforge.common.ForgeConfigSpec/CORE]: Incorrect key server.advancedMagnetUpgrade.slotsInRow was corrected from null to its default, 4. 
[31Jul2026 16:03:43.460] [Server thread/WARN] [net.minecraftforge.common.ForgeConfigSpec/CORE]: Incorrect key server.advancedMagnetUpgrade.magnetRange was corrected from null to its default, 5. 
[31Jul2026 16:03:43.460] [Server thread/WARN] [net.minecraftforge.common.ForgeConfigSpec/CORE]: Incorrect key server.pickupUpgrade was corrected from null to its default, SimpleCommentedConfig:{}. 
[31Jul2026 16:03:43.460] [Server thread/WARN] [net.minecraftforge.common.ForgeConfigSpec/CORE]: Incorrect key server.pickupUpgrade.filterSlots was corrected from null to its default, 9. 
[31Jul2026 16:03:43.460] [Server thread/WARN] [net.minecraftforge.common.ForgeConfigSpec/CORE]: Incorrect key server.pickupUpgrade.slotsInRow was corrected from null to its default, 3. 
[31Jul2026 16:03:43.460] [Server thread/WARN] [net.minecraftforge.common.ForgeConfigSpec/CORE]: Incorrect key server.advancedPickupUpgrade was corrected from null to its default, SimpleCommentedConfig:{}. 
[31Jul2026 16:03:43.460] [Server thread/WARN] [net.minecraftforge.common.ForgeConfigSpec/CORE]: Incorrect key server.advancedPickupUpgrade.filterSlots was corrected from null to its default, 16. 
[31Jul2026 16:03:43.460] [Server thread/WARN] [net.minecraftforge.common.ForgeConfigSpec/CORE]: Incorrect key server.advancedPickupUpgrade.slotsInRow was corrected from null to its default, 4. 
[31Jul2026 16:03:43.461] [Server thread/WARN] [net.minecraftforge.common.ForgeConfigSpec/CORE]: Incorrect key server.refillUpgrade was corrected from null to its default, SimpleCommentedConfig:{}. 
[31Jul2026 16:03:43.461] [Server thread/WARN] [net.minecraftforge.common.ForgeConfigSpec/CORE]: Incorrect key server.refillUpgrade.filterSlots was corrected from null to its default, 6. 
[31Jul2026 16:03:43.461] [Server thread/WARN] [net.minecraftforge.common.ForgeConfigSpec/CORE]: Incorrect key server.refillUpgrade.slotsInRow was corrected from null to its default, 3. 
[31Jul2026 16:03:43.461] [Server thread/WARN] [net.minecraftforge.common.ForgeConfigSpec/CORE]: Incorrect key server.advancedRefillUpgrade was corrected from null to its default, SimpleCommentedConfig:{}. 
[31Jul2026 16:03:43.461] [Server thread/WARN] [net.minecraftforge.common.ForgeConfigSpec/CORE]: Incorrect key server.advancedRefillUpgrade.filterSlots was corrected from null to its default, 12. 
[31Jul2026 16:03:43.461] [Server thread/WARN] [net.minecraftforge.common.ForgeConfigSpec/CORE]: Incorrect key server.advancedRefillUpgrade.slotsInRow was corrected from null to its default, 4. 
[31Jul2026 16:03:43.461] [Server thread/WARN] [net.minecraftforge.common.ForgeConfigSpec/CORE]: Incorrect key server.restockUpgrade was corrected from null to its default, SimpleCommentedConfig:{}. 
[31Jul2026 16:03:43.461] [Server thread/WARN] [net.minecraftforge.common.ForgeConfigSpec/CORE]: Incorrect key server.restockUpgrade.filterSlots was corrected from null to its default, 9. 
[31Jul2026 16:03:43.462] [Server thread/WARN] [net.minecraftforge.common.ForgeConfigSpec/CORE]: Incorrect key server.restockUpgrade.slotsInRow was corrected from null to its default, 3. 
[31Jul2026 16:03:43.462] [Server thread/WARN] [net.minecraftforge.common.ForgeConfigSpec/CORE]: Incorrect key server.advancedRestockUpgrade was corrected from null to its default, SimpleCommentedConfig:{}. 
[31Jul2026 16:03:43.462] [Server thread/WARN] [net.minecraftforge.common.ForgeConfigSpec/CORE]: Incorrect key server.advancedRestockUpgrade.filterSlots was corrected from null to its default, 16. 
[31Jul2026 16:03:43.462] [Server thread/WARN] [net.minecraftforge.common.ForgeConfigSpec/CORE]: Incorrect key server.advancedRestockUpgrade.slotsInRow was corrected from null to its default, 4. 
[31Jul2026 16:03:43.462] [Server thread/WARN] [net.minecraftforge.common.ForgeConfigSpec/CORE]: Incorrect key server.voidUpgrade was corrected from null to its default, SimpleCommentedConfig:{}. 
[31Jul2026 16:03:43.462] [Server thread/WARN] [net.minecraftforge.common.ForgeConfigSpec/CORE]: Incorrect key server.voidUpgrade.filterSlots was corrected from null to its default, 9. 
[31Jul2026 16:03:43.462] [Server thread/WARN] [net.minecraftforge.common.ForgeConfigSpec/CORE]: Incorrect key server.voidUpgrade.slotsInRow was corrected from null to its default, 3. 
[31Jul2026 16:03:43.462] [Server thread/WARN] [net.minecraftforge.common.ForgeConfigSpec/CORE]: Incorrect key server.voidUpgrade.voidAlwaysEnabled was corrected from null to its default, true. 
[31Jul2026 16:03:43.462] [Server thread/WARN] [net.minecraftforge.common.ForgeConfigSpec/CORE]: Incorrect key server.advancedVoidUpgrade was corrected from null to its default, SimpleCommentedConfig:{}. 
[31Jul2026 16:03:43.463] [Server thread/WARN] [net.minecraftforge.common.ForgeConfigSpec/CORE]: Incorrect key server.advancedVoidUpgrade.filterSlots was corrected from null to its default, 16. 
[31Jul2026 16:03:43.463] [Server thread/WARN] [net.minecraftforge.common.ForgeConfigSpec/CORE]: Incorrect key server.advancedVoidUpgrade.slotsInRow was corrected from null to its default, 4. 
[31Jul2026 16:03:43.463] [Server thread/WARN] [net.minecraftforge.common.ForgeConfigSpec/CORE]: Incorrect key server.advancedVoidUpgrade.voidAlwaysEnabled was corrected from null to its default, true. 
[31Jul2026 16:03:43.463] [Server thread/WARN] [net.minecraftforge.common.ForgeConfigSpec/CORE]: Incorrect key server.stackUpgrade was corrected from null to its default, SimpleCommentedConfig:{}. 
[31Jul2026 16:03:43.463] [Server thread/WARN] [net.minecraftforge.common.ForgeConfigSpec/CORE]: Incorrect key server.stackUpgrade.nonStackableItems was corrected from null to its default, [minecraft:bundle, minecraft:shulker_box, minecraft:white_shulker_box, minecraft:orange_shulker_box, minecraft:magenta_shulker_box, minecraft:light_blue_shulker_box, minecraft:yellow_shulker_box, minecraft:lime_shulker_box, minecraft:pink_shulker_box, minecraft:gray_shulker_box, minecraft:light_gray_shulker_box, minecraft:cyan_shulker_box, minecraft:purple_shulker_box, minecraft:blue_shulker_box, minecraft:brown_shulker_box, minecraft:green_shulker_box, minecraft:red_shulker_box, minecraft:black_shulker_box]. 
[31Jul2026 16:03:43.463] [Server thread/WARN] [net.minecraftforge.common.ForgeConfigSpec/CORE]: Incorrect key server.smeltingUpgrade was corrected from null to its default, SimpleCommentedConfig:{}. 
[31Jul2026 16:03:43.463] [Server thread/WARN] [net.minecraftforge.common.ForgeConfigSpec/CORE]: Incorrect key server.smeltingUpgrade.smeltingSpeedMultiplier was corrected from null to its default, 1.0. 
[31Jul2026 16:03:43.463] [Server thread/WARN] [net.minecraftforge.common.ForgeConfigSpec/CORE]: Incorrect key server.smeltingUpgrade.fuelEfficiencyMultiplier was corrected from null to its default, 1.0. 
[31Jul2026 16:03:43.464] [Server thread/WARN] [net.minecraftforge.common.ForgeConfigSpec/CORE]: Incorrect key server.smokingUpgrade was corrected from null to its default, SimpleCommentedConfig:{}. 
[31Jul2026 16:03:43.464] [Server thread/WARN] [net.minecraftforge.common.ForgeConfigSpec/CORE]: Incorrect key server.smokingUpgrade.smeltingSpeedMultiplier was corrected from null to its default, 1.0. 
[31Jul2026 16:03:43.464] [Server thread/WARN] [net.minecraftforge.common.ForgeConfigSpec/CORE]: Incorrect key server.smokingUpgrade.fuelEfficiencyMultiplier was corrected from null to its default, 1.0. 
[31Jul2026 16:03:43.464] [Server thread/WARN] [net.minecraftforge.common.ForgeConfigSpec/CORE]: Incorrect key server.blastingUpgrade was corrected from null to its default, SimpleCommentedConfig:{}. 
[31Jul2026 16:03:43.464] [Server thread/WARN] [net.minecraftforge.common.ForgeConfigSpec/CORE]: Incorrect key server.blastingUpgrade.smeltingSpeedMultiplier was corrected from null to its default, 1.0. 
[31Jul2026 16:03:43.464] [Server thread/WARN] [net.minecraftforge.common.ForgeConfigSpec/CORE]: Incorrect key server.blastingUpgrade.fuelEfficiencyMultiplier was corrected from null to its default, 1.0. 
[31Jul2026 16:03:43.464] [Server thread/WARN] [net.minecraftforge.common.ForgeConfigSpec/CORE]: Incorrect key server.autoSmeltingUpgrade was corrected from null to its default, SimpleCommentedConfig:{}. 
[31Jul2026 16:03:43.464] [Server thread/WARN] [net.minecraftforge.common.ForgeConfigSpec/CORE]: Incorrect key server.autoSmeltingUpgrade.smeltingSpeedMultiplier was corrected from null to its default, 1.0. 
[31Jul2026 16:03:43.464] [Server thread/WARN] [net.minecraftforge.common.ForgeConfigSpec/CORE]: Incorrect key server.autoSmeltingUpgrade.fuelEfficiencyMultiplier was corrected from null to its default, 1.0. 
[31Jul2026 16:03:43.465] [Server thread/WARN] [net.minecraftforge.common.ForgeConfigSpec/CORE]: Incorrect key server.autoSmeltingUpgrade.inputFilterSlots was corrected from null to its default, 8. 
[31Jul2026 16:03:43.465] [Server thread/WARN] [net.minecraftforge.common.ForgeConfigSpec/CORE]: Incorrect key server.autoSmeltingUpgrade.inputFilterSlotsInRow was corrected from null to its default, 4. 
[31Jul2026 16:03:43.465] [Server thread/WARN] [net.minecraftforge.common.ForgeConfigSpec/CORE]: Incorrect key server.autoSmeltingUpgrade.fuelFilterSlots was corrected from null to its default, 4. 
[31Jul2026 16:03:43.465] [Server thread/WARN] [net.minecraftforge.common.ForgeConfigSpec/CORE]: Incorrect key server.autoSmeltingUpgrade.fuelFilterSlotsInRow was corrected from null to its default, 4. 
[31Jul2026 16:03:43.465] [Server thread/WARN] [net.minecraftforge.common.ForgeConfigSpec/CORE]: Incorrect key server.autoSmokingUpgrade was corrected from null to its default, SimpleCommentedConfig:{}. 
[31Jul2026 16:03:43.465] [Server thread/WARN] [net.minecraftforge.common.ForgeConfigSpec/CORE]: Incorrect key server.autoSmokingUpgrade.smeltingSpeedMultiplier was corrected from null to its default, 1.0. 
[31Jul2026 16:03:43.465] [Server thread/WARN] [net.minecraftforge.common.ForgeConfigSpec/CORE]: Incorrect key server.autoSmokingUpgrade.fuelEfficiencyMultiplier was corrected from null to its default, 1.0. 
[31Jul2026 16:03:43.465] [Server thread/WARN] [net.minecraftforge.common.ForgeConfigSpec/CORE]: Incorrect key server.autoSmokingUpgrade.inputFilterSlots was corrected from null to its default, 8. 
[31Jul2026 16:03:43.466] [Server thread/WARN] [net.minecraftforge.common.ForgeConfigSpec/CORE]: Incorrect key server.autoSmokingUpgrade.inputFilterSlotsInRow was corrected from null to its default, 4. 
[31Jul2026 16:03:43.466] [Server thread/WARN] [net.minecraftforge.common.ForgeConfigSpec/CORE]: Incorrect key server.autoSmokingUpgrade.fuelFilterSlots was corrected from null to its default, 4. 
[31Jul2026 16:03:43.466] [Server thread/WARN] [net.minecraftforge.common.ForgeConfigSpec/CORE]: Incorrect key server.autoSmokingUpgrade.fuelFilterSlotsInRow was corrected from null to its default, 4. 
[31Jul2026 16:03:43.466] [Server thread/WARN] [net.minecraftforge.common.ForgeConfigSpec/CORE]: Incorrect key server.autoBlastingUpgrade was corrected from null to its default, SimpleCommentedConfig:{}. 
[31Jul2026 16:03:43.466] [Server thread/WARN] [net.minecraftforge.common.ForgeConfigSpec/CORE]: Incorrect key server.autoBlastingUpgrade.smeltingSpeedMultiplier was corrected from null to its default, 1.0. 
[31Jul2026 16:03:43.466] [Server thread/WARN] [net.minecraftforge.common.ForgeConfigSpec/CORE]: Incorrect key server.autoBlastingUpgrade.fuelEfficiencyMultiplier was corrected from null to its default, 1.0. 
[31Jul2026 16:03:43.467] [Server thread/WARN] [net.minecraftforge.common.ForgeConfigSpec/CORE]: Incorrect key server.autoBlastingUpgrade.inputFilterSlots was corrected from null to its default, 8. 
[31Jul2026 16:03:43.467] [Server thread/WARN] [net.minecraftforge.common.ForgeConfigSpec/CORE]: Incorrect key server.autoBlastingUpgrade.inputFilterSlotsInRow was corrected from null to its default, 4. 
[31Jul2026 16:03:43.467] [Server thread/WARN] [net.minecraftforge.common.ForgeConfigSpec/CORE]: Incorrect key server.autoBlastingUpgrade.fuelFilterSlots was corrected from null to its default, 4. 
[31Jul2026 16:03:43.467] [Server thread/WARN] [net.minecraftforge.common.ForgeConfigSpec/CORE]: Incorrect key server.autoBlastingUpgrade.fuelFilterSlotsInRow was corrected from null to its default, 4. 
[31Jul2026 16:03:43.467] [Server thread/WARN] [net.minecraftforge.common.ForgeConfigSpec/CORE]: Incorrect key server.inceptionUpgrade was corrected from null to its default, SimpleCommentedConfig:{}. 
[31Jul2026 16:03:43.467] [Server thread/WARN] [net.minecraftforge.common.ForgeConfigSpec/CORE]: Incorrect key server.inceptionUpgrade.upgradesUseInventoriesOfBackpacksInBackpack was corrected from null to its default, true. 
[31Jul2026 16:03:43.467] [Server thread/WARN] [net.minecraftforge.common.ForgeConfigSpec/CORE]: Incorrect key server.inceptionUpgrade.upgradesInContainedBackpacksAreFunctional was corrected from null to its default, true. 
[31Jul2026 16:03:43.467] [Server thread/WARN] [net.minecraftforge.common.ForgeConfigSpec/CORE]: Incorrect key server.toolSwapperUpgrade was corrected from null to its default, SimpleCommentedConfig:{}. 
[31Jul2026 16:03:43.467] [Server thread/WARN] [net.minecraftforge.common.ForgeConfigSpec/CORE]: Incorrect key server.toolSwapperUpgrade.filterSlots was corrected from null to its default, 8. 
[31Jul2026 16:03:43.467] [Server thread/WARN] [net.minecraftforge.common.ForgeConfigSpec/CORE]: Incorrect key server.toolSwapperUpgrade.slotsInRow was corrected from null to its default, 4. 
[31Jul2026 16:03:43.467] [Server thread/WARN] [net.minecraftforge.common.ForgeConfigSpec/CORE]: Incorrect key server.tankUpgrade was corrected from null to its default, SimpleCommentedConfig:{}. 
[31Jul2026 16:03:43.467] [Server thread/WARN] [net.minecraftforge.common.ForgeConfigSpec/CORE]: Incorrect key server.tankUpgrade.capacityPerSlotRow was corrected from null to its default, 4000. 
[31Jul2026 16:03:43.467] [Server thread/WARN] [net.minecraftforge.common.ForgeConfigSpec/CORE]: Incorrect key server.tankUpgrade.stackMultiplierRatio was corrected from null to its default, 1.0. 
[31Jul2026 16:03:43.468] [Server thread/WARN] [net.minecraftforge.common.ForgeConfigSpec/CORE]: Incorrect key server.tankUpgrade.autoFillDrainContainerCooldown was corrected from null to its default, 20. 
[31Jul2026 16:03:43.468] [Server thread/WARN] [net.minecraftforge.common.ForgeConfigSpec/CORE]: Incorrect key server.tankUpgrade.maxInputOutput was corrected from null to its default, 20. 
[31Jul2026 16:03:43.468] [Server thread/WARN] [net.minecraftforge.common.ForgeConfigSpec/CORE]: Incorrect key server.tankUpgrade.energyPerSlotRow was corrected from null to its default, 10000. 
[31Jul2026 16:03:43.468] [Server thread/WARN] [net.minecraftforge.common.ForgeConfigSpec/CORE]: Incorrect key server.pumpUpgrade was corrected from null to its default, SimpleCommentedConfig:{}. 
[31Jul2026 16:03:43.468] [Server thread/WARN] [net.minecraftforge.common.ForgeConfigSpec/CORE]: Incorrect key server.pumpUpgrade.filterSlots was corrected from null to its default, 4. 
[31Jul2026 16:03:43.468] [Server thread/WARN] [net.minecraftforge.common.ForgeConfigSpec/CORE]: Incorrect key server.pumpUpgrade.maxInputOutput was corrected from null to its default, 20. 
[31Jul2026 16:03:43.468] [Server thread/WARN] [net.minecraftforge.common.ForgeConfigSpec/CORE]: Incorrect key server.pumpUpgrade.stackMultiplierRatio was corrected from null to its default, 1.0. 
[31Jul2026 16:03:43.468] [Server thread/WARN] [net.minecraftforge.common.ForgeConfigSpec/CORE]: Incorrect key server.xpPumpUpgrade was corrected from null to its default, SimpleCommentedConfig:{}. 
[31Jul2026 16:03:43.468] [Server thread/WARN] [net.minecraftforge.common.ForgeConfigSpec/CORE]: Incorrect key server.xpPumpUpgrade.mendingOn was corrected from null to its default, true. 
[31Jul2026 16:03:43.468] [Server thread/WARN] [net.minecraftforge.common.ForgeConfigSpec/CORE]: Incorrect key server.xpPumpUpgrade.maxXpPointsPerMending was corrected from null to its default, 5. 
[31Jul2026 16:03:43.469] [Server thread/WARN] [net.minecraftforge.common.ForgeConfigSpec/CORE]: Incorrect key server.advancedJukeboxUpgrade was corrected from null to its default, SimpleCommentedConfig:{}. 
[31Jul2026 16:03:43.469] [Server thread/WARN] [net.minecraftforge.common.ForgeConfigSpec/CORE]: Incorrect key server.advancedJukeboxUpgrade.numberOfSlots was corrected from null to its default, 12. 
[31Jul2026 16:03:43.469] [Server thread/WARN] [net.minecraftforge.common.ForgeConfigSpec/CORE]: Incorrect key server.advancedJukeboxUpgrade.slotsInRow was corrected from null to its default, 4. 
[31Jul2026 16:03:43.469] [Server thread/WARN] [net.minecraftforge.common.ForgeConfigSpec/CORE]: Incorrect key server.alchemyUpgrade was corrected from null to its default, SimpleCommentedConfig:{}. 
[31Jul2026 16:03:43.469] [Server thread/WARN] [net.minecraftforge.common.ForgeConfigSpec/CORE]: Incorrect key server.alchemyUpgrade.filterSlots was corrected from null to its default, 4. 
[31Jul2026 16:03:43.469] [Server thread/WARN] [net.minecraftforge.common.ForgeConfigSpec/CORE]: Incorrect key server.advancedAlchemyUpgrade was corrected from null to its default, SimpleCommentedConfig:{}. 
[31Jul2026 16:03:43.469] [Server thread/WARN] [net.minecraftforge.common.ForgeConfigSpec/CORE]: Incorrect key server.advancedAlchemyUpgrade.filterSlots was corrected from null to its default, 8. 
[31Jul2026 16:03:43.469] [Server thread/WARN] [net.minecraftforge.common.ForgeConfigSpec/CORE]: Incorrect key server.mobCatcherUpgrade was corrected from null to its default, SimpleCommentedConfig:{}. 
[31Jul2026 16:03:43.469] [Server thread/WARN] [net.minecraftforge.common.ForgeConfigSpec/CORE]: Incorrect key server.mobCatcherUpgrade.basicMaxSlotCost was corrected from null to its default, 18. 
[31Jul2026 16:03:43.469] [Server thread/WARN] [net.minecraftforge.common.ForgeConfigSpec/CORE]: Incorrect key server.mobCatcherUpgrade.advancedMaxSlotCost was corrected from null to its default, 72. 
[31Jul2026 16:03:43.471] [Server thread/WARN] [net.minecraftforge.common.ForgeConfigSpec/CORE]: Incorrect key server.mobCatcherUpgrade.animalMultiplier was corrected from null to its default, 1.0. 
[31Jul2026 16:03:43.471] [Server thread/WARN] [net.minecraftforge.common.ForgeConfigSpec/CORE]: Incorrect key server.mobCatcherUpgrade.hostileMultiplier was corrected from null to its default, 2.0. 
[31Jul2026 16:03:43.471] [Server thread/WARN] [net.minecraftforge.common.ForgeConfigSpec/CORE]: Incorrect key server.mobCatcherUpgrade.disallowInventoryEntities was corrected from null to its default, false. 
[31Jul2026 16:03:43.471] [Server thread/WARN] [net.minecraftforge.common.ForgeConfigSpec/CORE]: Incorrect key server.mobCatcherUpgrade.entityBlockList was corrected from null to its default, [minecraft:wither]. 
[31Jul2026 16:03:43.471] [Server thread/WARN] [net.minecraftforge.common.ForgeConfigSpec/CORE]: Incorrect key server.mobCatcherUpgrade.hostileOverrides was corrected from null to its default, [minecraft:enderman]. 
[31Jul2026 16:03:43.471] [Server thread/WARN] [net.minecraftforge.common.ForgeConfigSpec/CORE]: Incorrect key server.mobCatcherUpgrade.passiveOverrides was corrected from null to its default, [minecraft:villager]. 
[31Jul2026 16:03:43.471] [Server thread/WARN] [net.minecraftforge.common.ForgeConfigSpec/CORE]: Incorrect key server.entityBackpackAdditions was corrected from null to its default, SimpleCommentedConfig:{}. 
[31Jul2026 16:03:43.471] [Server thread/WARN] [net.minecraftforge.common.ForgeConfigSpec/CORE]: Incorrect key server.entityBackpackAdditions.chance was corrected from null to its default, 0.01. 
[31Jul2026 16:03:43.471] [Server thread/WARN] [net.minecraftforge.common.ForgeConfigSpec/CORE]: Incorrect key server.entityBackpackAdditions.addLoot was corrected from null to its default, true. 
[31Jul2026 16:03:43.471] [Server thread/WARN] [net.minecraftforge.common.ForgeConfigSpec/CORE]: Incorrect key server.entityBackpackAdditions.buffWithPotionEffects was corrected from null to its default, true. 
[31Jul2026 16:03:43.472] [Server thread/WARN] [net.minecraftforge.common.ForgeConfigSpec/CORE]: Incorrect key server.entityBackpackAdditions.buffHealth was corrected from null to its default, true. 
[31Jul2026 16:03:43.472] [Server thread/WARN] [net.minecraftforge.common.ForgeConfigSpec/CORE]: Incorrect key server.entityBackpackAdditions.equipWithArmor was corrected from null to its default, true. 
[31Jul2026 16:03:43.473] [Server thread/WARN] [net.minecraftforge.common.ForgeConfigSpec/CORE]: Incorrect key server.entityBackpackAdditions.entityLootTableList was corrected from null to its default, [minecraft:creeper|minecraft:chests/desert_pyramid, minecraft:drowned|minecraft:chests/shipwreck_treasure, minecraft:enderman|minecraft:chests/end_city_treasure, minecraft:evoker|minecraft:chests/woodland_mansion, minecraft:husk|minecraft:chests/desert_pyramid, minecraft:piglin|minecraft:chests/bastion_bridge, minecraft:piglin_brute|minecraft:chests/bastion_treasure, minecraft:pillager|minecraft:chests/pillager_outpost, minecraft:skeleton|minecraft:chests/simple_dungeon, minecraft:stray|minecraft:chests/igloo_chest, minecraft:vex|minecraft:chests/woodland_mansion, minecraft:vindicator|minecraft:chests/woodland_mansion, minecraft:witch|minecraft:chests/buried_treasure, minecraft:wither_skeleton|minecraft:chests/nether_bridge, minecraft:zombie|minecraft:chests/simple_dungeon, minecraft:zombie_villager|minecraft:chests/village/village_armorer, minecraft:zombified_piglin|minecraft:chests/bastion_other]. 
[31Jul2026 16:03:43.473] [Server thread/WARN] [net.minecraftforge.common.ForgeConfigSpec/CORE]: Incorrect key server.entityBackpackAdditions.discBlockList was corrected from null to its default, [botania:record_gaia_1, botania:record_gaia_2]. 
[31Jul2026 16:03:43.473] [Server thread/WARN] [net.minecraftforge.common.ForgeConfigSpec/CORE]: Incorrect key server.entityBackpackAdditions.playJukebox was corrected from null to its default, true. 
[31Jul2026 16:03:43.473] [Server thread/WARN] [net.minecraftforge.common.ForgeConfigSpec/CORE]: Incorrect key server.entityBackpackAdditions.dropToFakePlayers was corrected from null to its default, false. 
[31Jul2026 16:03:43.473] [Server thread/WARN] [net.minecraftforge.common.ForgeConfigSpec/CORE]: Incorrect key server.entityBackpackAdditions.backpackDropChance was corrected from null to its default, 0.5. 
[31Jul2026 16:03:43.473] [Server thread/WARN] [net.minecraftforge.common.ForgeConfigSpec/CORE]: Incorrect key server.entityBackpackAdditions.lootingChanceIncreasePerLevel was corrected from null to its default, 0.15. 
[31Jul2026 16:03:43.473] [Server thread/WARN] [net.minecraftforge.common.ForgeConfigSpec/CORE]: Incorrect key server.entityBackpackAdditions.leatherWeight was corrected from null to its default, 625. 
[31Jul2026 16:03:43.473] [Server thread/WARN] [net.minecraftforge.common.ForgeConfigSpec/CORE]: Incorrect key server.entityBackpackAdditions.copperWeight was corrected from null to its default, 250. 
[31Jul2026 16:03:43.474] [Server thread/WARN] [net.minecraftforge.common.ForgeConfigSpec/CORE]: Incorrect key server.entityBackpackAdditions.ironWeight was corrected from null to its default, 125. 
[31Jul2026 16:03:43.474] [Server thread/WARN] [net.minecraftforge.common.ForgeConfigSpec/CORE]: Incorrect key server.entityBackpackAdditions.goldWeight was corrected from null to its default, 25. 
[31Jul2026 16:03:43.474] [Server thread/WARN] [net.minecraftforge.common.ForgeConfigSpec/CORE]: Incorrect key server.entityBackpackAdditions.diamondWeight was corrected from null to its default, 5. 
[31Jul2026 16:03:43.474] [Server thread/WARN] [net.minecraftforge.common.ForgeConfigSpec/CORE]: Incorrect key server.entityBackpackAdditions.netheriteWeight was corrected from null to its default, 1. 
[31Jul2026 16:03:43.474] [Server thread/WARN] [net.minecraftforge.common.ForgeConfigSpec/CORE]: Incorrect key server.entityBackpackAdditions.minBackpackTierMidDifficulty was corrected from null to its default, 1. 
[31Jul2026 16:03:43.474] [Server thread/WARN] [net.minecraftforge.common.ForgeConfigSpec/CORE]: Incorrect key server.entityBackpackAdditions.minBackpackTierHighDifficulty was corrected from null to its default, 2. 
[31Jul2026 16:03:43.474] [Server thread/WARN] [net.minecraftforge.common.ForgeConfigSpec/CORE]: Incorrect key server.entityBackpackAdditions.localDifficultyEffectsBackpackSpawns was corrected from null to its default, true. 
[31Jul2026 16:03:43.474] [Server thread/WARN] [net.minecraftforge.common.ForgeConfigSpec/CORE]: Incorrect key server.nerfs was corrected from null to its default, SimpleCommentedConfig:{}. 
[31Jul2026 16:03:43.474] [Server thread/WARN] [net.minecraftforge.common.ForgeConfigSpec/CORE]: Incorrect key server.nerfs.tooManyBackpacksSlowness was corrected from null to its default, false. 
[31Jul2026 16:03:43.474] [Server thread/WARN] [net.minecraftforge.common.ForgeConfigSpec/CORE]: Incorrect key server.nerfs.maxNumberOfBackpacks was corrected from null to its default, 3. 
[31Jul2026 16:03:43.474] [Server thread/WARN] [net.minecraftforge.common.ForgeConfigSpec/CORE]: Incorrect key server.nerfs.slownessLevelsPerAdditionalBackpack was corrected from null to its default, 1.0. 
[31Jul2026 16:03:43.474] [Server thread/WARN] [net.minecraftforge.common.ForgeConfigSpec/CORE]: Incorrect key server.nerfs.onlyWornBackpackTriggersUpgrades was corrected from null to its default, false. 
[31Jul2026 16:03:43.474] [Server thread/WARN] [net.minecraftforge.common.ForgeConfigSpec/CORE]: Incorrect key server.nerfs.nerfEffect was corrected from null to its default, minecraft:slowness. 
[31Jul2026 16:03:43.474] [Server thread/WARN] [net.minecraftforge.common.ForgeConfigSpec/CORE]: Incorrect key server.maxUpgradesPerStorage was corrected from null to its default, [stack_upgrades|3, jukebox_upgrades|1, furnace_upgrades|1]. 
[31Jul2026 16:03:43.475] [Server thread/WARN] [net.minecraftforge.common.ForgeConfigSpec/CORE]: Incorrect key server.itemFluidHandlerEnabled was corrected from null to its default, true. 
[31Jul2026 16:03:43.475] [Server thread/WARN] [net.minecraftforge.common.ForgeConfigSpec/CORE]: Incorrect key server.allowOpeningOtherPlayerBackpacks was corrected from null to its default, true. 
[31Jul2026 16:03:43.475] [Server thread/WARN] [net.minecraftforge.common.ForgeConfigSpec/CORE]: Incorrect key server.itemDisplayDisabled was corrected from null to its default, false. 
[31Jul2026 16:03:43.475] [Server thread/WARN] [net.minecraftforge.common.ForgeConfigSpec/CORE]: Incorrect key server.tickDedupeLogicDisabled was corrected from null to its default, false. 
[31Jul2026 16:03:43.475] [Server thread/WARN] [net.minecraftforge.common.ForgeConfigSpec/CORE]: Incorrect key server.canBePlacedInContainerItems was corrected from null to its default, false. 
[31Jul2026 16:03:43.479] [Server thread/WARN] [net.minecraftforge.common.ForgeConfigSpec/CORE]: Configuration file .\world\serverconfig\forge-server.toml is not correct. Correcting
[31Jul2026 16:03:43.480] [Server thread/WARN] [net.minecraftforge.common.ForgeConfigSpec/CORE]: Incorrect key server was corrected from null to its default, SimpleCommentedConfig:{}. 
[31Jul2026 16:03:43.480] [Server thread/WARN] [net.minecraftforge.common.ForgeConfigSpec/CORE]: Incorrect key server.removeErroringBlockEntities was corrected from null to its default, false. 
[31Jul2026 16:03:43.480] [Server thread/WARN] [net.minecraftforge.common.ForgeConfigSpec/CORE]: Incorrect key server.removeErroringEntities was corrected from null to its default, false. 
[31Jul2026 16:03:43.480] [Server thread/WARN] [net.minecraftforge.common.ForgeConfigSpec/CORE]: Incorrect key server.fullBoundingBoxLadders was corrected from null to its default, false. 
[31Jul2026 16:03:43.480] [Server thread/WARN] [net.minecraftforge.common.ForgeConfigSpec/CORE]: Incorrect key server.zombieBaseSummonChance was corrected from null to its default, 0.1. 
[31Jul2026 16:03:43.480] [Server thread/WARN] [net.minecraftforge.common.ForgeConfigSpec/CORE]: Incorrect key server.zombieBabyChance was corrected from null to its default, 0.05. 
[31Jul2026 16:03:43.480] [Server thread/WARN] [net.minecraftforge.common.ForgeConfigSpec/CORE]: Incorrect key server.permissionHandler was corrected from null to its default, forge:default_handler. 
[31Jul2026 16:03:43.480] [Server thread/WARN] [net.minecraftforge.common.ForgeConfigSpec/CORE]: Incorrect key server.advertiseDedicatedServerToLan was corrected from null to its default, true. 
[31Jul2026 16:03:43.480] [Server thread/WARN] [net.minecraftforge.common.ForgeConfigSpec/CORE]: Incorrect key server.useItemWithDurationZero was corrected from null to its default, false. 
[31Jul2026 16:03:43.639] [Server thread/INFO] [DistantHorizons-DistantHorizons-com.seibel.distanthorizons.core.config.ConfigHandler/]: Initialising config for [DistantHorizons]
[31Jul2026 16:03:43.703] [Server thread/INFO] [DistantHorizons-DistantHorizons-com.seibel.distanthorizons.core.config.ConfigHandler/]: [DistantHorizons] Config initialised
[31Jul2026 16:03:43.711] [Server thread/INFO] [DistantHorizons-DistantHorizons-com.seibel.distanthorizons.core.config.eventHandlers.IgnoredDimensionCsvHandler/]: Dimension ignoring disabled, DH will render all dimensions.
[31Jul2026 16:03:43.712] [Server thread/INFO] [com.seibel.distanthorizons.core.logging.DhLogger/]: Applying config to loggers
[31Jul2026 16:03:43.712] [Server thread/INFO] [DistantHorizons-DistantHorizons-com.seibel.distanthorizons.core.Initializer/]: Garbage collectors: [G1 Young Generation, G1 Old Generation]
[31Jul2026 16:03:43.713] [Server thread/WARN] [DistantHorizons-DistantHorizons-com.seibel.distanthorizons.core.Initializer/]: Distant Horizons: G1 Garbage collector detected.
This can cause FPS stuttering. 
It's recommended to use a concurrent garbage collector 
like ZGC (Java 21+) or Shenandoah (Java 8 through 17) 
for a smoother experience. 
This warning can be disabled in the DH config.
[31Jul2026 16:03:43.722] [Server thread/INFO] [DistantHorizons-DistantHorizons-com.seibel.distanthorizons.core.Initializer/]: Explicit Garbage Collection: [Enabled]
[31Jul2026 16:03:43.722] [Server thread/INFO] [DistantHorizons-DistantHorizons-com.seibel.distanthorizons.common.AbstractModInitializer_forge/]: Running Delayed setup...
[31Jul2026 16:03:43.722] [Server thread/INFO] [DistantHorizons-DistantHorizons-com.seibel.distanthorizons.common.AbstractModInitializer_forge/]: Delayed setup complete, firing DhApiAfterDhInitEvent event...
[31Jul2026 16:03:43.735] [Server thread/INFO] [DistantHorizons-DistantHorizons-com.seibel.distanthorizons.core.jar.updater.SelfUpdater/]: Checking for Distant Horizons [STABLE] update for MC [1.20.1]...
[31Jul2026 16:03:44.267] [Server thread/INFO] [DistantHorizons-DistantHorizons-com.seibel.distanthorizons.core.jar.updater.SelfUpdater/]: Distant Horizons already up to date.
[31Jul2026 16:03:44.267] [Server thread/INFO] [DistantHorizons-DistantHorizons-com.seibel.distanthorizons.common.AbstractModInitializer_forge/]: Distant Horizons server Initialized at .
[31Jul2026 16:03:44.285] [Server thread/INFO] [DistantHorizons-DistantHorizons-com.seibel.distanthorizons.core.world.AbstractDhWorld/]: Started [DhServerWorld] of type [SERVER_ONLY].
[31Jul2026 16:03:44.291] [Server thread/INFO] [net.minecraft.server.dedicated.DedicatedServer/]: Preparing level "world"
[31Jul2026 16:03:44.492] [Server thread/WARN] [yungsapi/]: WARNING: block Block{minecraft:iron_ore} added to BlockStateRandomizer exceeds max probabiltiy of 1!
[31Jul2026 16:03:44.584] [Server thread/INFO] [DistantHorizons-DistantHorizons-com.seibel.distanthorizons.core.sql.DatabaseUpdater/]: Running SQL update script: [sqlScripts/0010-sqlite-createInitialDataTables.sql], for repo: [.\world\data\DistantHorizons.sqlite]
[31Jul2026 16:03:44.594] [Server thread/INFO] [DistantHorizons-DistantHorizons-com.seibel.distanthorizons.core.sql.DatabaseUpdater/]: Running SQL update script: [sqlScripts/0020-sqlite-createFullDataSourceV2Tables.sql], for repo: [.\world\data\DistantHorizons.sqlite]
[31Jul2026 16:03:44.605] [Server thread/INFO] [DistantHorizons-DistantHorizons-com.seibel.distanthorizons.core.sql.DatabaseUpdater/]: Running SQL update script: [sqlScripts/0030-sqlite-changeTableJournaling.sql], for repo: [.\world\data\DistantHorizons.sqlite]
[31Jul2026 16:03:44.609] [Server thread/INFO] [DistantHorizons-DistantHorizons-com.seibel.distanthorizons.core.sql.DatabaseUpdater/]: Running SQL update script: [sqlScripts/0031-sqlite-useSqliteWalJournaling.sql], for repo: [.\world\data\DistantHorizons.sqlite]
[31Jul2026 16:03:44.614] [Server thread/INFO] [DistantHorizons-DistantHorizons-com.seibel.distanthorizons.core.sql.DatabaseUpdater/]: Running SQL update script: [sqlScripts/0040-sqlite-removeRenderCache.sql], for repo: [.\world\data\DistantHorizons.sqlite]
[31Jul2026 16:03:44.621] [Server thread/INFO] [DistantHorizons-DistantHorizons-com.seibel.distanthorizons.core.sql.DatabaseUpdater/]: Running SQL update script: [sqlScripts/0050-sqlite-addApplyToParentIndex.sql], for repo: [.\world\data\DistantHorizons.sqlite]
[31Jul2026 16:03:44.624] [Server thread/INFO] [DistantHorizons-DistantHorizons-com.seibel.distanthorizons.core.sql.DatabaseUpdater/]: Running SQL update script: [sqlScripts/0060-sqlite-createChunkHashTable.sql], for repo: [.\world\data\DistantHorizons.sqlite]
[31Jul2026 16:03:44.627] [Server thread/INFO] [DistantHorizons-DistantHorizons-com.seibel.distanthorizons.core.sql.DatabaseUpdater/]: Running SQL update script: [sqlScripts/0070-sqlite-createBeaconBeamTable.sql], for repo: [.\world\data\DistantHorizons.sqlite]
[31Jul2026 16:03:44.637] [Server thread/INFO] [DistantHorizons-DistantHorizons-com.seibel.distanthorizons.core.sql.DatabaseUpdater/]: Running SQL update script: [sqlScripts/0080-sqlite-addApplyToChildrenColumn.sql], for repo: [.\world\data\DistantHorizons.sqlite]
[31Jul2026 16:03:44.647] [Server thread/INFO] [DistantHorizons-DistantHorizons-com.seibel.distanthorizons.core.sql.DatabaseUpdater/]: Running SQL update script: [sqlScripts/0090-sqlite-addAdjacentFullDataColumns.sql], for repo: [.\world\data\DistantHorizons.sqlite]
[31Jul2026 16:03:44.660] [Server thread/INFO] [DistantHorizons-DistantHorizons-com.seibel.distanthorizons.core.sql.DatabaseUpdater/]: Running SQL update script: [sqlScripts/0100-sqlite-deleteLowDetailDataForRegen.sql], for repo: [.\world\data\DistantHorizons.sqlite]
[31Jul2026 16:03:44.687] [Server thread/INFO] [DistantHorizons-DistantHorizons-com.seibel.distanthorizons.core.level.AbstractDhServerLevel/]: Started DhServerLevel for [Wrapped{ServerLevel[world]@minecraft:overworld}] at [[LocalSaveStructure@(.\world\data)]].
[31Jul2026 16:03:44.723] [DH-Full Data Migration Thread[0]/INFO] [DistantHorizons-DistantHorizons-com.seibel.distanthorizons.core.file.fullDatafile.V2.DataMigratorV1/]: No migration necessary.
[31Jul2026 16:03:45.271] [DH-Request Module Ticker [minecraft:overworld] Thread[0]/INFO] [DistantHorizons-DistantHorizons-com.seibel.distanthorizons.core.generation.BatchGenerator/]: Batch Chunk Generator initialized
[31Jul2026 16:03:45.274] [DH-Request Module Ticker [minecraft:overworld] Thread[0]/INFO] [DistantHorizons-DistantHorizons-com.seibel.distanthorizons.core.generation.queues.WorldGenerationQueue/]: Creating world gen queue
[31Jul2026 16:03:45.275] [DH-Request Module Ticker [minecraft:overworld] Thread[0]/INFO] [DistantHorizons-DistantHorizons-com.seibel.distanthorizons.core.generation.queues.WorldGenerationQueue/]: Created world gen queue
[31Jul2026 16:03:45.276] [DH-Request Module Ticker [minecraft:overworld] Thread[0]/INFO] [DistantHorizons-DistantHorizons-com.seibel.distanthorizons.core.file.fullDatafile.GeneratedFullDataSourceProvider/]: Set world gen queue for level [minecraft:overworld].
[31Jul2026 16:03:47.216] [Netty Server IO #1/INFO] [net.minecraftforge.server.ServerLifecycleHooks/SERVERHOOKS]: Disconnecting Player (server is still starting): literal{Server is still starting! Please wait before reconnecting.}
[31Jul2026 16:03:47.383] [Worker-Main-10/WARN] [net.minecraft.world.level.levelgen.structure.pools.JigsawPlacement/]: Empty or non-existent pool: dungeons_arise:mechanical_nest/mechanical_nest_decoration
[31Jul2026 16:03:47.423] [Worker-Main-10/WARN] [net.minecraft.world.level.levelgen.structure.pools.JigsawPlacement/]: Empty or non-existent pool: dungeons_arise:mechanical_nest/mechanical_nest_decoration
[31Jul2026 16:03:47.425] [Worker-Main-10/WARN] [net.minecraft.world.level.levelgen.structure.pools.JigsawPlacement/]: Empty or non-existent pool: dungeons_arise:mechanical_nest/mechanical_nest_decoration
[31Jul2026 16:03:47.434] [Worker-Main-10/WARN] [net.minecraft.world.level.levelgen.structure.pools.JigsawPlacement/]: Empty or non-existent pool: dungeons_arise:mechanical_nest/mechanical_nest_decoration
[31Jul2026 16:03:48.200] [Worker-Main-4/INFO] [citadel/]: merged 6 surface rules with vanilla rule SequenceRuleSource
[31Jul2026 16:03:48.267] [Worker-Main-4/INFO] [bettercaves/]: CREATING AND INIT'ING MASTER CONTROLLER...
[31Jul2026 16:03:48.616] [Netty Server IO #2/INFO] [net.minecraftforge.server.ServerLifecycleHooks/SERVERHOOKS]: Disconnecting Player (server is still starting): literal{Server is still starting! Please wait before reconnecting.}
[31Jul2026 16:03:49.818] [Server thread/WARN] [yungsapi/]: WARNING: block Block{minecraft:iron_ore} added to BlockStateRandomizer exceeds max probabiltiy of 1!
[31Jul2026 16:03:49.829] [Server thread/INFO] [DistantHorizons-DistantHorizons-com.seibel.distanthorizons.core.sql.DatabaseUpdater/]: Running SQL update script: [sqlScripts/0010-sqlite-createInitialDataTables.sql], for repo: [.\world\DIM1\data\DistantHorizons.sqlite]
[31Jul2026 16:03:49.835] [Server thread/INFO] [DistantHorizons-DistantHorizons-com.seibel.distanthorizons.core.sql.DatabaseUpdater/]: Running SQL update script: [sqlScripts/0020-sqlite-createFullDataSourceV2Tables.sql], for repo: [.\world\DIM1\data\DistantHorizons.sqlite]
[31Jul2026 16:03:49.841] [Server thread/INFO] [DistantHorizons-DistantHorizons-com.seibel.distanthorizons.core.sql.DatabaseUpdater/]: Running SQL update script: [sqlScripts/0030-sqlite-changeTableJournaling.sql], for repo: [.\world\DIM1\data\DistantHorizons.sqlite]
[31Jul2026 16:03:49.844] [Server thread/INFO] [DistantHorizons-DistantHorizons-com.seibel.distanthorizons.core.sql.DatabaseUpdater/]: Running SQL update script: [sqlScripts/0031-sqlite-useSqliteWalJournaling.sql], for repo: [.\world\DIM1\data\DistantHorizons.sqlite]
[31Jul2026 16:03:49.849] [Server thread/INFO] [DistantHorizons-DistantHorizons-com.seibel.distanthorizons.core.sql.DatabaseUpdater/]: Running SQL update script: [sqlScripts/0040-sqlite-removeRenderCache.sql], for repo: [.\world\DIM1\data\DistantHorizons.sqlite]
[31Jul2026 16:03:49.850] [Server thread/INFO] [DistantHorizons-DistantHorizons-com.seibel.distanthorizons.core.sql.DatabaseUpdater/]: Running SQL update script: [sqlScripts/0050-sqlite-addApplyToParentIndex.sql], for repo: [.\world\DIM1\data\DistantHorizons.sqlite]
[31Jul2026 16:03:49.851] [Server thread/INFO] [DistantHorizons-DistantHorizons-com.seibel.distanthorizons.core.sql.DatabaseUpdater/]: Running SQL update script: [sqlScripts/0060-sqlite-createChunkHashTable.sql], for repo: [.\world\DIM1\data\DistantHorizons.sqlite]
[31Jul2026 16:03:49.853] [Server thread/INFO] [DistantHorizons-DistantHorizons-com.seibel.distanthorizons.core.sql.DatabaseUpdater/]: Running SQL update script: [sqlScripts/0070-sqlite-createBeaconBeamTable.sql], for repo: [.\world\DIM1\data\DistantHorizons.sqlite]
[31Jul2026 16:03:49.854] [Server thread/INFO] [DistantHorizons-DistantHorizons-com.seibel.distanthorizons.core.sql.DatabaseUpdater/]: Running SQL update script: [sqlScripts/0080-sqlite-addApplyToChildrenColumn.sql], for repo: [.\world\DIM1\data\DistantHorizons.sqlite]
[31Jul2026 16:03:49.856] [Server thread/INFO] [DistantHorizons-DistantHorizons-com.seibel.distanthorizons.core.sql.DatabaseUpdater/]: Running SQL update script: [sqlScripts/0090-sqlite-addAdjacentFullDataColumns.sql], for repo: [.\world\DIM1\data\DistantHorizons.sqlite]
[31Jul2026 16:03:49.859] [Server thread/INFO] [DistantHorizons-DistantHorizons-com.seibel.distanthorizons.core.sql.DatabaseUpdater/]: Running SQL update script: [sqlScripts/0100-sqlite-deleteLowDetailDataForRegen.sql], for repo: [.\world\DIM1\data\DistantHorizons.sqlite]
[31Jul2026 16:03:49.864] [DH-Full Data Migration Thread[0]/INFO] [DistantHorizons-DistantHorizons-com.seibel.distanthorizons.core.file.fullDatafile.V2.DataMigratorV1/]: No migration necessary.
[31Jul2026 16:03:49.872] [Server thread/INFO] [DistantHorizons-DistantHorizons-com.seibel.distanthorizons.core.level.AbstractDhServerLevel/]: Started DhServerLevel for [Wrapped{ServerLevel[world]@minecraft:the_end}] at [[LocalSaveStructure@(.\world\data;.\world\DIM1\data)]].
[31Jul2026 16:03:49.877] [Server thread/WARN] [yungsapi/]: WARNING: block Block{minecraft:iron_ore} added to BlockStateRandomizer exceeds max probabiltiy of 1!
[31Jul2026 16:03:49.886] [Server thread/INFO] [DistantHorizons-DistantHorizons-com.seibel.distanthorizons.core.sql.DatabaseUpdater/]: Running SQL update script: [sqlScripts/0010-sqlite-createInitialDataTables.sql], for repo: [.\world\DIM-1\data\DistantHorizons.sqlite]
[31Jul2026 16:03:49.891] [Server thread/INFO] [DistantHorizons-DistantHorizons-com.seibel.distanthorizons.core.sql.DatabaseUpdater/]: Running SQL update script: [sqlScripts/0020-sqlite-createFullDataSourceV2Tables.sql], for repo: [.\world\DIM-1\data\DistantHorizons.sqlite]
[31Jul2026 16:03:49.897] [Server thread/INFO] [DistantHorizons-DistantHorizons-com.seibel.distanthorizons.core.sql.DatabaseUpdater/]: Running SQL update script: [sqlScripts/0030-sqlite-changeTableJournaling.sql], for repo: [.\world\DIM-1\data\DistantHorizons.sqlite]
[31Jul2026 16:03:49.901] [Server thread/INFO] [DistantHorizons-DistantHorizons-com.seibel.distanthorizons.core.sql.DatabaseUpdater/]: Running SQL update script: [sqlScripts/0031-sqlite-useSqliteWalJournaling.sql], for repo: [.\world\DIM-1\data\DistantHorizons.sqlite]
[31Jul2026 16:03:49.905] [Server thread/INFO] [DistantHorizons-DistantHorizons-com.seibel.distanthorizons.core.sql.DatabaseUpdater/]: Running SQL update script: [sqlScripts/0040-sqlite-removeRenderCache.sql], for repo: [.\world\DIM-1\data\DistantHorizons.sqlite]
[31Jul2026 16:03:49.907] [Server thread/INFO] [DistantHorizons-DistantHorizons-com.seibel.distanthorizons.core.sql.DatabaseUpdater/]: Running SQL update script: [sqlScripts/0050-sqlite-addApplyToParentIndex.sql], for repo: [.\world\DIM-1\data\DistantHorizons.sqlite]
[31Jul2026 16:03:49.909] [Server thread/INFO] [DistantHorizons-DistantHorizons-com.seibel.distanthorizons.core.sql.DatabaseUpdater/]: Running SQL update script: [sqlScripts/0060-sqlite-createChunkHashTable.sql], for repo: [.\world\DIM-1\data\DistantHorizons.sqlite]
[31Jul2026 16:03:49.910] [Server thread/INFO] [DistantHorizons-DistantHorizons-com.seibel.distanthorizons.core.sql.DatabaseUpdater/]: Running SQL update script: [sqlScripts/0070-sqlite-createBeaconBeamTable.sql], for repo: [.\world\DIM-1\data\DistantHorizons.sqlite]
[31Jul2026 16:03:49.911] [Server thread/INFO] [DistantHorizons-DistantHorizons-com.seibel.distanthorizons.core.sql.DatabaseUpdater/]: Running SQL update script: [sqlScripts/0080-sqlite-addApplyToChildrenColumn.sql], for repo: [.\world\DIM-1\data\DistantHorizons.sqlite]
[31Jul2026 16:03:49.913] [Server thread/INFO] [DistantHorizons-DistantHorizons-com.seibel.distanthorizons.core.sql.DatabaseUpdater/]: Running SQL update script: [sqlScripts/0090-sqlite-addAdjacentFullDataColumns.sql], for repo: [.\world\DIM-1\data\DistantHorizons.sqlite]
[31Jul2026 16:03:49.915] [Server thread/INFO] [DistantHorizons-DistantHorizons-com.seibel.distanthorizons.core.sql.DatabaseUpdater/]: Running SQL update script: [sqlScripts/0100-sqlite-deleteLowDetailDataForRegen.sql], for repo: [.\world\DIM-1\data\DistantHorizons.sqlite]
[31Jul2026 16:03:49.920] [DH-Full Data Migration Thread[0]/INFO] [DistantHorizons-DistantHorizons-com.seibel.distanthorizons.core.file.fullDatafile.V2.DataMigratorV1/]: No migration necessary.
[31Jul2026 16:03:49.927] [Server thread/INFO] [DistantHorizons-DistantHorizons-com.seibel.distanthorizons.core.level.AbstractDhServerLevel/]: Started DhServerLevel for [Wrapped{ServerLevel[world]@minecraft:the_nether}] at [[LocalSaveStructure@(.\world\DIM-1\data;.\world\data;.\world\DIM1\data)]].
[31Jul2026 16:03:49.937] [Server thread/WARN] [yungsapi/]: WARNING: block Block{minecraft:iron_ore} added to BlockStateRandomizer exceeds max probabiltiy of 1!
[31Jul2026 16:03:49.946] [Server thread/INFO] [DistantHorizons-DistantHorizons-com.seibel.distanthorizons.core.sql.DatabaseUpdater/]: Running SQL update script: [sqlScripts/0010-sqlite-createInitialDataTables.sql], for repo: [.\world\dimensions\twilightforest\twilight_forest\data\DistantHorizons.sqlite]
[31Jul2026 16:03:49.952] [Server thread/INFO] [DistantHorizons-DistantHorizons-com.seibel.distanthorizons.core.sql.DatabaseUpdater/]: Running SQL update script: [sqlScripts/0020-sqlite-createFullDataSourceV2Tables.sql], for repo: [.\world\dimensions\twilightforest\twilight_forest\data\DistantHorizons.sqlite]
[31Jul2026 16:03:49.958] [Server thread/INFO] [DistantHorizons-DistantHorizons-com.seibel.distanthorizons.core.sql.DatabaseUpdater/]: Running SQL update script: [sqlScripts/0030-sqlite-changeTableJournaling.sql], for repo: [.\world\dimensions\twilightforest\twilight_forest\data\DistantHorizons.sqlite]
[31Jul2026 16:03:49.961] [Server thread/INFO] [DistantHorizons-DistantHorizons-com.seibel.distanthorizons.core.sql.DatabaseUpdater/]: Running SQL update script: [sqlScripts/0031-sqlite-useSqliteWalJournaling.sql], for repo: [.\world\dimensions\twilightforest\twilight_forest\data\DistantHorizons.sqlite]
[31Jul2026 16:03:49.965] [Server thread/INFO] [DistantHorizons-DistantHorizons-com.seibel.distanthorizons.core.sql.DatabaseUpdater/]: Running SQL update script: [sqlScripts/0040-sqlite-removeRenderCache.sql], for repo: [.\world\dimensions\twilightforest\twilight_forest\data\DistantHorizons.sqlite]
[31Jul2026 16:03:49.967] [Server thread/INFO] [DistantHorizons-DistantHorizons-com.seibel.distanthorizons.core.sql.DatabaseUpdater/]: Running SQL update script: [sqlScripts/0050-sqlite-addApplyToParentIndex.sql], for repo: [.\world\dimensions\twilightforest\twilight_forest\data\DistantHorizons.sqlite]
[31Jul2026 16:03:49.968] [Server thread/INFO] [DistantHorizons-DistantHorizons-com.seibel.distanthorizons.core.sql.DatabaseUpdater/]: Running SQL update script: [sqlScripts/0060-sqlite-createChunkHashTable.sql], for repo: [.\world\dimensions\twilightforest\twilight_forest\data\DistantHorizons.sqlite]
[31Jul2026 16:03:49.971] [Server thread/INFO] [DistantHorizons-DistantHorizons-com.seibel.distanthorizons.core.sql.DatabaseUpdater/]: Running SQL update script: [sqlScripts/0070-sqlite-createBeaconBeamTable.sql], for repo: [.\world\dimensions\twilightforest\twilight_forest\data\DistantHorizons.sqlite]
[31Jul2026 16:03:49.972] [Server thread/INFO] [DistantHorizons-DistantHorizons-com.seibel.distanthorizons.core.sql.DatabaseUpdater/]: Running SQL update script: [sqlScripts/0080-sqlite-addApplyToChildrenColumn.sql], for repo: [.\world\dimensions\twilightforest\twilight_forest\data\DistantHorizons.sqlite]
[31Jul2026 16:03:49.973] [Server thread/INFO] [DistantHorizons-DistantHorizons-com.seibel.distanthorizons.core.sql.DatabaseUpdater/]: Running SQL update script: [sqlScripts/0090-sqlite-addAdjacentFullDataColumns.sql], for repo: [.\world\dimensions\twilightforest\twilight_forest\data\DistantHorizons.sqlite]
[31Jul2026 16:03:49.975] [Server thread/INFO] [DistantHorizons-DistantHorizons-com.seibel.distanthorizons.core.sql.DatabaseUpdater/]: Running SQL update script: [sqlScripts/0100-sqlite-deleteLowDetailDataForRegen.sql], for repo: [.\world\dimensions\twilightforest\twilight_forest\data\DistantHorizons.sqlite]
[31Jul2026 16:03:49.980] [DH-Full Data Migration Thread[0]/INFO] [DistantHorizons-DistantHorizons-com.seibel.distanthorizons.core.file.fullDatafile.V2.DataMigratorV1/]: No migration necessary.
[31Jul2026 16:03:49.988] [Server thread/INFO] [DistantHorizons-DistantHorizons-com.seibel.distanthorizons.core.level.AbstractDhServerLevel/]: Started DhServerLevel for [Wrapped{ServerLevel[world]@twilightforest:twilight_forest}] at [[LocalSaveStructure@(.\world\DIM-1\data;.\world\data;.\world\dimensions\twilightforest\twilight_forest\data;.\world\DIM1\data)]].
[31Jul2026 16:03:49.989] [Server thread/INFO] [net.minecraft.server.MinecraftServer/]: Preparing start region for dimension minecraft:overworld
[31Jul2026 16:03:50.346] [Worker-Main-4/INFO] [net.minecraft.server.level.progress.LoggerChunkProgressListener/]: Preparing spawn area: 0%
[31Jul2026 16:03:50.388] [DH-Request Module Ticker [minecraft:the_end] Thread[0]/INFO] [DistantHorizons-DistantHorizons-com.seibel.distanthorizons.core.generation.BatchGenerator/]: Batch Chunk Generator initialized
[31Jul2026 16:03:50.389] [DH-Request Module Ticker [minecraft:the_end] Thread[0]/INFO] [DistantHorizons-DistantHorizons-com.seibel.distanthorizons.core.generation.queues.WorldGenerationQueue/]: Creating world gen queue
[31Jul2026 16:03:50.389] [DH-Request Module Ticker [minecraft:the_end] Thread[0]/INFO] [DistantHorizons-DistantHorizons-com.seibel.distanthorizons.core.generation.queues.WorldGenerationQueue/]: Created world gen queue
[31Jul2026 16:03:50.389] [DH-Request Module Ticker [minecraft:the_end] Thread[0]/INFO] [DistantHorizons-DistantHorizons-com.seibel.distanthorizons.core.file.fullDatafile.GeneratedFullDataSourceProvider/]: Set world gen queue for level [minecraft:the_end].
[31Jul2026 16:03:50.447] [DH-Request Module Ticker [minecraft:the_nether] Thread[0]/INFO] [DistantHorizons-DistantHorizons-com.seibel.distanthorizons.core.generation.BatchGenerator/]: Batch Chunk Generator initialized
[31Jul2026 16:03:50.470] [DH-Request Module Ticker [minecraft:the_nether] Thread[0]/INFO] [DistantHorizons-DistantHorizons-com.seibel.distanthorizons.core.generation.queues.WorldGenerationQueue/]: Creating world gen queue
[31Jul2026 16:03:50.482] [DH-Request Module Ticker [minecraft:the_nether] Thread[0]/INFO] [DistantHorizons-DistantHorizons-com.seibel.distanthorizons.core.generation.queues.WorldGenerationQueue/]: Created world gen queue
[31Jul2026 16:03:50.503] [DH-Request Module Ticker [minecraft:the_nether] Thread[0]/INFO] [DistantHorizons-DistantHorizons-com.seibel.distanthorizons.core.file.fullDatafile.GeneratedFullDataSourceProvider/]: Set world gen queue for level [minecraft:the_nether].
[31Jul2026 16:03:50.532] [DH-Request Module Ticker [twilightforest:twilight_forest] Thread[0]/WARN] [DistantHorizons-LOD World Gen/]: Unknown Chunk Generator detected: [class twilightforest.world.components.chunkgenerators.ChunkGeneratorTwilight], Distant Generation May Fail!
[31Jul2026 16:03:50.533] [DH-Request Module Ticker [twilightforest:twilight_forest] Thread[0]/WARN] [DistantHorizons-LOD World Gen/]: If it does crash, disable Distant Generation or set the Generation Mode to [PRE_EXISTING_ONLY].
[31Jul2026 16:03:50.533] [DH-Request Module Ticker [twilightforest:twilight_forest] Thread[0]/INFO] [DistantHorizons-DistantHorizons-com.seibel.distanthorizons.core.generation.BatchGenerator/]: Batch Chunk Generator initialized
[31Jul2026 16:03:50.533] [DH-Request Module Ticker [twilightforest:twilight_forest] Thread[0]/INFO] [DistantHorizons-DistantHorizons-com.seibel.distanthorizons.core.generation.queues.WorldGenerationQueue/]: Creating world gen queue
[31Jul2026 16:03:50.533] [DH-Request Module Ticker [twilightforest:twilight_forest] Thread[0]/INFO] [DistantHorizons-DistantHorizons-com.seibel.distanthorizons.core.generation.queues.WorldGenerationQueue/]: Created world gen queue
[31Jul2026 16:03:50.534] [DH-Request Module Ticker [twilightforest:twilight_forest] Thread[0]/INFO] [DistantHorizons-DistantHorizons-com.seibel.distanthorizons.core.file.fullDatafile.GeneratedFullDataSourceProvider/]: Set world gen queue for level [twilightforest:twilight_forest].
[31Jul2026 16:03:50.546] [Worker-Main-7/INFO] [net.minecraft.server.level.progress.LoggerChunkProgressListener/]: Preparing spawn area: 0%
[31Jul2026 16:03:51.003] [Worker-Main-3/INFO] [net.minecraft.server.level.progress.LoggerChunkProgressListener/]: Preparing spawn area: 0%
[31Jul2026 16:03:51.495] [Worker-Main-9/INFO] [net.minecraft.server.level.progress.LoggerChunkProgressListener/]: Preparing spawn area: 0%
[31Jul2026 16:03:51.544] [Worker-Main-5/ERROR] [net.minecraft.world.entity.decoration.HangingEntity/]: Hanging entity at invalid position: BlockPos{x=-428, y=-52, z=-407}
[31Jul2026 16:03:51.546] [Worker-Main-5/ERROR] [net.minecraft.world.entity.decoration.HangingEntity/]: Hanging entity at invalid position: BlockPos{x=-429, y=-52, z=-408}
[31Jul2026 16:03:51.546] [Worker-Main-5/ERROR] [net.minecraft.world.entity.decoration.HangingEntity/]: Hanging entity at invalid position: BlockPos{x=-428, y=-52, z=-409}
[31Jul2026 16:03:51.641] [Worker-Main-7/ERROR] [net.minecraft.world.entity.decoration.HangingEntity/]: Hanging entity at invalid position: BlockPos{x=-414, y=-52, z=-427}
[31Jul2026 16:03:51.685] [Worker-Main-9/ERROR] [net.minecraft.world.entity.decoration.HangingEntity/]: Hanging entity at invalid position: BlockPos{x=-361, y=-54, z=-542}
[31Jul2026 16:03:51.685] [Worker-Main-9/ERROR] [net.minecraft.world.entity.decoration.HangingEntity/]: Hanging entity at invalid position: BlockPos{x=-361, y=-53, z=-542}
[31Jul2026 16:03:51.696] [Worker-Main-9/ERROR] [net.minecraft.world.entity.decoration.HangingEntity/]: Hanging entity at invalid position: BlockPos{x=-420, y=-52, z=-419}
[31Jul2026 16:03:51.696] [Worker-Main-9/ERROR] [net.minecraft.world.entity.decoration.HangingEntity/]: Hanging entity at invalid position: BlockPos{x=-424, y=-52, z=-422}
[31Jul2026 16:03:51.697] [Worker-Main-9/ERROR] [net.minecraft.world.entity.decoration.HangingEntity/]: Hanging entity at invalid position: BlockPos{x=-427, y=-52, z=-408}
[31Jul2026 16:03:51.709] [Worker-Main-9/ERROR] [net.minecraft.world.entity.decoration.HangingEntity/]: Hanging entity at invalid position: BlockPos{x=-400, y=-52, z=-552}
[31Jul2026 16:03:51.709] [Worker-Main-9/ERROR] [net.minecraft.world.entity.decoration.HangingEntity/]: Hanging entity at invalid position: BlockPos{x=-400, y=-51, z=-552}
[31Jul2026 16:03:51.728] [Worker-Main-9/ERROR] [net.minecraft.world.entity.decoration.HangingEntity/]: Hanging entity at invalid position: BlockPos{x=-361, y=-58, z=-502}
[31Jul2026 16:03:51.995] [Worker-Main-10/INFO] [net.minecraft.server.level.progress.LoggerChunkProgressListener/]: Preparing spawn area: 1%
[31Jul2026 16:03:52.247] [Worker-Main-9/ERROR] [net.minecraft.world.entity.decoration.HangingEntity/]: Hanging entity at invalid position: BlockPos{x=-393, y=-52, z=-400}
[31Jul2026 16:03:52.284] [Worker-Main-11/ERROR] [net.minecraft.world.entity.decoration.HangingEntity/]: Hanging entity at invalid position: BlockPos{x=-404, y=-52, z=-397}
[31Jul2026 16:03:52.285] [Worker-Main-11/ERROR] [net.minecraft.world.entity.decoration.HangingEntity/]: Hanging entity at invalid position: BlockPos{x=-399, y=-52, z=-395}
[31Jul2026 16:03:52.285] [Worker-Main-11/ERROR] [net.minecraft.world.entity.decoration.HangingEntity/]: Hanging entity at invalid position: BlockPos{x=-400, y=-52, z=-394}
[31Jul2026 16:03:52.462] [Worker-Main-8/ERROR] [net.minecraft.world.entity.decoration.HangingEntity/]: Hanging entity at invalid position: BlockPos{x=-422, y=-52, z=-391}
[31Jul2026 16:03:52.494] [Worker-Main-3/INFO] [net.minecraft.server.level.progress.LoggerChunkProgressListener/]: Preparing spawn area: 2%
[31Jul2026 16:03:52.860] [Worker-Main-8/ERROR] [net.minecraft.world.entity.decoration.HangingEntity/]: Hanging entity at invalid position: BlockPos{x=-432, y=-52, z=-404}
[31Jul2026 16:03:52.861] [Worker-Main-8/ERROR] [net.minecraft.world.entity.decoration.HangingEntity/]: Hanging entity at invalid position: BlockPos{x=-432, y=-52, z=-402}
[31Jul2026 16:03:52.922] [Worker-Main-5/ERROR] [net.minecraft.world.entity.decoration.HangingEntity/]: Hanging entity at invalid position: BlockPos{x=-403, y=-52, z=-425}
[31Jul2026 16:03:52.922] [Worker-Main-5/ERROR] [net.minecraft.world.entity.decoration.HangingEntity/]: Hanging entity at invalid position: BlockPos{x=-410, y=-52, z=-426}
[31Jul2026 16:03:52.998] [Worker-Main-5/INFO] [net.minecraft.server.level.progress.LoggerChunkProgressListener/]: Preparing spawn area: 3%
[31Jul2026 16:03:53.011] [Worker-Main-8/ERROR] [net.minecraft.world.entity.decoration.HangingEntity/]: Hanging entity at invalid position: BlockPos{x=-422, y=-52, z=-391}
[31Jul2026 16:03:53.022] [Worker-Main-8/ERROR] [net.minecraft.world.entity.decoration.HangingEntity/]: Hanging entity at invalid position: BlockPos{x=-396, y=-51, z=-611}
[31Jul2026 16:03:53.023] [Worker-Main-8/ERROR] [net.minecraft.world.entity.decoration.HangingEntity/]: Hanging entity at invalid position: BlockPos{x=-396, y=-50, z=-610}
[31Jul2026 16:03:53.049] [Worker-Main-8/ERROR] [net.minecraft.world.entity.decoration.HangingEntity/]: Hanging entity at invalid position: BlockPos{x=-362, y=-51, z=-548}
[31Jul2026 16:03:53.057] [Worker-Main-8/ERROR] [net.minecraft.world.entity.decoration.HangingEntity/]: Hanging entity at invalid position: BlockPos{x=-400, y=-52, z=-422}
[31Jul2026 16:03:53.057] [Worker-Main-8/ERROR] [net.minecraft.world.entity.decoration.HangingEntity/]: Hanging entity at invalid position: BlockPos{x=-396, y=-52, z=-418}
[31Jul2026 16:03:53.057] [Worker-Main-8/ERROR] [net.minecraft.world.entity.decoration.HangingEntity/]: Hanging entity at invalid position: BlockPos{x=-396, y=-52, z=-407}
[31Jul2026 16:03:53.057] [Worker-Main-8/ERROR] [net.minecraft.world.entity.decoration.HangingEntity/]: Hanging entity at invalid position: BlockPos{x=-396, y=-52, z=-409}
[31Jul2026 16:03:53.062] [Worker-Main-8/ERROR] [net.minecraft.world.entity.decoration.HangingEntity/]: Hanging entity at invalid position: BlockPos{x=-361, y=-58, z=-502}
[31Jul2026 16:03:53.063] [Worker-Main-8/ERROR] [net.minecraft.world.entity.decoration.HangingEntity/]: Hanging entity at invalid position: BlockPos{x=-359, y=-58, z=-502}
[31Jul2026 16:03:53.072] [Worker-Main-8/ERROR] [net.minecraft.world.entity.decoration.HangingEntity/]: Hanging entity at invalid position: BlockPos{x=-323, y=-57, z=-753}
[31Jul2026 16:03:53.072] [Worker-Main-8/ERROR] [net.minecraft.world.entity.decoration.HangingEntity/]: Hanging entity at invalid position: BlockPos{x=-322, y=-56, z=-753}
[31Jul2026 16:03:53.072] [Worker-Main-8/ERROR] [net.minecraft.world.entity.decoration.HangingEntity/]: Hanging entity at invalid position: BlockPos{x=-323, y=-57, z=-751}
[31Jul2026 16:03:53.072] [Worker-Main-8/ERROR] [net.minecraft.world.entity.decoration.HangingEntity/]: Hanging entity at invalid position: BlockPos{x=-322, y=-55, z=-752}
[31Jul2026 16:03:53.210] [Worker-Main-8/ERROR] [net.minecraft.world.entity.decoration.HangingEntity/]: Hanging entity at invalid position: BlockPos{x=-404, y=-52, z=-397}
[31Jul2026 16:03:53.210] [Worker-Main-8/ERROR] [net.minecraft.world.entity.decoration.HangingEntity/]: Hanging entity at invalid position: BlockPos{x=-399, y=-52, z=-395}
[31Jul2026 16:03:53.211] [Worker-Main-8/ERROR] [net.minecraft.world.entity.decoration.HangingEntity/]: Hanging entity at invalid position: BlockPos{x=-400, y=-52, z=-394}
[31Jul2026 16:03:53.222] [Worker-Main-8/ERROR] [net.minecraft.world.entity.decoration.HangingEntity/]: Hanging entity at invalid position: BlockPos{x=-323, y=-56, z=-754}
[31Jul2026 16:03:53.223] [Worker-Main-8/ERROR] [net.minecraft.world.entity.decoration.HangingEntity/]: Hanging entity at invalid position: BlockPos{x=-322, y=-56, z=-755}
[31Jul2026 16:03:53.491] [Worker-Main-4/INFO] [net.minecraft.server.level.progress.LoggerChunkProgressListener/]: Preparing spawn area: 4%
[31Jul2026 16:03:53.800] [Worker-Main-8/ERROR] [net.minecraft.world.entity.decoration.HangingEntity/]: Hanging entity at invalid position: BlockPos{x=-213, y=-52, z=-702}
[31Jul2026 16:03:53.806] [Worker-Main-8/ERROR] [net.minecraft.world.entity.decoration.HangingEntity/]: Hanging entity at invalid position: BlockPos{x=-396, y=-52, z=-418}
[31Jul2026 16:03:53.807] [Worker-Main-8/ERROR] [net.minecraft.world.entity.decoration.HangingEntity/]: Hanging entity at invalid position: BlockPos{x=-396, y=-52, z=-407}
[31Jul2026 16:03:53.807] [Worker-Main-8/ERROR] [net.minecraft.world.entity.decoration.HangingEntity/]: Hanging entity at invalid position: BlockPos{x=-396, y=-52, z=-409}
[31Jul2026 16:03:53.807] [Worker-Main-8/ERROR] [net.minecraft.world.entity.decoration.HangingEntity/]: Hanging entity at invalid position: BlockPos{x=-394, y=-52, z=-409}
[31Jul2026 16:03:53.808] [Worker-Main-8/ERROR] [net.minecraft.world.entity.decoration.HangingEntity/]: Hanging entity at invalid position: BlockPos{x=-393, y=-52, z=-408}
[31Jul2026 16:03:53.808] [Worker-Main-8/ERROR] [net.minecraft.world.entity.decoration.HangingEntity/]: Hanging entity at invalid position: BlockPos{x=-395, y=-52, z=-416}
[31Jul2026 16:03:53.833] [Worker-Main-7/ERROR] [net.minecraft.world.entity.decoration.HangingEntity/]: Hanging entity at invalid position: BlockPos{x=-420, y=-52, z=-419}
[31Jul2026 16:03:53.834] [Worker-Main-7/ERROR] [net.minecraft.world.entity.decoration.HangingEntity/]: Hanging entity at invalid position: BlockPos{x=-427, y=-52, z=-408}
[31Jul2026 16:03:53.834] [Worker-Main-7/ERROR] [net.minecraft.world.entity.decoration.HangingEntity/]: Hanging entity at invalid position: BlockPos{x=-428, y=-52, z=-407}
[31Jul2026 16:03:53.834] [Worker-Main-7/ERROR] [net.minecraft.world.entity.decoration.HangingEntity/]: Hanging entity at invalid position: BlockPos{x=-429, y=-52, z=-408}
[31Jul2026 16:03:53.835] [Worker-Main-7/ERROR] [net.minecraft.world.entity.decoration.HangingEntity/]: Hanging entity at invalid position: BlockPos{x=-428, y=-52, z=-409}
[31Jul2026 16:03:53.855] [Worker-Main-5/ERROR] [net.minecraft.world.entity.decoration.HangingEntity/]: Hanging entity at invalid position: BlockPos{x=-200, y=-52, z=-702}
[31Jul2026 16:03:53.940] [Worker-Main-8/ERROR] [net.minecraft.world.entity.decoration.HangingEntity/]: Hanging entity at invalid position: BlockPos{x=-432, y=-52, z=-404}
[31Jul2026 16:03:53.940] [Worker-Main-8/ERROR] [net.minecraft.world.entity.decoration.HangingEntity/]: Hanging entity at invalid position: BlockPos{x=-432, y=-52, z=-402}
[31Jul2026 16:03:53.993] [Worker-Main-9/INFO] [net.minecraft.server.level.progress.LoggerChunkProgressListener/]: Preparing spawn area: 5%
[31Jul2026 16:03:54.011] [Worker-Main-2/ERROR] [net.minecraft.world.entity.decoration.HangingEntity/]: Hanging entity at invalid position: BlockPos{x=-403, y=-52, z=-425}
[31Jul2026 16:03:54.012] [Worker-Main-2/ERROR] [net.minecraft.world.entity.decoration.HangingEntity/]: Hanging entity at invalid position: BlockPos{x=-410, y=-52, z=-426}
[31Jul2026 16:03:54.035] [Worker-Main-11/ERROR] [net.minecraft.world.entity.decoration.HangingEntity/]: Hanging entity at invalid position: BlockPos{x=-414, y=-52, z=-427}
[31Jul2026 16:03:54.426] [Worker-Main-11/ERROR] [net.minecraft.world.entity.decoration.HangingEntity/]: Hanging entity at invalid position: BlockPos{x=-234, y=-52, z=-702}
[31Jul2026 16:03:54.427] [Worker-Main-11/ERROR] [net.minecraft.world.entity.decoration.HangingEntity/]: Hanging entity at invalid position: BlockPos{x=-221, y=-52, z=-702}
[31Jul2026 16:03:54.495] [Worker-Main-7/INFO] [net.minecraft.server.level.progress.LoggerChunkProgressListener/]: Preparing spawn area: 7%
[31Jul2026 16:03:54.692] [Worker-Main-9/ERROR] [net.minecraft.world.entity.decoration.HangingEntity/]: Hanging entity at invalid position: BlockPos{x=-213, y=-52, z=-702}
[31Jul2026 16:03:54.692] [Worker-Main-9/ERROR] [net.minecraft.world.entity.decoration.HangingEntity/]: Hanging entity at invalid position: BlockPos{x=-200, y=-52, z=-702}
[31Jul2026 16:03:54.699] [Worker-Main-9/ERROR] [net.minecraft.world.entity.decoration.HangingEntity/]: Hanging entity at invalid position: BlockPos{x=-393, y=-52, z=-400}
[31Jul2026 16:03:54.720] [Worker-Main-9/ERROR] [net.minecraft.world.entity.decoration.HangingEntity/]: Hanging entity at invalid position: BlockPos{x=-394, y=-52, z=-409}
[31Jul2026 16:03:54.720] [Worker-Main-9/ERROR] [net.minecraft.world.entity.decoration.HangingEntity/]: Hanging entity at invalid position: BlockPos{x=-393, y=-52, z=-408}
[31Jul2026 16:03:54.721] [Worker-Main-9/ERROR] [net.minecraft.world.entity.decoration.HangingEntity/]: Hanging entity at invalid position: BlockPos{x=-395, y=-52, z=-416}
[31Jul2026 16:03:54.990] [Worker-Main-6/INFO] [net.minecraft.server.level.progress.LoggerChunkProgressListener/]: Preparing spawn area: 9%
[31Jul2026 16:03:55.370] [Worker-Main-4/ERROR] [net.minecraft.world.entity.decoration.HangingEntity/]: Hanging entity at invalid position: BlockPos{x=-403, y=-52, z=-425}
[31Jul2026 16:03:55.370] [Worker-Main-4/ERROR] [net.minecraft.world.entity.decoration.HangingEntity/]: Hanging entity at invalid position: BlockPos{x=-410, y=-52, z=-426}
[31Jul2026 16:03:55.371] [Worker-Main-4/ERROR] [net.minecraft.world.entity.decoration.HangingEntity/]: Hanging entity at invalid position: BlockPos{x=-400, y=-52, z=-422}
[31Jul2026 16:03:55.395] [Worker-Main-4/ERROR] [net.minecraft.world.entity.decoration.HangingEntity/]: Hanging entity at invalid position: BlockPos{x=-424, y=-52, z=-422}
[31Jul2026 16:03:55.396] [Worker-Main-4/ERROR] [net.minecraft.world.entity.decoration.HangingEntity/]: Hanging entity at invalid position: BlockPos{x=-414, y=-52, z=-427}
[31Jul2026 16:03:55.497] [Worker-Main-9/INFO] [net.minecraft.server.level.progress.LoggerChunkProgressListener/]: Preparing spawn area: 10%
[31Jul2026 16:03:55.522] [Worker-Main-3/ERROR] [net.minecraft.world.entity.decoration.HangingEntity/]: Hanging entity at invalid position: BlockPos{x=-406, y=-57, z=-496}
[31Jul2026 16:03:55.526] [Worker-Main-3/ERROR] [net.minecraft.world.entity.decoration.HangingEntity/]: Hanging entity at invalid position: BlockPos{x=-373, y=-58, z=-499}
[31Jul2026 16:03:55.539] [Worker-Main-3/ERROR] [net.minecraft.world.entity.decoration.HangingEntity/]: Hanging entity at invalid position: BlockPos{x=-362, y=-51, z=-548}
[31Jul2026 16:03:55.543] [Worker-Main-3/ERROR] [net.minecraft.world.entity.decoration.HangingEntity/]: Hanging entity at invalid position: BlockPos{x=-278, y=-53, z=-786}
[31Jul2026 16:03:55.543] [Worker-Main-3/ERROR] [net.minecraft.world.entity.decoration.HangingEntity/]: Hanging entity at invalid position: BlockPos{x=-278, y=-58, z=-785}
[31Jul2026 16:03:55.544] [Worker-Main-3/ERROR] [net.minecraft.world.entity.decoration.HangingEntity/]: Hanging entity at invalid position: BlockPos{x=-346, y=-57, z=-497}
[31Jul2026 16:03:55.545] [Worker-Main-3/ERROR] [net.minecraft.world.entity.decoration.HangingEntity/]: Hanging entity at invalid position: BlockPos{x=-346, y=-57, z=-497}
[31Jul2026 16:03:55.795] [Worker-Main-1/ERROR] [net.minecraft.world.entity.decoration.HangingEntity/]: Hanging entity at invalid position: BlockPos{x=-427, y=-52, z=-408}
[31Jul2026 16:03:55.796] [Worker-Main-1/ERROR] [net.minecraft.world.entity.decoration.HangingEntity/]: Hanging entity at invalid position: BlockPos{x=-429, y=-52, z=-408}
[31Jul2026 16:03:55.796] [Worker-Main-1/ERROR] [net.minecraft.world.entity.decoration.HangingEntity/]: Hanging entity at invalid position: BlockPos{x=-428, y=-52, z=-409}
[31Jul2026 16:03:55.838] [Worker-Main-1/ERROR] [net.minecraft.world.entity.decoration.HangingEntity/]: Hanging entity at invalid position: BlockPos{x=-407, y=-57, z=-497}
[31Jul2026 16:03:55.842] [Worker-Main-1/ERROR] [net.minecraft.world.entity.decoration.HangingEntity/]: Hanging entity at invalid position: BlockPos{x=-350, y=-58, z=-499}
[31Jul2026 16:03:55.843] [Worker-Main-1/ERROR] [net.minecraft.world.entity.decoration.HangingEntity/]: Hanging entity at invalid position: BlockPos{x=-349, y=-58, z=-499}
[31Jul2026 16:03:55.858] [Worker-Main-1/ERROR] [net.minecraft.world.entity.decoration.HangingEntity/]: Hanging entity at invalid position: BlockPos{x=-292, y=-53, z=-786}
[31Jul2026 16:03:55.859] [Worker-Main-1/ERROR] [net.minecraft.world.entity.decoration.HangingEntity/]: Hanging entity at invalid position: BlockPos{x=-292, y=-58, z=-785}
[31Jul2026 16:03:55.885] [Worker-Main-10/ERROR] [net.minecraft.world.entity.decoration.HangingEntity/]: Hanging entity at invalid position: BlockPos{x=-394, y=-52, z=-409}
[31Jul2026 16:03:55.885] [Worker-Main-10/ERROR] [net.minecraft.world.entity.decoration.HangingEntity/]: Hanging entity at invalid position: BlockPos{x=-393, y=-52, z=-408}
[31Jul2026 16:03:55.920] [Worker-Main-10/ERROR] [net.minecraft.world.entity.decoration.HangingEntity/]: Hanging entity at invalid position: BlockPos{x=-400, y=-52, z=-422}
[31Jul2026 16:03:55.920] [Worker-Main-10/ERROR] [net.minecraft.world.entity.decoration.HangingEntity/]: Hanging entity at invalid position: BlockPos{x=-396, y=-52, z=-418}
[31Jul2026 16:03:55.921] [Worker-Main-10/ERROR] [net.minecraft.world.entity.decoration.HangingEntity/]: Hanging entity at invalid position: BlockPos{x=-396, y=-52, z=-409}
[31Jul2026 16:03:55.921] [Worker-Main-10/ERROR] [net.minecraft.world.entity.decoration.HangingEntity/]: Hanging entity at invalid position: BlockPos{x=-395, y=-52, z=-416}
[31Jul2026 16:03:55.932] [Worker-Main-10/ERROR] [net.minecraft.world.entity.decoration.HangingEntity/]: Hanging entity at invalid position: BlockPos{x=-361, y=-58, z=-502}
[31Jul2026 16:03:55.937] [Worker-Main-10/ERROR] [net.minecraft.world.entity.decoration.HangingEntity/]: Hanging entity at invalid position: BlockPos{x=-350, y=-58, z=-499}
[31Jul2026 16:03:55.939] [Worker-Main-10/ERROR] [net.minecraft.world.entity.decoration.HangingEntity/]: Hanging entity at invalid position: BlockPos{x=-349, y=-58, z=-499}
[31Jul2026 16:03:55.948] [Worker-Main-10/ERROR] [net.minecraft.world.entity.decoration.HangingEntity/]: Hanging entity at invalid position: BlockPos{x=-349, y=-58, z=-497}
[31Jul2026 16:03:55.956] [Worker-Main-10/ERROR] [net.minecraft.world.entity.decoration.HangingEntity/]: Hanging entity at invalid position: BlockPos{x=-403, y=-58, z=-503}
[31Jul2026 16:03:55.961] [Worker-Main-10/ERROR] [net.minecraft.world.entity.decoration.HangingEntity/]: Hanging entity at invalid position: BlockPos{x=-245, y=-56, z=-571}
[31Jul2026 16:03:55.976] [Worker-Main-10/ERROR] [net.minecraft.world.level.block.entity.SculkSensorBlockEntity/]: No key selector in MapLike[{event_delay:0,event_distance:3.602844f,range:8,source:{pos:[I;-404,-59,-499],type:"minecraft:block"}}]
[31Jul2026 16:03:56.001] [Worker-Main-10/ERROR] [net.minecraft.world.entity.decoration.HangingEntity/]: Hanging entity at invalid position: BlockPos{x=-420, y=-52, z=-419}
[31Jul2026 16:03:56.001] [Worker-Main-10/ERROR] [net.minecraft.world.entity.decoration.HangingEntity/]: Hanging entity at invalid position: BlockPos{x=-424, y=-52, z=-422}
[31Jul2026 16:03:56.017] [Worker-Main-10/ERROR] [net.minecraft.world.entity.decoration.HangingEntity/]: Hanging entity at invalid position: BlockPos{x=-362, y=-51, z=-548}
[31Jul2026 16:03:56.030] [Worker-Main-10/ERROR] [net.minecraft.world.entity.decoration.HangingEntity/]: Hanging entity at invalid position: BlockPos{x=-396, y=-51, z=-611}
[31Jul2026 16:03:56.031] [Worker-Main-10/ERROR] [net.minecraft.world.entity.decoration.HangingEntity/]: Hanging entity at invalid position: BlockPos{x=-396, y=-50, z=-610}
[31Jul2026 16:03:56.031] [Worker-Main-10/ERROR] [net.minecraft.world.entity.decoration.HangingEntity/]: Hanging entity at invalid position: BlockPos{x=-359, y=-58, z=-502}
[31Jul2026 16:03:56.043] [Worker-Main-10/ERROR] [net.minecraft.world.entity.decoration.HangingEntity/]: Hanging entity at invalid position: BlockPos{x=-245, y=-56, z=-571}
[31Jul2026 16:03:56.060] [Worker-Main-10/INFO] [net.minecraft.server.level.progress.LoggerChunkProgressListener/]: Preparing spawn area: 11%
[31Jul2026 16:03:56.497] [Worker-Main-8/INFO] [net.minecraft.server.level.progress.LoggerChunkProgressListener/]: Preparing spawn area: 13%
[31Jul2026 16:03:56.621] [Worker-Main-7/ERROR] [net.minecraft.world.entity.decoration.HangingEntity/]: Hanging entity at invalid position: BlockPos{x=-558, y=-53, z=-753}
[31Jul2026 16:03:56.621] [Worker-Main-7/ERROR] [net.minecraft.world.entity.decoration.HangingEntity/]: Hanging entity at invalid position: BlockPos{x=-554, y=-53, z=-756}
[31Jul2026 16:03:56.621] [Worker-Main-7/ERROR] [net.minecraft.world.entity.decoration.HangingEntity/]: Hanging entity at invalid position: BlockPos{x=-553, y=-52, z=-751}
[31Jul2026 16:03:56.621] [Worker-Main-7/ERROR] [net.minecraft.world.entity.decoration.HangingEntity/]: Hanging entity at invalid position: BlockPos{x=-553, y=-52, z=-750}
[31Jul2026 16:03:56.622] [Worker-Main-7/ERROR] [net.minecraft.world.entity.decoration.HangingEntity/]: Hanging entity at invalid position: BlockPos{x=-553, y=-54, z=-749}
[31Jul2026 16:03:56.622] [Worker-Main-7/ERROR] [net.minecraft.world.entity.decoration.HangingEntity/]: Hanging entity at invalid position: BlockPos{x=-553, y=-54, z=-750}
[31Jul2026 16:03:56.622] [Worker-Main-7/ERROR] [net.minecraft.world.entity.decoration.HangingEntity/]: Hanging entity at invalid position: BlockPos{x=-557, y=-53, z=-750}
[31Jul2026 16:03:56.819] [Worker-Main-7/ERROR] [net.minecraft.world.entity.decoration.HangingEntity/]: Hanging entity at invalid position: BlockPos{x=-396, y=-51, z=-611}
[31Jul2026 16:03:56.819] [Worker-Main-7/ERROR] [net.minecraft.world.entity.decoration.HangingEntity/]: Hanging entity at invalid position: BlockPos{x=-396, y=-50, z=-610}
[31Jul2026 16:03:56.823] [Worker-Main-7/ERROR] [net.minecraft.world.entity.decoration.HangingEntity/]: Hanging entity at invalid position: BlockPos{x=-403, y=-58, z=-497}
[31Jul2026 16:03:56.846] [Worker-Main-7/ERROR] [net.minecraft.world.entity.decoration.HangingEntity/]: Hanging entity at invalid position: BlockPos{x=-361, y=-58, z=-502}
[31Jul2026 16:03:56.872] [Worker-Main-7/ERROR] [net.minecraft.world.entity.decoration.HangingEntity/]: Hanging entity at invalid position: BlockPos{x=-407, y=-57, z=-497}
[31Jul2026 16:03:56.872] [Worker-Main-7/ERROR] [net.minecraft.world.entity.decoration.HangingEntity/]: Hanging entity at invalid position: BlockPos{x=-406, y=-57, z=-496}
[31Jul2026 16:03:56.876] [Worker-Main-7/ERROR] [net.minecraft.world.entity.decoration.HangingEntity/]: Hanging entity at invalid position: BlockPos{x=-346, y=-57, z=-497}
[31Jul2026 16:03:56.878] [Worker-Main-7/ERROR] [net.minecraft.world.entity.decoration.HangingEntity/]: Hanging entity at invalid position: BlockPos{x=-349, y=-58, z=-497}
[31Jul2026 16:03:56.884] [Worker-Main-7/ERROR] [net.minecraft.world.entity.decoration.HangingEntity/]: Hanging entity at invalid position: BlockPos{x=-403, y=-58, z=-503}
[31Jul2026 16:03:56.922] [Worker-Main-5/ERROR] [net.minecraft.world.entity.decoration.HangingEntity/]: Hanging entity at invalid position: BlockPos{x=-234, y=-52, z=-702}
[31Jul2026 16:03:56.922] [Worker-Main-5/ERROR] [net.minecraft.world.entity.decoration.HangingEntity/]: Hanging entity at invalid position: BlockPos{x=-221, y=-52, z=-702}
[31Jul2026 16:03:56.930] [Worker-Main-5/ERROR] [net.minecraft.world.entity.decoration.HangingEntity/]: Hanging entity at invalid position: BlockPos{x=-396, y=-52, z=-418}
[31Jul2026 16:03:56.930] [Worker-Main-5/ERROR] [net.minecraft.world.entity.decoration.HangingEntity/]: Hanging entity at invalid position: BlockPos{x=-396, y=-52, z=-409}
[31Jul2026 16:03:56.930] [Worker-Main-5/ERROR] [net.minecraft.world.entity.decoration.HangingEntity/]: Hanging entity at invalid position: BlockPos{x=-394, y=-52, z=-409}
[31Jul2026 16:03:56.930] [Worker-Main-5/ERROR] [net.minecraft.world.entity.decoration.HangingEntity/]: Hanging entity at invalid position: BlockPos{x=-395, y=-52, z=-416}
[31Jul2026 16:03:56.998] [Worker-Main-10/INFO] [net.minecraft.server.level.progress.LoggerChunkProgressListener/]: Preparing spawn area: 14%
[31Jul2026 16:03:57.002] [Worker-Main-2/ERROR] [net.minecraft.world.entity.decoration.HangingEntity/]: Hanging entity at invalid position: BlockPos{x=-234, y=-52, z=-702}
[31Jul2026 16:03:57.003] [Worker-Main-2/ERROR] [net.minecraft.world.entity.decoration.HangingEntity/]: Hanging entity at invalid position: BlockPos{x=-221, y=-52, z=-702}
[31Jul2026 16:03:57.010] [Worker-Main-2/ERROR] [net.minecraft.world.entity.decoration.HangingEntity/]: Hanging entity at invalid position: BlockPos{x=-403, y=-52, z=-425}
[31Jul2026 16:03:57.010] [Worker-Main-2/ERROR] [net.minecraft.world.entity.decoration.HangingEntity/]: Hanging entity at invalid position: BlockPos{x=-410, y=-52, z=-426}
[31Jul2026 16:03:57.045] [Worker-Main-2/ERROR] [net.minecraft.world.entity.decoration.HangingEntity/]: Hanging entity at invalid position: BlockPos{x=-361, y=-54, z=-542}
[31Jul2026 16:03:57.045] [Worker-Main-2/ERROR] [net.minecraft.world.entity.decoration.HangingEntity/]: Hanging entity at invalid position: BlockPos{x=-361, y=-53, z=-542}
[31Jul2026 16:03:57.052] [Worker-Main-2/ERROR] [net.minecraft.world.entity.decoration.HangingEntity/]: Hanging entity at invalid position: BlockPos{x=-400, y=-52, z=-422}
[31Jul2026 16:03:57.496] [Worker-Main-1/INFO] [net.minecraft.server.level.progress.LoggerChunkProgressListener/]: Preparing spawn area: 15%
[31Jul2026 16:03:57.993] [Worker-Main-1/INFO] [net.minecraft.server.level.progress.LoggerChunkProgressListener/]: Preparing spawn area: 16%
[31Jul2026 16:03:58.448] [Worker-Main-7/ERROR] [net.minecraft.world.entity.decoration.HangingEntity/]: Hanging entity at invalid position: BlockPos{x=-396, y=-51, z=-611}
[31Jul2026 16:03:58.449] [Worker-Main-7/ERROR] [net.minecraft.world.entity.decoration.HangingEntity/]: Hanging entity at invalid position: BlockPos{x=-396, y=-50, z=-610}
[31Jul2026 16:03:58.449] [Worker-Main-7/ERROR] [net.minecraft.world.entity.decoration.HangingEntity/]: Hanging entity at invalid position: BlockPos{x=-346, y=-57, z=-497}
[31Jul2026 16:03:58.453] [Worker-Main-7/ERROR] [net.minecraft.world.entity.decoration.HangingEntity/]: Hanging entity at invalid position: BlockPos{x=-350, y=-58, z=-499}
[31Jul2026 16:03:58.454] [Worker-Main-7/ERROR] [net.minecraft.world.entity.decoration.HangingEntity/]: Hanging entity at invalid position: BlockPos{x=-349, y=-58, z=-499}
[31Jul2026 16:03:58.463] [Worker-Main-7/ERROR] [net.minecraft.world.entity.decoration.HangingEntity/]: Hanging entity at invalid position: BlockPos{x=-361, y=-54, z=-542}
[31Jul2026 16:03:58.463] [Worker-Main-7/ERROR] [net.minecraft.world.entity.decoration.HangingEntity/]: Hanging entity at invalid position: BlockPos{x=-361, y=-53, z=-542}
[31Jul2026 16:03:58.467] [Worker-Main-7/ERROR] [net.minecraft.world.entity.decoration.HangingEntity/]: Hanging entity at invalid position: BlockPos{x=-278, y=-58, z=-787}
[31Jul2026 16:03:58.467] [Worker-Main-7/ERROR] [net.minecraft.world.entity.decoration.HangingEntity/]: Hanging entity at invalid position: BlockPos{x=-350, y=-58, z=-499}
[31Jul2026 16:03:58.467] [Worker-Main-7/ERROR] [net.minecraft.world.entity.decoration.HangingEntity/]: Hanging entity at invalid position: BlockPos{x=-349, y=-58, z=-499}
[31Jul2026 16:03:58.467] [Worker-Main-7/ERROR] [net.minecraft.world.level.block.entity.SculkSensorBlockEntity/]: No key selector in MapLike[{event_delay:0,event_distance:3.602844f,range:8,source:{pos:[I;-404,-59,-499],type:"minecraft:block"}}]
[31Jul2026 16:03:58.468] [Worker-Main-7/ERROR] [net.minecraft.world.entity.decoration.HangingEntity/]: Hanging entity at invalid position: BlockPos{x=-403, y=-58, z=-497}
[31Jul2026 16:03:58.469] [Worker-Main-7/ERROR] [net.minecraft.world.entity.decoration.HangingEntity/]: Hanging entity at invalid position: BlockPos{x=-349, y=-58, z=-497}
[31Jul2026 16:03:58.489] [Worker-Main-7/INFO] [net.minecraft.server.level.progress.LoggerChunkProgressListener/]: Preparing spawn area: 18%
[31Jul2026 16:03:58.507] [Worker-Main-10/ERROR] [net.minecraft.world.entity.decoration.HangingEntity/]: Hanging entity at invalid position: BlockPos{x=-407, y=-57, z=-497}
[31Jul2026 16:03:58.507] [Worker-Main-10/ERROR] [net.minecraft.world.entity.decoration.HangingEntity/]: Hanging entity at invalid position: BlockPos{x=-406, y=-57, z=-496}
[31Jul2026 16:03:58.516] [Worker-Main-10/ERROR] [net.minecraft.world.entity.decoration.HangingEntity/]: Hanging entity at invalid position: BlockPos{x=-361, y=-58, z=-502}
[31Jul2026 16:03:58.517] [Worker-Main-10/ERROR] [net.minecraft.world.entity.decoration.HangingEntity/]: Hanging entity at invalid position: BlockPos{x=-361, y=-54, z=-542}
[31Jul2026 16:03:58.517] [Worker-Main-10/ERROR] [net.minecraft.world.entity.decoration.HangingEntity/]: Hanging entity at invalid position: BlockPos{x=-361, y=-53, z=-542}
[31Jul2026 16:03:58.521] [Worker-Main-10/ERROR] [net.minecraft.world.entity.decoration.HangingEntity/]: Hanging entity at invalid position: BlockPos{x=-350, y=-58, z=-499}
[31Jul2026 16:03:58.522] [Worker-Main-10/ERROR] [net.minecraft.world.entity.decoration.HangingEntity/]: Hanging entity at invalid position: BlockPos{x=-349, y=-58, z=-499}
[31Jul2026 16:03:58.535] [Worker-Main-10/ERROR] [net.minecraft.world.entity.decoration.HangingEntity/]: Hanging entity at invalid position: BlockPos{x=-396, y=-51, z=-611}
[31Jul2026 16:03:58.535] [Worker-Main-10/ERROR] [net.minecraft.world.entity.decoration.HangingEntity/]: Hanging entity at invalid position: BlockPos{x=-396, y=-50, z=-610}
[31Jul2026 16:03:58.564] [Worker-Main-10/ERROR] [net.minecraft.world.entity.decoration.HangingEntity/]: Hanging entity at invalid position: BlockPos{x=-428, y=-52, z=-407}
[31Jul2026 16:03:58.564] [Worker-Main-10/ERROR] [net.minecraft.world.entity.decoration.HangingEntity/]: Hanging entity at invalid position: BlockPos{x=-432, y=-52, z=-404}
[31Jul2026 16:03:58.565] [Worker-Main-10/ERROR] [net.minecraft.world.entity.decoration.HangingEntity/]: Hanging entity at invalid position: BlockPos{x=-432, y=-52, z=-402}
[31Jul2026 16:03:58.602] [Worker-Main-4/ERROR] [net.minecraft.world.entity.decoration.HangingEntity/]: Hanging entity at invalid position: BlockPos{x=-245, y=-57, z=-597}
[31Jul2026 16:03:58.615] [Worker-Main-4/ERROR] [net.minecraft.world.entity.decoration.HangingEntity/]: Hanging entity at invalid position: BlockPos{x=-292, y=-58, z=-787}
[31Jul2026 16:03:58.617] [Worker-Main-4/ERROR] [net.minecraft.world.entity.decoration.HangingEntity/]: Hanging entity at invalid position: BlockPos{x=-346, y=-57, z=-497}
[31Jul2026 16:03:58.894] [Worker-Main-11/ERROR] [net.minecraft.world.entity.decoration.HangingEntity/]: Hanging entity at invalid position: BlockPos{x=-552, y=-53, z=-758}
[31Jul2026 16:03:58.895] [Worker-Main-11/ERROR] [net.minecraft.world.entity.decoration.HangingEntity/]: Hanging entity at invalid position: BlockPos{x=-549, y=-53, z=-757}
[31Jul2026 16:03:58.895] [Worker-Main-11/ERROR] [net.minecraft.world.entity.decoration.HangingEntity/]: Hanging entity at invalid position: BlockPos{x=-546, y=-53, z=-753}
[31Jul2026 16:03:58.895] [Worker-Main-11/ERROR] [net.minecraft.world.entity.decoration.HangingEntity/]: Hanging entity at invalid position: BlockPos{x=-551, y=-52, z=-750}
[31Jul2026 16:03:58.895] [Worker-Main-11/ERROR] [net.minecraft.world.entity.decoration.HangingEntity/]: Hanging entity at invalid position: BlockPos{x=-551, y=-52, z=-751}
[31Jul2026 16:03:58.895] [Worker-Main-11/ERROR] [net.minecraft.world.entity.decoration.HangingEntity/]: Hanging entity at invalid position: BlockPos{x=-552, y=-52, z=-749}
[31Jul2026 16:03:58.895] [Worker-Main-11/ERROR] [net.minecraft.world.entity.decoration.HangingEntity/]: Hanging entity at invalid position: BlockPos{x=-552, y=-52, z=-752}
[31Jul2026 16:03:58.896] [Worker-Main-11/ERROR] [net.minecraft.world.entity.decoration.HangingEntity/]: Hanging entity at invalid position: BlockPos{x=-552, y=-53, z=-751}
[31Jul2026 16:03:58.896] [Worker-Main-11/ERROR] [net.minecraft.world.entity.decoration.HangingEntity/]: Hanging entity at invalid position: BlockPos{x=-552, y=-53, z=-750}
[31Jul2026 16:03:58.896] [Worker-Main-11/ERROR] [net.minecraft.world.entity.decoration.HangingEntity/]: Hanging entity at invalid position: BlockPos{x=-551, y=-54, z=-750}
[31Jul2026 16:03:58.896] [Worker-Main-11/ERROR] [net.minecraft.world.entity.decoration.HangingEntity/]: Hanging entity at invalid position: BlockPos{x=-552, y=-54, z=-749}
[31Jul2026 16:03:58.896] [Worker-Main-11/ERROR] [net.minecraft.world.entity.decoration.HangingEntity/]: Hanging entity at invalid position: BlockPos{x=-546, y=-53, z=-749}
[31Jul2026 16:03:58.897] [Worker-Main-11/ERROR] [net.minecraft.world.entity.decoration.HangingEntity/]: Hanging entity at invalid position: BlockPos{x=-547, y=-53, z=-751}
[31Jul2026 16:03:58.897] [Worker-Main-11/ERROR] [net.minecraft.world.entity.decoration.HangingEntity/]: Hanging entity at invalid position: BlockPos{x=-545, y=-53, z=-752}
[31Jul2026 16:03:58.902] [Worker-Main-11/ERROR] [net.minecraft.world.entity.decoration.HangingEntity/]: Hanging entity at invalid position: BlockPos{x=-349, y=-58, z=-497}
[31Jul2026 16:03:58.904] [Worker-Main-11/ERROR] [net.minecraft.world.entity.decoration.HangingEntity/]: Hanging entity at invalid position: BlockPos{x=-403, y=-58, z=-497}
[31Jul2026 16:03:58.917] [Worker-Main-2/ERROR] [net.minecraft.world.entity.decoration.HangingEntity/]: Hanging entity at invalid position: BlockPos{x=-552, y=-53, z=-748}
[31Jul2026 16:03:58.949] [Worker-Main-1/ERROR] [net.minecraft.world.entity.decoration.HangingEntity/]: Hanging entity at invalid position: BlockPos{x=-373, y=-58, z=-499}
[31Jul2026 16:03:58.992] [Worker-Main-1/ERROR] [net.minecraft.world.entity.decoration.HangingEntity/]: Hanging entity at invalid position: BlockPos{x=-245, y=-56, z=-600}
[31Jul2026 16:03:58.996] [Worker-Main-1/ERROR] [net.minecraft.world.entity.decoration.HangingEntity/]: Hanging entity at invalid position: BlockPos{x=-373, y=-58, z=-499}
[31Jul2026 16:03:58.997] [Worker-Main-1/ERROR] [net.minecraft.world.entity.decoration.HangingEntity/]: Hanging entity at invalid position: BlockPos{x=-400, y=-52, z=-552}
[31Jul2026 16:03:58.997] [Worker-Main-1/ERROR] [net.minecraft.world.entity.decoration.HangingEntity/]: Hanging entity at invalid position: BlockPos{x=-400, y=-51, z=-552}
[31Jul2026 16:03:58.998] [Worker-Main-1/ERROR] [net.minecraft.world.entity.decoration.HangingEntity/]: Hanging entity at invalid position: BlockPos{x=-361, y=-58, z=-502}
[31Jul2026 16:03:59.004] [Worker-Main-1/ERROR] [net.minecraft.world.level.block.entity.SculkSensorBlockEntity/]: No key selector in MapLike[{event_delay:0,event_distance:3.602844f,range:8,source:{pos:[I;-404,-59,-499],type:"minecraft:block"}}]
[31Jul2026 16:03:59.007] [Worker-Main-1/INFO] [net.minecraft.server.level.progress.LoggerChunkProgressListener/]: Preparing spawn area: 20%
[31Jul2026 16:03:59.233] [Worker-Main-8/ERROR] [net.minecraft.world.entity.decoration.HangingEntity/]: Hanging entity at invalid position: BlockPos{x=-373, y=-58, z=-499}
[31Jul2026 16:03:59.241] [Worker-Main-8/ERROR] [net.minecraft.world.entity.decoration.HangingEntity/]: Hanging entity at invalid position: BlockPos{x=-396, y=-52, z=-407}
[31Jul2026 16:03:59.242] [Worker-Main-8/ERROR] [net.minecraft.world.entity.decoration.HangingEntity/]: Hanging entity at invalid position: BlockPos{x=-404, y=-52, z=-397}
[31Jul2026 16:03:59.242] [Worker-Main-8/ERROR] [net.minecraft.world.entity.decoration.HangingEntity/]: Hanging entity at invalid position: BlockPos{x=-399, y=-52, z=-395}
[31Jul2026 16:03:59.242] [Worker-Main-8/ERROR] [net.minecraft.world.entity.decoration.HangingEntity/]: Hanging entity at invalid position: BlockPos{x=-400, y=-52, z=-394}
[31Jul2026 16:03:59.244] [Worker-Main-8/ERROR] [net.minecraft.world.entity.decoration.HangingEntity/]: Hanging entity at invalid position: BlockPos{x=-407, y=-57, z=-497}
[31Jul2026 16:03:59.244] [Worker-Main-8/ERROR] [net.minecraft.world.entity.decoration.HangingEntity/]: Hanging entity at invalid position: BlockPos{x=-406, y=-57, z=-496}
[31Jul2026 16:03:59.285] [Worker-Main-8/ERROR] [net.minecraft.world.entity.decoration.HangingEntity/]: Hanging entity at invalid position: BlockPos{x=-373, y=-58, z=-499}
[31Jul2026 16:03:59.317] [Worker-Main-8/ERROR] [net.minecraft.world.entity.decoration.HangingEntity/]: Hanging entity at invalid position: BlockPos{x=-396, y=-52, z=-407}
[31Jul2026 16:03:59.317] [Worker-Main-8/ERROR] [net.minecraft.world.entity.decoration.HangingEntity/]: Hanging entity at invalid position: BlockPos{x=-393, y=-52, z=-408}
[31Jul2026 16:03:59.318] [Worker-Main-8/ERROR] [net.minecraft.world.entity.decoration.HangingEntity/]: Hanging entity at invalid position: BlockPos{x=-393, y=-52, z=-400}
[31Jul2026 16:03:59.338] [Worker-Main-4/ERROR] [net.minecraft.world.entity.decoration.HangingEntity/]: Hanging entity at invalid position: BlockPos{x=-407, y=-57, z=-497}
[31Jul2026 16:03:59.340] [Worker-Main-4/ERROR] [net.minecraft.world.entity.decoration.HangingEntity/]: Hanging entity at invalid position: BlockPos{x=-406, y=-57, z=-496}
[31Jul2026 16:03:59.349] [Worker-Main-4/ERROR] [net.minecraft.world.entity.decoration.HangingEntity/]: Hanging entity at invalid position: BlockPos{x=-245, y=-57, z=-559}
[31Jul2026 16:03:59.392] [Worker-Main-3/ERROR] [net.minecraft.world.entity.decoration.HangingEntity/]: Hanging entity at invalid position: BlockPos{x=-362, y=-51, z=-548}
[31Jul2026 16:03:59.399] [Worker-Main-3/ERROR] [net.minecraft.world.entity.decoration.HangingEntity/]: Hanging entity at invalid position: BlockPos{x=-404, y=-52, z=-397}
[31Jul2026 16:03:59.399] [Worker-Main-3/ERROR] [net.minecraft.world.entity.decoration.HangingEntity/]: Hanging entity at invalid position: BlockPos{x=-399, y=-52, z=-395}
[31Jul2026 16:03:59.399] [Worker-Main-3/ERROR] [net.minecraft.world.entity.decoration.HangingEntity/]: Hanging entity at invalid position: BlockPos{x=-400, y=-52, z=-394}
[31Jul2026 16:03:59.404] [Worker-Main-3/ERROR] [net.minecraft.world.entity.decoration.HangingEntity/]: Hanging entity at invalid position: BlockPos{x=-361, y=-58, z=-502}
[31Jul2026 16:03:59.411] [Worker-Main-3/ERROR] [net.minecraft.world.level.block.entity.SculkSensorBlockEntity/]: No key selector in MapLike[{event_delay:0,event_distance:3.602844f,range:8,source:{pos:[I;-404,-59,-499],type:"minecraft:block"}}]
[31Jul2026 16:03:59.421] [Worker-Main-3/ERROR] [net.minecraft.world.entity.decoration.HangingEntity/]: Hanging entity at invalid position: BlockPos{x=-373, y=-58, z=-499}
[31Jul2026 16:03:59.421] [Worker-Main-3/ERROR] [net.minecraft.world.entity.decoration.HangingEntity/]: Hanging entity at invalid position: BlockPos{x=-403, y=-58, z=-503}
[31Jul2026 16:03:59.425] [Worker-Main-3/ERROR] [net.minecraft.world.entity.decoration.HangingEntity/]: Hanging entity at invalid position: BlockPos{x=-359, y=-58, z=-502}
[31Jul2026 16:03:59.430] [Worker-Main-3/ERROR] [net.minecraft.world.entity.decoration.HangingEntity/]: Hanging entity at invalid position: BlockPos{x=-373, y=-58, z=-499}
[31Jul2026 16:03:59.430] [Worker-Main-3/ERROR] [net.minecraft.world.entity.decoration.HangingEntity/]: Hanging entity at invalid position: BlockPos{x=-403, y=-58, z=-497}
[31Jul2026 16:03:59.475] [Worker-Main-2/ERROR] [net.minecraft.world.entity.decoration.HangingEntity/]: Hanging entity at invalid position: BlockPos{x=-393, y=-52, z=-400}
[31Jul2026 16:03:59.491] [Worker-Main-11/INFO] [net.minecraft.server.level.progress.LoggerChunkProgressListener/]: Preparing spawn area: 21%
[31Jul2026 16:03:59.524] [Worker-Main-6/ERROR] [net.minecraft.world.entity.decoration.HangingEntity/]: Hanging entity at invalid position: BlockPos{x=-427, y=-52, z=-408}
[31Jul2026 16:03:59.524] [Worker-Main-6/ERROR] [net.minecraft.world.entity.decoration.HangingEntity/]: Hanging entity at invalid position: BlockPos{x=-428, y=-52, z=-407}
[31Jul2026 16:03:59.532] [Worker-Main-6/ERROR] [net.minecraft.world.entity.decoration.HangingEntity/]: Hanging entity at invalid position: BlockPos{x=-396, y=-51, z=-611}
[31Jul2026 16:03:59.532] [Worker-Main-6/ERROR] [net.minecraft.world.entity.decoration.HangingEntity/]: Hanging entity at invalid position: BlockPos{x=-396, y=-50, z=-610}
[31Jul2026 16:03:59.541] [Worker-Main-6/ERROR] [net.minecraft.world.entity.decoration.HangingEntity/]: Hanging entity at invalid position: BlockPos{x=-403, y=-58, z=-497}
[31Jul2026 16:03:59.549] [Worker-Main-6/ERROR] [net.minecraft.world.level.block.entity.SculkSensorBlockEntity/]: No key selector in MapLike[{event_delay:0,event_distance:3.602844f,range:8,source:{pos:[I;-404,-59,-499],type:"minecraft:block"}}]
[31Jul2026 16:03:59.605] [Worker-Main-11/ERROR] [net.minecraft.world.entity.decoration.HangingEntity/]: Hanging entity at invalid position: BlockPos{x=-420, y=-52, z=-419}
[31Jul2026 16:03:59.607] [Worker-Main-11/ERROR] [net.minecraft.world.entity.decoration.HangingEntity/]: Hanging entity at invalid position: BlockPos{x=-424, y=-52, z=-422}
[31Jul2026 16:03:59.607] [Worker-Main-11/ERROR] [net.minecraft.world.entity.decoration.HangingEntity/]: Hanging entity at invalid position: BlockPos{x=-428, y=-52, z=-409}
[31Jul2026 16:03:59.632] [Worker-Main-11/ERROR] [net.minecraft.world.entity.decoration.HangingEntity/]: Hanging entity at invalid position: BlockPos{x=-373, y=-58, z=-499}
[31Jul2026 16:03:59.640] [Worker-Main-11/ERROR] [net.minecraft.world.entity.decoration.HangingEntity/]: Hanging entity at invalid position: BlockPos{x=-349, y=-58, z=-497}
[31Jul2026 16:03:59.653] [Worker-Main-1/ERROR] [net.minecraft.world.entity.decoration.HangingEntity/]: Hanging entity at invalid position: BlockPos{x=-414, y=-52, z=-427}
[31Jul2026 16:04:00.004] [Worker-Main-3/INFO] [net.minecraft.server.level.progress.LoggerChunkProgressListener/]: Preparing spawn area: 22%
[31Jul2026 16:04:00.567] [Worker-Main-5/INFO] [net.minecraft.server.level.progress.LoggerChunkProgressListener/]: Preparing spawn area: 24%
[31Jul2026 16:04:01.000] [Worker-Main-10/INFO] [net.minecraft.server.level.progress.LoggerChunkProgressListener/]: Preparing spawn area: 26%
[31Jul2026 16:04:01.397] [Worker-Main-9/ERROR] [net.minecraft.world.entity.decoration.HangingEntity/]: Hanging entity at invalid position: BlockPos{x=-422, y=-52, z=-391}
[31Jul2026 16:04:01.494] [Worker-Main-1/INFO] [net.minecraft.server.level.progress.LoggerChunkProgressListener/]: Preparing spawn area: 27%
[31Jul2026 16:04:01.510] [Worker-Main-10/ERROR] [net.minecraft.world.entity.decoration.HangingEntity/]: Hanging entity at invalid position: BlockPos{x=-349, y=-58, z=-497}
[31Jul2026 16:04:01.510] [Worker-Main-10/ERROR] [net.minecraft.world.entity.decoration.HangingEntity/]: Hanging entity at invalid position: BlockPos{x=-349, y=-58, z=-497}
[31Jul2026 16:04:01.908] [Worker-Main-8/ERROR] [net.minecraft.world.entity.decoration.HangingEntity/]: Hanging entity at invalid position: BlockPos{x=-422, y=-52, z=-391}
[31Jul2026 16:04:01.997] [Worker-Main-3/INFO] [net.minecraft.server.level.progress.LoggerChunkProgressListener/]: Preparing spawn area: 30%
[31Jul2026 16:04:02.175] [Worker-Main-9/ERROR] [net.minecraft.world.entity.decoration.HangingEntity/]: Hanging entity at invalid position: BlockPos{x=-234, y=-52, z=-702}
[31Jul2026 16:04:02.176] [Worker-Main-9/ERROR] [net.minecraft.world.entity.decoration.HangingEntity/]: Hanging entity at invalid position: BlockPos{x=-221, y=-52, z=-702}
[31Jul2026 16:04:02.182] [Worker-Main-9/ERROR] [net.minecraft.world.entity.decoration.HangingEntity/]: Hanging entity at invalid position: BlockPos{x=-429, y=-52, z=-408}
[31Jul2026 16:04:02.183] [Worker-Main-9/ERROR] [net.minecraft.world.entity.decoration.HangingEntity/]: Hanging entity at invalid position: BlockPos{x=-432, y=-52, z=-404}
[31Jul2026 16:04:02.183] [Worker-Main-9/ERROR] [net.minecraft.world.entity.decoration.HangingEntity/]: Hanging entity at invalid position: BlockPos{x=-432, y=-52, z=-402}
[31Jul2026 16:04:02.496] [Worker-Main-5/INFO] [net.minecraft.server.level.progress.LoggerChunkProgressListener/]: Preparing spawn area: 32%
[31Jul2026 16:04:02.990] [Worker-Main-8/INFO] [net.minecraft.server.level.progress.LoggerChunkProgressListener/]: Preparing spawn area: 34%
[31Jul2026 16:04:03.496] [Worker-Main-11/INFO] [net.minecraft.server.level.progress.LoggerChunkProgressListener/]: Preparing spawn area: 35%
[31Jul2026 16:04:03.992] [Worker-Main-10/INFO] [net.minecraft.server.level.progress.LoggerChunkProgressListener/]: Preparing spawn area: 37%
[31Jul2026 16:04:04.014] [Netty Server IO #3/INFO] [net.minecraftforge.server.ServerLifecycleHooks/SERVERHOOKS]: Disconnecting Player (server is still starting): literal{Server is still starting! Please wait before reconnecting.}
[31Jul2026 16:04:04.505] [Worker-Main-5/INFO] [net.minecraft.server.level.progress.LoggerChunkProgressListener/]: Preparing spawn area: 39%
[31Jul2026 16:04:04.759] [Worker-Main-4/ERROR] [net.minecraft.world.entity.decoration.HangingEntity/]: Hanging entity at invalid position: BlockPos{x=-403, y=-58, z=-503}
[31Jul2026 16:04:04.763] [Worker-Main-4/ERROR] [net.minecraft.world.level.block.entity.SculkSensorBlockEntity/]: No key selector in MapLike[{event_delay:0,event_distance:3.602844f,range:8,source:{pos:[I;-404,-59,-499],type:"minecraft:block"}}]
[31Jul2026 16:04:04.764] [Worker-Main-4/ERROR] [net.minecraft.world.level.block.entity.SculkSensorBlockEntity/]: No key selector in MapLike[{event_delay:0,event_distance:3.602844f,range:8,source:{pos:[I;-404,-59,-499],type:"minecraft:block"}}]
[31Jul2026 16:04:04.769] [Worker-Main-4/ERROR] [net.minecraft.world.entity.decoration.HangingEntity/]: Hanging entity at invalid position: BlockPos{x=-407, y=-57, z=-497}
[31Jul2026 16:04:04.769] [Worker-Main-4/ERROR] [net.minecraft.world.entity.decoration.HangingEntity/]: Hanging entity at invalid position: BlockPos{x=-406, y=-57, z=-496}
[31Jul2026 16:04:04.771] [Worker-Main-4/ERROR] [net.minecraft.world.entity.decoration.HangingEntity/]: Hanging entity at invalid position: BlockPos{x=-361, y=-58, z=-502}
[31Jul2026 16:04:04.783] [Worker-Main-4/ERROR] [net.minecraft.world.entity.decoration.HangingEntity/]: Hanging entity at invalid position: BlockPos{x=-278, y=-58, z=-787}
[31Jul2026 16:04:04.786] [Worker-Main-4/ERROR] [net.minecraft.world.entity.decoration.HangingEntity/]: Hanging entity at invalid position: BlockPos{x=-403, y=-58, z=-503}
[31Jul2026 16:04:04.873] [Worker-Main-10/ERROR] [net.minecraft.world.entity.decoration.HangingEntity/]: Hanging entity at invalid position: BlockPos{x=-359, y=-58, z=-502}
[31Jul2026 16:04:04.873] [Worker-Main-10/ERROR] [net.minecraft.world.entity.decoration.HangingEntity/]: Hanging entity at invalid position: BlockPos{x=-350, y=-58, z=-499}
[31Jul2026 16:04:04.874] [Worker-Main-10/ERROR] [net.minecraft.world.entity.decoration.HangingEntity/]: Hanging entity at invalid position: BlockPos{x=-349, y=-58, z=-499}
[31Jul2026 16:04:04.874] [Worker-Main-10/ERROR] [net.minecraft.world.entity.decoration.HangingEntity/]: Hanging entity at invalid position: BlockPos{x=-373, y=-58, z=-499}
[31Jul2026 16:04:04.880] [Worker-Main-10/ERROR] [net.minecraft.world.entity.decoration.HangingEntity/]: Hanging entity at invalid position: BlockPos{x=-245, y=-57, z=-597}
[31Jul2026 16:04:04.885] [Worker-Main-10/ERROR] [net.minecraft.world.entity.decoration.HangingEntity/]: Hanging entity at invalid position: BlockPos{x=-346, y=-57, z=-497}
[31Jul2026 16:04:04.891] [Worker-Main-10/ERROR] [net.minecraft.world.entity.decoration.HangingEntity/]: Hanging entity at invalid position: BlockPos{x=-362, y=-51, z=-548}
[31Jul2026 16:04:04.895] [Worker-Main-10/ERROR] [net.minecraft.world.entity.decoration.HangingEntity/]: Hanging entity at invalid position: BlockPos{x=-278, y=-53, z=-786}
[31Jul2026 16:04:04.895] [Worker-Main-10/ERROR] [net.minecraft.world.entity.decoration.HangingEntity/]: Hanging entity at invalid position: BlockPos{x=-278, y=-58, z=-785}
[31Jul2026 16:04:04.895] [Worker-Main-10/ERROR] [net.minecraft.world.entity.decoration.HangingEntity/]: Hanging entity at invalid position: BlockPos{x=-407, y=-57, z=-497}
[31Jul2026 16:04:04.896] [Worker-Main-10/ERROR] [net.minecraft.world.entity.decoration.HangingEntity/]: Hanging entity at invalid position: BlockPos{x=-406, y=-57, z=-496}
[31Jul2026 16:04:04.906] [Netty Server IO #4/INFO] [net.minecraftforge.server.ServerLifecycleHooks/SERVERHOOKS]: Disconnecting Player (server is still starting): literal{Server is still starting! Please wait before reconnecting.}
[31Jul2026 16:04:04.964] [Worker-Main-5/ERROR] [net.minecraft.world.entity.decoration.HangingEntity/]: Hanging entity at invalid position: BlockPos{x=-553, y=-54, z=-749}
[31Jul2026 16:04:04.995] [Worker-Main-1/INFO] [net.minecraft.server.level.progress.LoggerChunkProgressListener/]: Preparing spawn area: 42%
[31Jul2026 16:04:05.493] [Worker-Main-10/INFO] [net.minecraft.server.level.progress.LoggerChunkProgressListener/]: Preparing spawn area: 43%
[31Jul2026 16:04:05.993] [Worker-Main-1/INFO] [net.minecraft.server.level.progress.LoggerChunkProgressListener/]: Preparing spawn area: 45%
[31Jul2026 16:04:06.550] [Worker-Main-1/INFO] [net.minecraft.server.level.progress.LoggerChunkProgressListener/]: Preparing spawn area: 46%
[31Jul2026 16:04:06.992] [Worker-Main-10/INFO] [net.minecraft.server.level.progress.LoggerChunkProgressListener/]: Preparing spawn area: 48%
[31Jul2026 16:04:07.027] [Worker-Main-10/ERROR] [net.minecraft.world.entity.decoration.HangingEntity/]: Hanging entity at invalid position: BlockPos{x=-403, y=-58, z=-497}
[31Jul2026 16:04:07.165] [Worker-Main-3/ERROR] [net.minecraft.world.entity.decoration.HangingEntity/]: Hanging entity at invalid position: BlockPos{x=-362, y=-51, z=-548}
[31Jul2026 16:04:07.166] [Worker-Main-3/ERROR] [net.minecraft.world.entity.decoration.HangingEntity/]: Hanging entity at invalid position: BlockPos{x=-361, y=-54, z=-542}
[31Jul2026 16:04:07.166] [Worker-Main-3/ERROR] [net.minecraft.world.entity.decoration.HangingEntity/]: Hanging entity at invalid position: BlockPos{x=-361, y=-53, z=-542}
[31Jul2026 16:04:07.175] [Worker-Main-3/ERROR] [net.minecraft.world.entity.decoration.HangingEntity/]: Hanging entity at invalid position: BlockPos{x=-362, y=-51, z=-548}
[31Jul2026 16:04:07.175] [Worker-Main-3/ERROR] [net.minecraft.world.entity.decoration.HangingEntity/]: Hanging entity at invalid position: BlockPos{x=-361, y=-54, z=-542}
[31Jul2026 16:04:07.175] [Worker-Main-3/ERROR] [net.minecraft.world.entity.decoration.HangingEntity/]: Hanging entity at invalid position: BlockPos{x=-361, y=-53, z=-542}
[31Jul2026 16:04:07.181] [Worker-Main-3/ERROR] [net.minecraft.world.entity.decoration.HangingEntity/]: Hanging entity at invalid position: BlockPos{x=-292, y=-53, z=-786}
[31Jul2026 16:04:07.182] [Worker-Main-3/ERROR] [net.minecraft.world.entity.decoration.HangingEntity/]: Hanging entity at invalid position: BlockPos{x=-292, y=-58, z=-785}
[31Jul2026 16:04:07.184] [Worker-Main-3/ERROR] [net.minecraft.world.entity.decoration.HangingEntity/]: Hanging entity at invalid position: BlockPos{x=-361, y=-58, z=-502}
[31Jul2026 16:04:07.200] [Worker-Main-8/ERROR] [net.minecraft.world.entity.decoration.HangingEntity/]: Hanging entity at invalid position: BlockPos{x=-403, y=-58, z=-503}
[31Jul2026 16:04:07.205] [Worker-Main-8/ERROR] [net.minecraft.world.entity.decoration.HangingEntity/]: Hanging entity at invalid position: BlockPos{x=-373, y=-58, z=-499}
[31Jul2026 16:04:07.224] [Worker-Main-8/ERROR] [net.minecraft.world.entity.decoration.HangingEntity/]: Hanging entity at invalid position: BlockPos{x=-361, y=-54, z=-542}
[31Jul2026 16:04:07.225] [Worker-Main-8/ERROR] [net.minecraft.world.entity.decoration.HangingEntity/]: Hanging entity at invalid position: BlockPos{x=-361, y=-53, z=-542}
[31Jul2026 16:04:07.227] [Worker-Main-8/ERROR] [net.minecraft.world.entity.decoration.HangingEntity/]: Hanging entity at invalid position: BlockPos{x=-292, y=-58, z=-787}
[31Jul2026 16:04:07.492] [Worker-Main-1/INFO] [net.minecraft.server.level.progress.LoggerChunkProgressListener/]: Preparing spawn area: 50%
[31Jul2026 16:04:07.532] [Worker-Main-8/ERROR] [net.minecraft.world.entity.decoration.HangingEntity/]: Hanging entity at invalid position: BlockPos{x=-552, y=-52, z=-749}
[31Jul2026 16:04:07.532] [Worker-Main-8/ERROR] [net.minecraft.world.entity.decoration.HangingEntity/]: Hanging entity at invalid position: BlockPos{x=-552, y=-54, z=-749}
[31Jul2026 16:04:07.532] [Worker-Main-8/ERROR] [net.minecraft.world.entity.decoration.HangingEntity/]: Hanging entity at invalid position: BlockPos{x=-546, y=-53, z=-749}
[31Jul2026 16:04:07.532] [Worker-Main-8/ERROR] [net.minecraft.world.entity.decoration.HangingEntity/]: Hanging entity at invalid position: BlockPos{x=-552, y=-53, z=-748}
[31Jul2026 16:04:07.594] [Worker-Main-3/ERROR] [net.minecraft.world.entity.decoration.HangingEntity/]: Hanging entity at invalid position: BlockPos{x=-558, y=-53, z=-753}
[31Jul2026 16:04:07.594] [Worker-Main-3/ERROR] [net.minecraft.world.entity.decoration.HangingEntity/]: Hanging entity at invalid position: BlockPos{x=-554, y=-53, z=-756}
[31Jul2026 16:04:07.595] [Worker-Main-3/ERROR] [net.minecraft.world.entity.decoration.HangingEntity/]: Hanging entity at invalid position: BlockPos{x=-553, y=-52, z=-751}
[31Jul2026 16:04:07.595] [Worker-Main-3/ERROR] [net.minecraft.world.entity.decoration.HangingEntity/]: Hanging entity at invalid position: BlockPos{x=-553, y=-52, z=-750}
[31Jul2026 16:04:07.595] [Worker-Main-3/ERROR] [net.minecraft.world.entity.decoration.HangingEntity/]: Hanging entity at invalid position: BlockPos{x=-553, y=-54, z=-750}
[31Jul2026 16:04:07.595] [Worker-Main-3/ERROR] [net.minecraft.world.entity.decoration.HangingEntity/]: Hanging entity at invalid position: BlockPos{x=-557, y=-53, z=-750}
[31Jul2026 16:04:07.911] [Netty Server IO #5/INFO] [net.minecraftforge.server.ServerLifecycleHooks/SERVERHOOKS]: Disconnecting Player (server is still starting): literal{Server is still starting! Please wait before reconnecting.}
[31Jul2026 16:04:07.990] [Worker-Main-1/INFO] [net.minecraft.server.level.progress.LoggerChunkProgressListener/]: Preparing spawn area: 52%
[31Jul2026 16:04:08.034] [Worker-Main-1/ERROR] [net.minecraft.world.entity.decoration.HangingEntity/]: Hanging entity at invalid position: BlockPos{x=-552, y=-53, z=-758}
[31Jul2026 16:04:08.035] [Worker-Main-1/ERROR] [net.minecraft.world.entity.decoration.HangingEntity/]: Hanging entity at invalid position: BlockPos{x=-549, y=-53, z=-757}
[31Jul2026 16:04:08.035] [Worker-Main-1/ERROR] [net.minecraft.world.entity.decoration.HangingEntity/]: Hanging entity at invalid position: BlockPos{x=-546, y=-53, z=-753}
[31Jul2026 16:04:08.035] [Worker-Main-1/ERROR] [net.minecraft.world.entity.decoration.HangingEntity/]: Hanging entity at invalid position: BlockPos{x=-551, y=-52, z=-750}
[31Jul2026 16:04:08.035] [Worker-Main-1/ERROR] [net.minecraft.world.entity.decoration.HangingEntity/]: Hanging entity at invalid position: BlockPos{x=-551, y=-52, z=-751}
[31Jul2026 16:04:08.035] [Worker-Main-1/ERROR] [net.minecraft.world.entity.decoration.HangingEntity/]: Hanging entity at invalid position: BlockPos{x=-552, y=-52, z=-752}
[31Jul2026 16:04:08.035] [Worker-Main-1/ERROR] [net.minecraft.world.entity.decoration.HangingEntity/]: Hanging entity at invalid position: BlockPos{x=-552, y=-53, z=-751}
[31Jul2026 16:04:08.036] [Worker-Main-1/ERROR] [net.minecraft.world.entity.decoration.HangingEntity/]: Hanging entity at invalid position: BlockPos{x=-552, y=-53, z=-750}
[31Jul2026 16:04:08.036] [Worker-Main-1/ERROR] [net.minecraft.world.entity.decoration.HangingEntity/]: Hanging entity at invalid position: BlockPos{x=-551, y=-54, z=-750}
[31Jul2026 16:04:08.036] [Worker-Main-1/ERROR] [net.minecraft.world.entity.decoration.HangingEntity/]: Hanging entity at invalid position: BlockPos{x=-547, y=-53, z=-751}
[31Jul2026 16:04:08.036] [Worker-Main-1/ERROR] [net.minecraft.world.entity.decoration.HangingEntity/]: Hanging entity at invalid position: BlockPos{x=-545, y=-53, z=-752}
[31Jul2026 16:04:08.042] [Worker-Main-1/ERROR] [net.minecraft.world.entity.decoration.HangingEntity/]: Hanging entity at invalid position: BlockPos{x=-409, y=-57, z=-497}
[31Jul2026 16:04:08.043] [Worker-Main-1/ERROR] [net.minecraft.world.entity.decoration.HangingEntity/]: Hanging entity at invalid position: BlockPos{x=-410, y=-57, z=-496}
[31Jul2026 16:04:08.497] [Worker-Main-4/INFO] [net.minecraft.server.level.progress.LoggerChunkProgressListener/]: Preparing spawn area: 54%
[31Jul2026 16:04:09.544] [Worker-Main-7/INFO] [net.minecraft.server.level.progress.LoggerChunkProgressListener/]: Preparing spawn area: 56%
[31Jul2026 16:04:09.547] [Worker-Main-2/INFO] [net.minecraft.server.level.progress.LoggerChunkProgressListener/]: Preparing spawn area: 56%
[31Jul2026 16:04:09.996] [Worker-Main-2/INFO] [net.minecraft.server.level.progress.LoggerChunkProgressListener/]: Preparing spawn area: 57%
[31Jul2026 16:04:10.491] [Worker-Main-3/INFO] [net.minecraft.server.level.progress.LoggerChunkProgressListener/]: Preparing spawn area: 58%
[31Jul2026 16:04:10.994] [Worker-Main-10/INFO] [net.minecraft.server.level.progress.LoggerChunkProgressListener/]: Preparing spawn area: 61%
[31Jul2026 16:04:11.312] [Netty Server IO #6/INFO] [net.minecraftforge.server.ServerLifecycleHooks/SERVERHOOKS]: Disconnecting Player (server is still starting): literal{Server is still starting! Please wait before reconnecting.}
[31Jul2026 16:04:11.491] [Worker-Main-10/INFO] [net.minecraft.server.level.progress.LoggerChunkProgressListener/]: Preparing spawn area: 63%
[31Jul2026 16:04:11.770] [Worker-Main-1/ERROR] [net.minecraft.world.entity.decoration.HangingEntity/]: Hanging entity at invalid position: BlockPos{x=-213, y=-52, z=-702}
[31Jul2026 16:04:11.770] [Worker-Main-1/ERROR] [net.minecraft.world.entity.decoration.HangingEntity/]: Hanging entity at invalid position: BlockPos{x=-200, y=-52, z=-702}
[31Jul2026 16:04:11.892] [Netty Server IO #7/INFO] [net.minecraftforge.server.ServerLifecycleHooks/SERVERHOOKS]: Disconnecting Player (server is still starting): literal{Server is still starting! Please wait before reconnecting.}
[31Jul2026 16:04:11.992] [Worker-Main-9/INFO] [net.minecraft.server.level.progress.LoggerChunkProgressListener/]: Preparing spawn area: 66%
[31Jul2026 16:04:12.199] [Netty Server IO #8/INFO] [net.minecraftforge.server.ServerLifecycleHooks/SERVERHOOKS]: Disconnecting Player (server is still starting): literal{Server is still starting! Please wait before reconnecting.}
[31Jul2026 16:04:12.501] [Netty Server IO #9/INFO] [net.minecraftforge.server.ServerLifecycleHooks/SERVERHOOKS]: Disconnecting Player (server is still starting): literal{Server is still starting! Please wait before reconnecting.}
[31Jul2026 16:04:12.737] [Netty Server IO #10/INFO] [net.minecraftforge.server.ServerLifecycleHooks/SERVERHOOKS]: Disconnecting Player (server is still starting): literal{Server is still starting! Please wait before reconnecting.}
[31Jul2026 16:04:12.974] [Netty Server IO #11/INFO] [net.minecraftforge.server.ServerLifecycleHooks/SERVERHOOKS]: Disconnecting Player (server is still starting): literal{Server is still starting! Please wait before reconnecting.}
[31Jul2026 16:04:13.247] [Netty Server IO #12/INFO] [net.minecraftforge.server.ServerLifecycleHooks/SERVERHOOKS]: Disconnecting Player (server is still starting): literal{Server is still starting! Please wait before reconnecting.}
[31Jul2026 16:04:13.285] [Worker-Main-6/INFO] [net.minecraft.server.level.progress.LoggerChunkProgressListener/]: Preparing spawn area: 68%
[31Jul2026 16:04:13.285] [Worker-Main-6/INFO] [net.minecraft.server.level.progress.LoggerChunkProgressListener/]: Preparing spawn area: 68%
[31Jul2026 16:04:13.506] [Worker-Main-10/INFO] [net.minecraft.server.level.progress.LoggerChunkProgressListener/]: Preparing spawn area: 68%
[31Jul2026 16:04:13.515] [Netty Server IO #13/INFO] [net.minecraftforge.server.ServerLifecycleHooks/SERVERHOOKS]: Disconnecting Player (server is still starting): literal{Server is still starting! Please wait before reconnecting.}
[31Jul2026 16:04:13.757] [Netty Server IO #14/INFO] [net.minecraftforge.server.ServerLifecycleHooks/SERVERHOOKS]: Disconnecting Player (server is still starting): literal{Server is still starting! Please wait before reconnecting.}
[31Jul2026 16:04:13.990] [Netty Server IO #15/INFO] [net.minecraftforge.server.ServerLifecycleHooks/SERVERHOOKS]: Disconnecting Player (server is still starting): literal{Server is still starting! Please wait before reconnecting.}
[31Jul2026 16:04:13.999] [Worker-Main-9/INFO] [net.minecraft.server.level.progress.LoggerChunkProgressListener/]: Preparing spawn area: 69%
[31Jul2026 16:04:14.247] [Netty Server IO #16/INFO] [net.minecraftforge.server.ServerLifecycleHooks/SERVERHOOKS]: Disconnecting Player (server is still starting): literal{Server is still starting! Please wait before reconnecting.}
[31Jul2026 16:04:14.476] [Netty Server IO #17/INFO] [net.minecraftforge.server.ServerLifecycleHooks/SERVERHOOKS]: Disconnecting Player (server is still starting): literal{Server is still starting! Please wait before reconnecting.}
[31Jul2026 16:04:14.503] [Worker-Main-6/INFO] [net.minecraft.server.level.progress.LoggerChunkProgressListener/]: Preparing spawn area: 71%
[31Jul2026 16:04:14.694] [Netty Server IO #18/INFO] [net.minecraftforge.server.ServerLifecycleHooks/SERVERHOOKS]: Disconnecting Player (server is still starting): literal{Server is still starting! Please wait before reconnecting.}
[31Jul2026 16:04:14.915] [Netty Server IO #19/INFO] [net.minecraftforge.server.ServerLifecycleHooks/SERVERHOOKS]: Disconnecting Player (server is still starting): literal{Server is still starting! Please wait before reconnecting.}
[31Jul2026 16:04:14.990] [Worker-Main-1/INFO] [net.minecraft.server.level.progress.LoggerChunkProgressListener/]: Preparing spawn area: 72%
[31Jul2026 16:04:15.111] [Netty Server IO #20/INFO] [net.minecraftforge.server.ServerLifecycleHooks/SERVERHOOKS]: Disconnecting Player (server is still starting): literal{Server is still starting! Please wait before reconnecting.}
[31Jul2026 16:04:15.314] [Netty Server IO #21/INFO] [net.minecraftforge.server.ServerLifecycleHooks/SERVERHOOKS]: Disconnecting Player (server is still starting): literal{Server is still starting! Please wait before reconnecting.}
[31Jul2026 16:04:15.493] [Worker-Main-2/INFO] [net.minecraft.server.level.progress.LoggerChunkProgressListener/]: Preparing spawn area: 75%
[31Jul2026 16:04:15.528] [Netty Server IO #22/INFO] [net.minecraftforge.server.ServerLifecycleHooks/SERVERHOOKS]: Disconnecting Player (server is still starting): literal{Server is still starting! Please wait before reconnecting.}
[31Jul2026 16:04:15.986] [Netty Server IO #23/INFO] [net.minecraftforge.server.ServerLifecycleHooks/SERVERHOOKS]: Disconnecting Player (server is still starting): literal{Server is still starting! Please wait before reconnecting.}
[31Jul2026 16:04:15.994] [Worker-Main-9/INFO] [net.minecraft.server.level.progress.LoggerChunkProgressListener/]: Preparing spawn area: 77%
[31Jul2026 16:04:16.389] [Netty Server IO #0/INFO] [net.minecraftforge.server.ServerLifecycleHooks/SERVERHOOKS]: Disconnecting Player (server is still starting): literal{Server is still starting! Please wait before reconnecting.}
[31Jul2026 16:04:16.491] [Worker-Main-6/INFO] [net.minecraft.server.level.progress.LoggerChunkProgressListener/]: Preparing spawn area: 80%
[31Jul2026 16:04:16.629] [Netty Server IO #1/INFO] [net.minecraftforge.server.ServerLifecycleHooks/SERVERHOOKS]: Disconnecting Player (server is still starting): literal{Server is still starting! Please wait before reconnecting.}
[31Jul2026 16:04:16.999] [Worker-Main-2/INFO] [net.minecraft.server.level.progress.LoggerChunkProgressListener/]: Preparing spawn area: 82%
[31Jul2026 16:04:17.140] [Netty Server IO #2/INFO] [net.minecraftforge.server.ServerLifecycleHooks/SERVERHOOKS]: Disconnecting Player (server is still starting): literal{Server is still starting! Please wait before reconnecting.}
[31Jul2026 16:04:17.491] [Worker-Main-5/INFO] [net.minecraft.server.level.progress.LoggerChunkProgressListener/]: Preparing spawn area: 84%
[31Jul2026 16:04:17.999] [Worker-Main-10/INFO] [net.minecraft.server.level.progress.LoggerChunkProgressListener/]: Preparing spawn area: 85%
[31Jul2026 16:04:18.490] [Worker-Main-11/INFO] [net.minecraft.server.level.progress.LoggerChunkProgressListener/]: Preparing spawn area: 86%
[31Jul2026 16:04:18.989] [Worker-Main-6/INFO] [net.minecraft.server.level.progress.LoggerChunkProgressListener/]: Preparing spawn area: 88%
[31Jul2026 16:04:19.490] [Worker-Main-1/INFO] [net.minecraft.server.level.progress.LoggerChunkProgressListener/]: Preparing spawn area: 91%
[31Jul2026 16:04:20.001] [Worker-Main-10/INFO] [net.minecraft.server.level.progress.LoggerChunkProgressListener/]: Preparing spawn area: 93%
[31Jul2026 16:04:20.504] [Worker-Main-10/INFO] [net.minecraft.server.level.progress.LoggerChunkProgressListener/]: Preparing spawn area: 96%
[31Jul2026 16:04:20.990] [Worker-Main-8/INFO] [net.minecraft.server.level.progress.LoggerChunkProgressListener/]: Preparing spawn area: 98%
[31Jul2026 16:04:21.185] [Server thread/INFO] [net.minecraft.server.level.progress.LoggerChunkProgressListener/]: Time elapsed: 31196 ms
[31Jul2026 16:04:21.186] [Server thread/INFO] [net.minecraft.server.dedicated.DedicatedServer/]: Done (37.742s)! For help, type "help"
[31Jul2026 16:04:21.217] [Server thread/INFO] [net.minecraftforge.server.permission.PermissionAPI/]: Successfully initialized permission handler forge:default_handler
[31Jul2026 16:04:21.285] [Server thread/INFO] [net.bettercombat.logic.WeaponRegistry/]: Encoded Weapon Attribute registry size: 120385 bytes (uncompressed), 6616 bytes (compressed), compression ratio: 94.5% (in 1 string chunks with the size of 10000)
[31Jul2026 16:04:21.327] [Server thread/INFO] [com.github.alexthe666.alexsmobs.AlexsMobs/]: Found Pupfish chunk at -913 ~ -448 after 0 tries
[31Jul2026 16:04:28.855] [User Authenticator #1/INFO] [net.minecraft.server.network.ServerLoginPacketListenerImpl/]: UUID of player Culo_Pelu is e5d41ddb-3d3b-4754-99ee-0f20de4d9e94
[31Jul2026 16:04:31.366] [Server thread/INFO] [net.minecraft.server.players.PlayerList/]: Culo_Pelu[/100.84.99.125:59356] logged in with entity id 1149 at (6.5, 75.0, 44.5)
[31Jul2026 16:04:31.397] [Server thread/INFO] [net.minecraft.server.MinecraftServer/]: Culo_Pelu joined the game
[31Jul2026 16:04:31.520] [Server thread/INFO] [Jade/]: Syncing config to Culo_Pelu (e5d41ddb-3d3b-4754-99ee-0f20de4d9e94)
[31Jul2026 16:04:31.552] [Server thread/INFO] [DistantHorizons-DistantHorizons-com.seibel.distanthorizons.core.api.internal.ServerApi/]: Player [Culo_Pelu] joined.
[31Jul2026 16:04:44.916] [DH-World Gen Thread[1]/ERROR] [bettercaves/]: Better Caves expected a ServerLevel, but got: com.seibel.distanthorizons.common.wrappers.worldGeneration.mimicObject.DhLitWorldGenRegion_forge
[31Jul2026 16:04:44.919] [DH-World Gen Thread[1]/ERROR] [bettercaves/]: Liquid regions will not be generated for this chunk. This may be fatal!
[31Jul2026 16:04:44.920] [DH-World Gen Thread[1]/ERROR] [bettercaves/]: Better Caves expected a ServerLevel, but got: com.seibel.distanthorizons.common.wrappers.worldGeneration.mimicObject.DhLitWorldGenRegion_forge
[31Jul2026 16:04:44.920] [DH-World Gen Thread[1]/ERROR] [bettercaves/]: Liquid regions will not be generated for this chunk. This may be fatal!
[31Jul2026 16:04:44.921] [DH-World Gen Thread[1]/ERROR] [bettercaves/]: Better Caves expected a ServerLevel, but got: com.seibel.distanthorizons.common.wrappers.worldGeneration.mimicObject.DhLitWorldGenRegion_forge
[31Jul2026 16:04:44.921] [DH-World Gen Thread[1]/ERROR] [bettercaves/]: Liquid regions will not be generated for this chunk. This may be fatal!
[31Jul2026 16:04:44.937] [DH-World Gen Thread[2]/ERROR] [bettercaves/]: Better Caves expected a ServerLevel, but got: com.seibel.distanthorizons.common.wrappers.worldGeneration.mimicObject.DhLitWorldGenRegion_forge
[31Jul2026 16:04:44.939] [DH-World Gen Thread[2]/ERROR] [bettercaves/]: Liquid regions will not be generated for this chunk. This may be fatal!
[31Jul2026 16:04:44.940] [DH-World Gen Thread[2]/ERROR] [bettercaves/]: Better Caves expected a ServerLevel, but got: com.seibel.distanthorizons.common.wrappers.worldGeneration.mimicObject.DhLitWorldGenRegion_forge
[31Jul2026 16:04:44.950] [DH-World Gen Thread[2]/ERROR] [bettercaves/]: Liquid regions will not be generated for this chunk. This may be fatal!
[31Jul2026 16:04:44.957] [DH-World Gen Thread[2]/ERROR] [bettercaves/]: Better Caves expected a ServerLevel, but got: com.seibel.distanthorizons.common.wrappers.worldGeneration.mimicObject.DhLitWorldGenRegion_forge
[31Jul2026 16:04:44.957] [DH-World Gen Thread[2]/ERROR] [bettercaves/]: Liquid regions will not be generated for this chunk. This may be fatal!
[31Jul2026 16:04:45.349] [DH-World Gen Thread[4]/ERROR] [bettercaves/]: Better Caves expected a ServerLevel, but got: com.seibel.distanthorizons.common.wrappers.worldGeneration.mimicObject.DhLitWorldGenRegion_forge
[31Jul2026 16:04:45.577] [DH-World Gen Thread[4]/ERROR] [bettercaves/]: Liquid regions will not be generated for this chunk. This may be fatal!
[31Jul2026 16:04:45.767] [DH-World Gen Thread[4]/ERROR] [bettercaves/]: Better Caves expected a ServerLevel, but got: com.seibel.distanthorizons.common.wrappers.worldGeneration.mimicObject.DhLitWorldGenRegion_forge
[31Jul2026 16:04:45.783] [DH-World Gen Thread[4]/ERROR] [bettercaves/]: Liquid regions will not be generated for this chunk. This may be fatal!
[31Jul2026 16:04:45.927] [DH-World Gen Thread[4]/ERROR] [bettercaves/]: Better Caves expected a ServerLevel, but got: com.seibel.distanthorizons.common.wrappers.worldGeneration.mimicObject.DhLitWorldGenRegion_forge
[31Jul2026 16:04:45.933] [DH-World Gen Thread[4]/ERROR] [bettercaves/]: Liquid regions will not be generated for this chunk. This may be fatal!
[31Jul2026 16:04:45.934] [DH-World Gen Thread[4]/ERROR] [bettercaves/]: Better Caves expected a ServerLevel, but got: com.seibel.distanthorizons.common.wrappers.worldGeneration.mimicObject.DhLitWorldGenRegion_forge
[31Jul2026 16:04:45.934] [DH-World Gen Thread[4]/ERROR] [bettercaves/]: Liquid regions will not be generated for this chunk. This may be fatal!
[31Jul2026 16:04:45.942] [DH-World Gen Thread[4]/ERROR] [bettercaves/]: Better Caves expected a ServerLevel, but got: com.seibel.distanthorizons.common.wrappers.worldGeneration.mimicObject.DhLitWorldGenRegion_forge
[31Jul2026 16:04:45.942] [DH-World Gen Thread[4]/ERROR] [bettercaves/]: Liquid regions will not be generated for this chunk. This may be fatal!
[31Jul2026 16:04:45.942] [DH-World Gen Thread[4]/ERROR] [bettercaves/]: Better Caves expected a ServerLevel, but got: com.seibel.distanthorizons.common.wrappers.worldGeneration.mimicObject.DhLitWorldGenRegion_forge
[31Jul2026 16:04:45.942] [DH-World Gen Thread[4]/ERROR] [bettercaves/]: Liquid regions will not be generated for this chunk. This may be fatal!
[31Jul2026 16:04:45.942] [DH-World Gen Thread[5]/ERROR] [bettercaves/]: Better Caves expected a ServerLevel, but got: com.seibel.distanthorizons.common.wrappers.worldGeneration.mimicObject.DhLitWorldGenRegion_forge
[31Jul2026 16:04:45.944] [DH-World Gen Thread[5]/ERROR] [bettercaves/]: Liquid regions will not be generated for this chunk. This may be fatal!
[31Jul2026 16:04:45.944] [DH-World Gen Thread[5]/ERROR] [bettercaves/]: Better Caves expected a ServerLevel, but got: com.seibel.distanthorizons.common.wrappers.worldGeneration.mimicObject.DhLitWorldGenRegion_forge
[31Jul2026 16:04:45.944] [DH-World Gen Thread[5]/ERROR] [bettercaves/]: Liquid regions will not be generated for this chunk. This may be fatal!
[31Jul2026 16:04:45.945] [DH-World Gen Thread[5]/ERROR] [bettercaves/]: Better Caves expected a ServerLevel, but got: com.seibel.distanthorizons.common.wrappers.worldGeneration.mimicObject.DhLitWorldGenRegion_forge
[31Jul2026 16:04:45.945] [DH-World Gen Thread[5]/ERROR] [bettercaves/]: Liquid regions will not be generated for this chunk. This may be fatal!
[31Jul2026 16:04:45.945] [DH-World Gen Thread[5]/ERROR] [bettercaves/]: Better Caves expected a ServerLevel, but got: com.seibel.distanthorizons.common.wrappers.worldGeneration.mimicObject.DhLitWorldGenRegion_forge
[31Jul2026 16:04:45.945] [DH-World Gen Thread[5]/ERROR] [bettercaves/]: Liquid regions will not be generated for this chunk. This may be fatal!
[31Jul2026 16:04:45.945] [DH-World Gen Thread[5]/ERROR] [bettercaves/]: Better Caves expected a ServerLevel, but got: com.seibel.distanthorizons.common.wrappers.worldGeneration.mimicObject.DhLitWorldGenRegion_forge
[31Jul2026 16:04:45.945] [DH-World Gen Thread[5]/ERROR] [bettercaves/]: Liquid regions will not be generated for this chunk. This may be fatal!
[31Jul2026 16:04:45.945] [DH-World Gen Thread[5]/ERROR] [bettercaves/]: Better Caves expected a ServerLevel, but got: com.seibel.distanthorizons.common.wrappers.worldGeneration.mimicObject.DhLitWorldGenRegion_forge
[31Jul2026 16:04:45.945] [DH-World Gen Thread[5]/ERROR] [bettercaves/]: Liquid regions will not be generated for this chunk. This may be fatal!
[31Jul2026 16:04:45.946] [DH-World Gen Thread[3]/ERROR] [bettercaves/]: Better Caves expected a ServerLevel, but got: com.seibel.distanthorizons.common.wrappers.worldGeneration.mimicObject.DhLitWorldGenRegion_forge
[31Jul2026 16:04:45.948] [DH-World Gen Thread[3]/ERROR] [bettercaves/]: Liquid regions will not be generated for this chunk. This may be fatal!
[31Jul2026 16:04:45.951] [DH-World Gen Thread[3]/ERROR] [bettercaves/]: Better Caves expected a ServerLevel, but got: com.seibel.distanthorizons.common.wrappers.worldGeneration.mimicObject.DhLitWorldGenRegion_forge
[31Jul2026 16:04:45.957] [DH-World Gen Thread[3]/ERROR] [bettercaves/]: Liquid regions will not be generated for this chunk. This may be fatal!
[31Jul2026 16:04:45.957] [DH-World Gen Thread[3]/ERROR] [bettercaves/]: Better Caves expected a ServerLevel, but got: com.seibel.distanthorizons.common.wrappers.worldGeneration.mimicObject.DhLitWorldGenRegion_forge
[31Jul2026 16:04:45.957] [DH-World Gen Thread[3]/ERROR] [bettercaves/]: Liquid regions will not be generated for this chunk. This may be fatal!
[31Jul2026 16:04:46.026] [DH-World Gen Thread[0]/ERROR] [bettercaves/]: Better Caves expected a ServerLevel, but got: com.seibel.distanthorizons.common.wrappers.worldGeneration.mimicObject.DhLitWorldGenRegion_forge
[31Jul2026 16:04:46.027] [DH-World Gen Thread[0]/ERROR] [bettercaves/]: Liquid regions will not be generated for this chunk. This may be fatal!
[31Jul2026 16:04:46.027] [DH-World Gen Thread[0]/ERROR] [bettercaves/]: Better Caves expected a ServerLevel, but got: com.seibel.distanthorizons.common.wrappers.worldGeneration.mimicObject.DhLitWorldGenRegion_forge
[31Jul2026 16:04:46.027] [DH-World Gen Thread[0]/ERROR] [bettercaves/]: Liquid regions will not be generated for this chunk. This may be fatal!
[31Jul2026 16:04:46.027] [DH-World Gen Thread[0]/ERROR] [bettercaves/]: Better Caves expected a ServerLevel, but got: com.seibel.distanthorizons.common.wrappers.worldGeneration.mimicObject.DhLitWorldGenRegion_forge
[31Jul2026 16:04:46.027] [DH-World Gen Thread[0]/ERROR] [bettercaves/]: Liquid regions will not be generated for this chunk. This may be fatal!
[31Jul2026 16:04:46.027] [DH-World Gen Thread[0]/ERROR] [bettercaves/]: Better Caves expected a ServerLevel, but got: com.seibel.distanthorizons.common.wrappers.worldGeneration.mimicObject.DhLitWorldGenRegion_forge
[31Jul2026 16:04:46.027] [DH-World Gen Thread[0]/ERROR] [bettercaves/]: Liquid regions will not be generated for this chunk. This may be fatal!
[31Jul2026 16:04:46.027] [DH-World Gen Thread[0]/ERROR] [bettercaves/]: Better Caves expected a ServerLevel, but got: com.seibel.distanthorizons.common.wrappers.worldGeneration.mimicObject.DhLitWorldGenRegion_forge
[31Jul2026 16:04:46.027] [DH-World Gen Thread[0]/ERROR] [bettercaves/]: Liquid regions will not be generated for this chunk. This may be fatal!
[31Jul2026 16:04:46.027] [DH-World Gen Thread[0]/ERROR] [bettercaves/]: Better Caves expected a ServerLevel, but got: com.seibel.distanthorizons.common.wrappers.worldGeneration.mimicObject.DhLitWorldGenRegion_forge
[31Jul2026 16:04:46.028] [DH-World Gen Thread[0]/ERROR] [bettercaves/]: Liquid regions will not be generated for this chunk. This may be fatal!
[31Jul2026 16:04:46.623] [DH-World Gen Thread[1]/ERROR] [bettercaves/]: Better Caves expected a ServerLevel, but got: com.seibel.distanthorizons.common.wrappers.worldGeneration.mimicObject.DhLitWorldGenRegion_forge
[31Jul2026 16:04:46.633] [DH-World Gen Thread[1]/ERROR] [bettercaves/]: Liquid regions will not be generated for this chunk. This may be fatal!
[31Jul2026 16:04:46.715] [DH-World Gen Thread[2]/ERROR] [bettercaves/]: Better Caves expected a ServerLevel, but got: com.seibel.distanthorizons.common.wrappers.worldGeneration.mimicObject.DhLitWorldGenRegion_forge
[31Jul2026 16:04:46.751] [DH-World Gen Thread[2]/ERROR] [bettercaves/]: Liquid regions will not be generated for this chunk. This may be fatal!
[31Jul2026 16:04:47.501] [DH-World Gen Thread[1]/ERROR] [bettercaves/]: Better Caves expected a ServerLevel, but got: com.seibel.distanthorizons.common.wrappers.worldGeneration.mimicObject.DhLitWorldGenRegion_forge
[31Jul2026 16:04:47.511] [DH-World Gen Thread[1]/ERROR] [bettercaves/]: Liquid regions will not be generated for this chunk. This may be fatal!
[31Jul2026 16:04:47.511] [DH-World Gen Thread[1]/ERROR] [bettercaves/]: Better Caves expected a ServerLevel, but got: com.seibel.distanthorizons.common.wrappers.worldGeneration.mimicObject.DhLitWorldGenRegion_forge
[31Jul2026 16:04:47.511] [DH-World Gen Thread[1]/ERROR] [bettercaves/]: Liquid regions will not be generated for this chunk. This may be fatal!
[31Jul2026 16:04:47.589] [DH-World Gen Thread[1]/ERROR] [bettercaves/]: Better Caves expected a ServerLevel, but got: com.seibel.distanthorizons.common.wrappers.worldGeneration.mimicObject.DhLitWorldGenRegion_forge
[31Jul2026 16:04:47.622] [DH-World Gen Thread[1]/ERROR] [bettercaves/]: Liquid regions will not be generated for this chunk. This may be fatal!
[31Jul2026 16:04:47.624] [DH-World Gen Thread[1]/ERROR] [bettercaves/]: Better Caves expected a ServerLevel, but got: com.seibel.distanthorizons.common.wrappers.worldGeneration.mimicObject.DhLitWorldGenRegion_forge
[31Jul2026 16:04:47.630] [DH-World Gen Thread[1]/ERROR] [bettercaves/]: Liquid regions will not be generated for this chunk. This may be fatal!
[31Jul2026 16:04:47.635] [DH-World Gen Thread[1]/ERROR] [bettercaves/]: Better Caves expected a ServerLevel, but got: com.seibel.distanthorizons.common.wrappers.worldGeneration.mimicObject.DhLitWorldGenRegion_forge
[31Jul2026 16:04:47.636] [DH-World Gen Thread[1]/ERROR] [bettercaves/]: Liquid regions will not be generated for this chunk. This may be fatal!
[31Jul2026 16:04:47.636] [DH-World Gen Thread[1]/ERROR] [bettercaves/]: Better Caves expected a ServerLevel, but got: com.seibel.distanthorizons.common.wrappers.worldGeneration.mimicObject.DhLitWorldGenRegion_forge
[31Jul2026 16:04:47.636] [DH-World Gen Thread[1]/ERROR] [bettercaves/]: Liquid regions will not be generated for this chunk. This may be fatal!
[31Jul2026 16:04:47.669] [DH-World Gen Thread[2]/ERROR] [bettercaves/]: Better Caves expected a ServerLevel, but got: com.seibel.distanthorizons.common.wrappers.worldGeneration.mimicObject.DhLitWorldGenRegion_forge
[31Jul2026 16:04:47.670] [DH-World Gen Thread[2]/ERROR] [bettercaves/]: Liquid regions will not be generated for this chunk. This may be fatal!
[31Jul2026 16:04:47.671] [DH-World Gen Thread[2]/ERROR] [bettercaves/]: Better Caves expected a ServerLevel, but got: com.seibel.distanthorizons.common.wrappers.worldGeneration.mimicObject.DhLitWorldGenRegion_forge
[31Jul2026 16:04:47.681] [DH-World Gen Thread[2]/ERROR] [bettercaves/]: Liquid regions will not be generated for this chunk. This may be fatal!
[31Jul2026 16:04:47.684] [DH-World Gen Thread[2]/ERROR] [bettercaves/]: Better Caves expected a ServerLevel, but got: com.seibel.distanthorizons.common.wrappers.worldGeneration.mimicObject.DhLitWorldGenRegion_forge
[31Jul2026 16:04:47.731] [DH-World Gen Thread[2]/ERROR] [bettercaves/]: Liquid regions will not be generated for this chunk. This may be fatal!
[31Jul2026 16:04:47.731] [DH-World Gen Thread[2]/ERROR] [bettercaves/]: Better Caves expected a ServerLevel, but got: com.seibel.distanthorizons.common.wrappers.worldGeneration.mimicObject.DhLitWorldGenRegion_forge
[31Jul2026 16:04:47.736] [DH-World Gen Thread[2]/ERROR] [bettercaves/]: Liquid regions will not be generated for this chunk. This may be fatal!
[31Jul2026 16:04:47.770] [DH-World Gen Thread[2]/ERROR] [bettercaves/]: Better Caves expected a ServerLevel, but got: com.seibel.distanthorizons.common.wrappers.worldGeneration.mimicObject.DhLitWorldGenRegion_forge
[31Jul2026 16:04:47.772] [DH-World Gen Thread[2]/ERROR] [bettercaves/]: Liquid regions will not be generated for this chunk. This may be fatal!
[31Jul2026 16:04:47.772] [DH-World Gen Thread[2]/ERROR] [bettercaves/]: Better Caves expected a ServerLevel, but got: com.seibel.distanthorizons.common.wrappers.worldGeneration.mimicObject.DhLitWorldGenRegion_forge
[31Jul2026 16:04:47.772] [DH-World Gen Thread[2]/ERROR] [bettercaves/]: Liquid regions will not be generated for this chunk. This may be fatal!
[31Jul2026 16:04:47.960] [DH-World Gen Thread[3]/ERROR] [bettercaves/]: Better Caves expected a ServerLevel, but got: com.seibel.distanthorizons.common.wrappers.worldGeneration.mimicObject.DhLitWorldGenRegion_forge
[31Jul2026 16:04:48.049] [DH-World Gen Thread[3]/ERROR] [bettercaves/]: Liquid regions will not be generated for this chunk. This may be fatal!
[31Jul2026 16:04:48.112] [DH-World Gen Thread[5]/ERROR] [bettercaves/]: Better Caves expected a ServerLevel, but got: com.seibel.distanthorizons.common.wrappers.worldGeneration.mimicObject.DhLitWorldGenRegion_forge
[31Jul2026 16:04:48.123] [DH-World Gen Thread[5]/ERROR] [bettercaves/]: Liquid regions will not be generated for this chunk. This may be fatal!
[31Jul2026 16:04:48.123] [DH-World Gen Thread[5]/ERROR] [bettercaves/]: Better Caves expected a ServerLevel, but got: com.seibel.distanthorizons.common.wrappers.worldGeneration.mimicObject.DhLitWorldGenRegion_forge
[31Jul2026 16:04:48.123] [DH-World Gen Thread[5]/ERROR] [bettercaves/]: Liquid regions will not be generated for this chunk. This may be fatal!
[31Jul2026 16:04:48.377] [DH-World Gen Thread[0]/ERROR] [bettercaves/]: Better Caves expected a ServerLevel, but got: com.seibel.distanthorizons.common.wrappers.worldGeneration.mimicObject.DhLitWorldGenRegion_forge
[31Jul2026 16:04:48.378] [DH-World Gen Thread[0]/ERROR] [bettercaves/]: Liquid regions will not be generated for this chunk. This may be fatal!
[31Jul2026 16:04:48.380] [DH-World Gen Thread[0]/ERROR] [bettercaves/]: Better Caves expected a ServerLevel, but got: com.seibel.distanthorizons.common.wrappers.worldGeneration.mimicObject.DhLitWorldGenRegion_forge
[31Jul2026 16:04:48.382] [DH-World Gen Thread[0]/ERROR] [bettercaves/]: Liquid regions will not be generated for this chunk. This may be fatal!
[31Jul2026 16:04:48.911] [DH-World Gen Thread[5]/ERROR] [bettercaves/]: Better Caves expected a ServerLevel, but got: com.seibel.distanthorizons.common.wrappers.worldGeneration.mimicObject.DhLitWorldGenRegion_forge
[31Jul2026 16:04:48.915] [DH-World Gen Thread[5]/ERROR] [bettercaves/]: Liquid regions will not be generated for this chunk. This may be fatal!
[31Jul2026 16:04:48.915] [DH-World Gen Thread[5]/ERROR] [bettercaves/]: Better Caves expected a ServerLevel, but got: com.seibel.distanthorizons.common.wrappers.worldGeneration.mimicObject.DhLitWorldGenRegion_forge
[31Jul2026 16:04:48.929] [DH-World Gen Thread[5]/ERROR] [bettercaves/]: Liquid regions will not be generated for this chunk. This may be fatal!
[31Jul2026 16:04:48.933] [DH-World Gen Thread[5]/ERROR] [bettercaves/]: Better Caves expected a ServerLevel, but got: com.seibel.distanthorizons.common.wrappers.worldGeneration.mimicObject.DhLitWorldGenRegion_forge
[31Jul2026 16:04:48.934] [DH-World Gen Thread[5]/ERROR] [bettercaves/]: Liquid regions will not be generated for this chunk. This may be fatal!
[31Jul2026 16:04:49.297] [DH-World Gen Thread[0]/ERROR] [bettercaves/]: Better Caves expected a ServerLevel, but got: com.seibel.distanthorizons.common.wrappers.worldGeneration.mimicObject.DhLitWorldGenRegion_forge
[31Jul2026 16:04:49.312] [DH-World Gen Thread[0]/ERROR] [bettercaves/]: Liquid regions will not be generated for this chunk. This may be fatal!
[31Jul2026 16:04:49.312] [DH-World Gen Thread[0]/ERROR] [bettercaves/]: Better Caves expected a ServerLevel, but got: com.seibel.distanthorizons.common.wrappers.worldGeneration.mimicObject.DhLitWorldGenRegion_forge
[31Jul2026 16:04:49.312] [DH-World Gen Thread[0]/ERROR] [bettercaves/]: Liquid regions will not be generated for this chunk. This may be fatal!
[31Jul2026 16:04:49.312] [DH-World Gen Thread[0]/ERROR] [bettercaves/]: Better Caves expected a ServerLevel, but got: com.seibel.distanthorizons.common.wrappers.worldGeneration.mimicObject.DhLitWorldGenRegion_forge
[31Jul2026 16:04:49.312] [DH-World Gen Thread[0]/ERROR] [bettercaves/]: Liquid regions will not be generated for this chunk. This may be fatal!
[31Jul2026 16:04:49.656] [DH-World Gen Thread[2]/ERROR] [bettercaves/]: Better Caves expected a ServerLevel, but got: com.seibel.distanthorizons.common.wrappers.worldGeneration.mimicObject.DhLitWorldGenRegion_forge
[31Jul2026 16:04:49.659] [DH-World Gen Thread[2]/ERROR] [bettercaves/]: Liquid regions will not be generated for this chunk. This may be fatal!
[31Jul2026 16:04:49.660] [DH-World Gen Thread[2]/ERROR] [bettercaves/]: Better Caves expected a ServerLevel, but got: com.seibel.distanthorizons.common.wrappers.worldGeneration.mimicObject.DhLitWorldGenRegion_forge
[31Jul2026 16:04:49.691] [DH-World Gen Thread[2]/ERROR] [bettercaves/]: Liquid regions will not be generated for this chunk. This may be fatal!
[31Jul2026 16:04:49.834] [DH-World Gen Thread[4]/ERROR] [bettercaves/]: Better Caves expected a ServerLevel, but got: com.seibel.distanthorizons.common.wrappers.worldGeneration.mimicObject.DhLitWorldGenRegion_forge
[31Jul2026 16:04:49.946] [DH-World Gen Thread[4]/ERROR] [bettercaves/]: Liquid regions will not be generated for this chunk. This may be fatal!
[31Jul2026 16:04:49.967] [DH-World Gen Thread[4]/ERROR] [bettercaves/]: Better Caves expected a ServerLevel, but got: com.seibel.distanthorizons.common.wrappers.worldGeneration.mimicObject.DhLitWorldGenRegion_forge
[31Jul2026 16:04:50.000] [DH-World Gen Thread[4]/ERROR] [bettercaves/]: Liquid regions will not be generated for this chunk. This may be fatal!
[31Jul2026 16:04:50.077] [DH-World Gen Thread[5]/ERROR] [bettercaves/]: Better Caves expected a ServerLevel, but got: com.seibel.distanthorizons.common.wrappers.worldGeneration.mimicObject.DhLitWorldGenRegion_forge
[31Jul2026 16:04:50.081] [DH-World Gen Thread[5]/ERROR] [bettercaves/]: Liquid regions will not be generated for this chunk. This may be fatal!
[31Jul2026 16:04:50.081] [DH-World Gen Thread[0]/ERROR] [bettercaves/]: Better Caves expected a ServerLevel, but got: com.seibel.distanthorizons.common.wrappers.worldGeneration.mimicObject.DhLitWorldGenRegion_forge
[31Jul2026 16:04:50.134] [DH-World Gen Thread[0]/ERROR] [bettercaves/]: Liquid regions will not be generated for this chunk. This may be fatal!
[31Jul2026 16:04:50.175] [DH-World Gen Thread[1]/ERROR] [bettercaves/]: Better Caves expected a ServerLevel, but got: com.seibel.distanthorizons.common.wrappers.worldGeneration.mimicObject.DhLitWorldGenRegion_forge
[31Jul2026 16:04:50.303] [DH-World Gen Thread[1]/ERROR] [bettercaves/]: Liquid regions will not be generated for this chunk. This may be fatal!
[31Jul2026 16:04:50.377] [DH-World Gen Thread[2]/ERROR] [bettercaves/]: Better Caves expected a ServerLevel, but got: com.seibel.distanthorizons.common.wrappers.worldGeneration.mimicObject.DhLitWorldGenRegion_forge
[31Jul2026 16:04:50.386] [DH-World Gen Thread[2]/ERROR] [bettercaves/]: Liquid regions will not be generated for this chunk. This may be fatal!
[31Jul2026 16:04:50.666] [DH-World Gen Thread[2]/ERROR] [bettercaves/]: Better Caves expected a ServerLevel, but got: com.seibel.distanthorizons.common.wrappers.worldGeneration.mimicObject.DhLitWorldGenRegion_forge
[31Jul2026 16:04:50.706] [DH-World Gen Thread[2]/ERROR] [bettercaves/]: Liquid regions will not be generated for this chunk. This may be fatal!
[31Jul2026 16:04:50.717] [DH-World Gen Thread[2]/ERROR] [bettercaves/]: Better Caves expected a ServerLevel, but got: com.seibel.distanthorizons.common.wrappers.worldGeneration.mimicObject.DhLitWorldGenRegion_forge
[31Jul2026 16:04:50.737] [DH-World Gen Thread[2]/ERROR] [bettercaves/]: Liquid regions will not be generated for this chunk. This may be fatal!
[31Jul2026 16:04:50.773] [DH-World Gen Thread[1]/ERROR] [bettercaves/]: Better Caves expected a ServerLevel, but got: com.seibel.distanthorizons.common.wrappers.worldGeneration.mimicObject.DhLitWorldGenRegion_forge
[31Jul2026 16:04:50.791] [DH-World Gen Thread[1]/ERROR] [bettercaves/]: Liquid regions will not be generated for this chunk. This may be fatal!
[31Jul2026 16:04:51.323] [DH-World Gen Thread[0]/ERROR] [bettercaves/]: Better Caves expected a ServerLevel, but got: com.seibel.distanthorizons.common.wrappers.worldGeneration.mimicObject.DhLitWorldGenRegion_forge
[31Jul2026 16:04:51.333] [DH-World Gen Thread[0]/ERROR] [bettercaves/]: Liquid regions will not be generated for this chunk. This may be fatal!
[31Jul2026 16:04:51.341] [DH-World Gen Thread[0]/ERROR] [bettercaves/]: Better Caves expected a ServerLevel, but got: com.seibel.distanthorizons.common.wrappers.worldGeneration.mimicObject.DhLitWorldGenRegion_forge
[31Jul2026 16:04:51.363] [DH-World Gen Thread[0]/ERROR] [bettercaves/]: Liquid regions will not be generated for this chunk. This may be fatal!
[31Jul2026 16:04:51.369] [DH-World Gen Thread[5]/ERROR] [bettercaves/]: Better Caves expected a ServerLevel, but got: com.seibel.distanthorizons.common.wrappers.worldGeneration.mimicObject.DhLitWorldGenRegion_forge
[31Jul2026 16:04:51.370] [DH-World Gen Thread[5]/ERROR] [bettercaves/]: Liquid regions will not be generated for this chunk. This may be fatal!
[31Jul2026 16:04:51.370] [DH-World Gen Thread[0]/ERROR] [bettercaves/]: Better Caves expected a ServerLevel, but got: com.seibel.distanthorizons.common.wrappers.worldGeneration.mimicObject.DhLitWorldGenRegion_forge
[31Jul2026 16:04:51.371] [DH-World Gen Thread[0]/ERROR] [bettercaves/]: Liquid regions will not be generated for this chunk. This may be fatal!
[31Jul2026 16:04:51.371] [DH-World Gen Thread[0]/ERROR] [bettercaves/]: Better Caves expected a ServerLevel, but got: com.seibel.distanthorizons.common.wrappers.worldGeneration.mimicObject.DhLitWorldGenRegion_forge
[31Jul2026 16:04:51.371] [DH-World Gen Thread[0]/ERROR] [bettercaves/]: Liquid regions will not be generated for this chunk. This may be fatal!
[31Jul2026 16:04:51.371] [DH-World Gen Thread[0]/ERROR] [bettercaves/]: Better Caves expected a ServerLevel, but got: com.seibel.distanthorizons.common.wrappers.worldGeneration.mimicObject.DhLitWorldGenRegion_forge
[31Jul2026 16:04:51.371] [DH-World Gen Thread[0]/ERROR] [bettercaves/]: Liquid regions will not be generated for this chunk. This may be fatal!
[31Jul2026 16:04:51.372] [DH-World Gen Thread[5]/ERROR] [bettercaves/]: Better Caves expected a ServerLevel, but got: com.seibel.distanthorizons.common.wrappers.worldGeneration.mimicObject.DhLitWorldGenRegion_forge
[31Jul2026 16:04:51.372] [DH-World Gen Thread[5]/ERROR] [bettercaves/]: Liquid regions will not be generated for this chunk. This may be fatal!
[31Jul2026 16:04:51.373] [DH-World Gen Thread[5]/ERROR] [bettercaves/]: Better Caves expected a ServerLevel, but got: com.seibel.distanthorizons.common.wrappers.worldGeneration.mimicObject.DhLitWorldGenRegion_forge
[31Jul2026 16:04:51.373] [DH-World Gen Thread[5]/ERROR] [bettercaves/]: Liquid regions will not be generated for this chunk. This may be fatal!
[31Jul2026 16:04:51.410] [DH-World Gen Thread[3]/ERROR] [bettercaves/]: Better Caves expected a ServerLevel, but got: com.seibel.distanthorizons.common.wrappers.worldGeneration.mimicObject.DhLitWorldGenRegion_forge
[31Jul2026 16:04:51.467] [DH-World Gen Thread[3]/ERROR] [bettercaves/]: Liquid regions will not be generated for this chunk. This may be fatal!
[31Jul2026 16:04:51.480] [DH-World Gen Thread[3]/ERROR] [bettercaves/]: Better Caves expected a ServerLevel, but got: com.seibel.distanthorizons.common.wrappers.worldGeneration.mimicObject.DhLitWorldGenRegion_forge
[31Jul2026 16:04:51.485] [DH-World Gen Thread[3]/ERROR] [bettercaves/]: Liquid regions will not be generated for this chunk. This may be fatal!
[31Jul2026 16:04:51.709] [DH-World Gen Thread[3]/ERROR] [bettercaves/]: Better Caves expected a ServerLevel, but got: com.seibel.distanthorizons.common.wrappers.worldGeneration.mimicObject.DhLitWorldGenRegion_forge
[31Jul2026 16:04:51.712] [DH-World Gen Thread[3]/ERROR] [bettercaves/]: Liquid regions will not be generated for this chunk. This may be fatal!
[31Jul2026 16:04:51.715] [DH-World Gen Thread[4]/ERROR] [bettercaves/]: Better Caves expected a ServerLevel, but got: com.seibel.distanthorizons.common.wrappers.worldGeneration.mimicObject.DhLitWorldGenRegion_forge
[31Jul2026 16:04:51.725] [DH-World Gen Thread[4]/ERROR] [bettercaves/]: Liquid regions will not be generated for this chunk. This may be fatal!
[31Jul2026 16:04:51.741] [DH-World Gen Thread[4]/ERROR] [bettercaves/]: Better Caves expected a ServerLevel, but got: com.seibel.distanthorizons.common.wrappers.worldGeneration.mimicObject.DhLitWorldGenRegion_forge
[31Jul2026 16:04:51.760] [DH-World Gen Thread[4]/ERROR] [bettercaves/]: Liquid regions will not be generated for this chunk. This may be fatal!
[31Jul2026 16:04:51.760] [DH-World Gen Thread[4]/ERROR] [bettercaves/]: Better Caves expected a ServerLevel, but got: com.seibel.distanthorizons.common.wrappers.worldGeneration.mimicObject.DhLitWorldGenRegion_forge
[31Jul2026 16:04:51.760] [DH-World Gen Thread[4]/ERROR] [bettercaves/]: Liquid regions will not be generated for this chunk. This may be fatal!
[31Jul2026 16:04:51.779] [DH-World Gen Thread[1]/ERROR] [bettercaves/]: Better Caves expected a ServerLevel, but got: com.seibel.distanthorizons.common.wrappers.worldGeneration.mimicObject.DhLitWorldGenRegion_forge
[31Jul2026 16:04:51.922] [DH-World Gen Thread[1]/ERROR] [bettercaves/]: Liquid regions will not be generated for this chunk. This may be fatal!
[31Jul2026 16:04:51.935] [DH-World Gen Thread[2]/ERROR] [bettercaves/]: Better Caves expected a ServerLevel, but got: com.seibel.distanthorizons.common.wrappers.worldGeneration.mimicObject.DhLitWorldGenRegion_forge
[31Jul2026 16:04:51.949] [DH-World Gen Thread[2]/ERROR] [bettercaves/]: Liquid regions will not be generated for this chunk. This may be fatal!
[31Jul2026 16:04:52.700] [DH-World Gen Thread[1]/ERROR] [bettercaves/]: Better Caves expected a ServerLevel, but got: com.seibel.distanthorizons.common.wrappers.worldGeneration.mimicObject.DhLitWorldGenRegion_forge
[31Jul2026 16:04:52.702] [DH-World Gen Thread[1]/ERROR] [bettercaves/]: Liquid regions will not be generated for this chunk. This may be fatal!
[31Jul2026 16:04:52.710] [DH-World Gen Thread[1]/ERROR] [bettercaves/]: Better Caves expected a ServerLevel, but got: com.seibel.distanthorizons.common.wrappers.worldGeneration.mimicObject.DhLitWorldGenRegion_forge
[31Jul2026 16:04:52.711] [DH-World Gen Thread[1]/ERROR] [bettercaves/]: Liquid regions will not be generated for this chunk. This may be fatal!
[31Jul2026 16:04:52.737] [DH-World Gen Thread[0]/ERROR] [bettercaves/]: Better Caves expected a ServerLevel, but got: com.seibel.distanthorizons.common.wrappers.worldGeneration.mimicObject.DhLitWorldGenRegion_forge
[31Jul2026 16:04:52.737] [DH-World Gen Thread[0]/ERROR] [bettercaves/]: Liquid regions will not be generated for this chunk. This may be fatal!
[31Jul2026 16:04:52.737] [DH-World Gen Thread[0]/ERROR] [bettercaves/]: Better Caves expected a ServerLevel, but got: com.seibel.distanthorizons.common.wrappers.worldGeneration.mimicObject.DhLitWorldGenRegion_forge
[31Jul2026 16:04:52.738] [DH-World Gen Thread[0]/ERROR] [bettercaves/]: Liquid regions will not be generated for this chunk. This may be fatal!
[31Jul2026 16:04:52.738] [DH-World Gen Thread[0]/ERROR] [bettercaves/]: Better Caves expected a ServerLevel, but got: com.seibel.distanthorizons.common.wrappers.worldGeneration.mimicObject.DhLitWorldGenRegion_forge
[31Jul2026 16:04:52.738] [DH-World Gen Thread[0]/ERROR] [bettercaves/]: Liquid regions will not be generated for this chunk. This may be fatal!
[31Jul2026 16:04:52.757] [DH-World Gen Thread[5]/ERROR] [bettercaves/]: Better Caves expected a ServerLevel, but got: com.seibel.distanthorizons.common.wrappers.worldGeneration.mimicObject.DhLitWorldGenRegion_forge
[31Jul2026 16:04:52.760] [DH-World Gen Thread[5]/ERROR] [bettercaves/]: Liquid regions will not be generated for this chunk. This may be fatal!
[31Jul2026 16:04:52.774] [DH-World Gen Thread[4]/ERROR] [bettercaves/]: Better Caves expected a ServerLevel, but got: com.seibel.distanthorizons.common.wrappers.worldGeneration.mimicObject.DhLitWorldGenRegion_forge
[31Jul2026 16:04:52.775] [DH-World Gen Thread[4]/ERROR] [bettercaves/]: Liquid regions will not be generated for this chunk. This may be fatal!
[31Jul2026 16:04:53.153] [DH-World Gen Thread[3]/ERROR] [bettercaves/]: Better Caves expected a ServerLevel, but got: com.seibel.distanthorizons.common.wrappers.worldGeneration.mimicObject.DhLitWorldGenRegion_forge
[31Jul2026 16:04:53.162] [DH-World Gen Thread[3]/ERROR] [bettercaves/]: Liquid regions will not be generated for this chunk. This may be fatal!
[31Jul2026 16:04:53.167] [DH-World Gen Thread[0]/ERROR] [bettercaves/]: Better Caves expected a ServerLevel, but got: com.seibel.distanthorizons.common.wrappers.worldGeneration.mimicObject.DhLitWorldGenRegion_forge
[31Jul2026 16:04:53.171] [DH-World Gen Thread[0]/ERROR] [bettercaves/]: Liquid regions will not be generated for this chunk. This may be fatal!
[31Jul2026 16:04:53.174] [DH-World Gen Thread[0]/ERROR] [bettercaves/]: Better Caves expected a ServerLevel, but got: com.seibel.distanthorizons.common.wrappers.worldGeneration.mimicObject.DhLitWorldGenRegion_forge
[31Jul2026 16:04:53.174] [DH-World Gen Thread[0]/ERROR] [bettercaves/]: Liquid regions will not be generated for this chunk. This may be fatal!
[31Jul2026 16:04:53.174] [DH-World Gen Thread[0]/ERROR] [bettercaves/]: Better Caves expected a ServerLevel, but got: com.seibel.distanthorizons.common.wrappers.worldGeneration.mimicObject.DhLitWorldGenRegion_forge
[31Jul2026 16:04:53.174] [DH-World Gen Thread[0]/ERROR] [bettercaves/]: Liquid regions will not be generated for this chunk. This may be fatal!
[31Jul2026 16:04:53.200] [DH-World Gen Thread[2]/ERROR] [bettercaves/]: Better Caves expected a ServerLevel, but got: com.seibel.distanthorizons.common.wrappers.worldGeneration.mimicObject.DhLitWorldGenRegion_forge
[31Jul2026 16:04:53.210] [DH-World Gen Thread[2]/ERROR] [bettercaves/]: Liquid regions will not be generated for this chunk. This may be fatal!
[31Jul2026 16:04:53.273] [DH-World Gen Thread[2]/ERROR] [bettercaves/]: Better Caves expected a ServerLevel, but got: com.seibel.distanthorizons.common.wrappers.worldGeneration.mimicObject.DhLitWorldGenRegion_forge
[31Jul2026 16:04:53.274] [DH-World Gen Thread[2]/ERROR] [bettercaves/]: Liquid regions will not be generated for this chunk. This may be fatal!
[31Jul2026 16:04:53.454] [DH-World Gen Thread[1]/ERROR] [bettercaves/]: Better Caves expected a ServerLevel, but got: com.seibel.distanthorizons.common.wrappers.worldGeneration.mimicObject.DhLitWorldGenRegion_forge
[31Jul2026 16:04:53.454] [DH-World Gen Thread[1]/ERROR] [bettercaves/]: Liquid regions will not be generated for this chunk. This may be fatal!
[31Jul2026 16:04:53.845] [DH-World Gen Thread[0]/ERROR] [bettercaves/]: Better Caves expected a ServerLevel, but got: com.seibel.distanthorizons.common.wrappers.worldGeneration.mimicObject.DhLitWorldGenRegion_forge
[31Jul2026 16:04:53.846] [DH-World Gen Thread[0]/ERROR] [bettercaves/]: Liquid regions will not be generated for this chunk. This may be fatal!
[31Jul2026 16:04:54.086] [DH-World Gen Thread[2]/ERROR] [bettercaves/]: Better Caves expected a ServerLevel, but got: com.seibel.distanthorizons.common.wrappers.worldGeneration.mimicObject.DhLitWorldGenRegion_forge
[31Jul2026 16:04:54.103] [DH-World Gen Thread[2]/ERROR] [bettercaves/]: Liquid regions will not be generated for this chunk. This may be fatal!
[31Jul2026 16:04:54.111] [DH-World Gen Thread[2]/ERROR] [bettercaves/]: Better Caves expected a ServerLevel, but got: com.seibel.distanthorizons.common.wrappers.worldGeneration.mimicObject.DhLitWorldGenRegion_forge
[31Jul2026 16:04:54.157] [DH-World Gen Thread[2]/ERROR] [bettercaves/]: Liquid regions will not be generated for this chunk. This may be fatal!
[31Jul2026 16:04:54.182] [DH-World Gen Thread[2]/ERROR] [bettercaves/]: Better Caves expected a ServerLevel, but got: com.seibel.distanthorizons.common.wrappers.worldGeneration.mimicObject.DhLitWorldGenRegion_forge
[31Jul2026 16:04:54.220] [DH-World Gen Thread[2]/ERROR] [bettercaves/]: Liquid regions will not be generated for this chunk. This may be fatal!
[31Jul2026 16:04:55.309] [DH-World Gen Thread[2]/ERROR] [bettercaves/]: Better Caves expected a ServerLevel, but got: com.seibel.distanthorizons.common.wrappers.worldGeneration.mimicObject.DhLitWorldGenRegion_forge
[31Jul2026 16:04:55.321] [DH-World Gen Thread[2]/ERROR] [bettercaves/]: Liquid regions will not be generated for this chunk. This may be fatal!
[31Jul2026 16:04:57.385] [DH-World Gen Thread[5]/ERROR] [bettercaves/]: Better Caves expected a ServerLevel, but got: com.seibel.distanthorizons.common.wrappers.worldGeneration.mimicObject.DhLitWorldGenRegion_forge
[31Jul2026 16:04:57.387] [DH-World Gen Thread[5]/ERROR] [bettercaves/]: Liquid regions will not be generated for this chunk. This may be fatal!
[31Jul2026 16:04:57.394] [DH-World Gen Thread[5]/ERROR] [bettercaves/]: Better Caves expected a ServerLevel, but got: com.seibel.distanthorizons.common.wrappers.worldGeneration.mimicObject.DhLitWorldGenRegion_forge
[31Jul2026 16:04:57.394] [DH-World Gen Thread[5]/ERROR] [bettercaves/]: Liquid regions will not be generated for this chunk. This may be fatal!
[31Jul2026 16:04:57.394] [DH-World Gen Thread[5]/ERROR] [bettercaves/]: Better Caves expected a ServerLevel, but got: com.seibel.distanthorizons.common.wrappers.worldGeneration.mimicObject.DhLitWorldGenRegion_forge
[31Jul2026 16:04:57.394] [DH-World Gen Thread[5]/ERROR] [bettercaves/]: Liquid regions will not be generated for this chunk. This may be fatal!
[31Jul2026 16:04:57.394] [DH-World Gen Thread[5]/ERROR] [bettercaves/]: Better Caves expected a ServerLevel, but got: com.seibel.distanthorizons.common.wrappers.worldGeneration.mimicObject.DhLitWorldGenRegion_forge
[31Jul2026 16:04:57.394] [DH-World Gen Thread[5]/ERROR] [bettercaves/]: Liquid regions will not be generated for this chunk. This may be fatal!
[31Jul2026 16:04:57.394] [DH-World Gen Thread[5]/ERROR] [bettercaves/]: Better Caves expected a ServerLevel, but got: com.seibel.distanthorizons.common.wrappers.worldGeneration.mimicObject.DhLitWorldGenRegion_forge
[31Jul2026 16:04:57.394] [DH-World Gen Thread[5]/ERROR] [bettercaves/]: Liquid regions will not be generated for this chunk. This may be fatal!
[31Jul2026 16:04:57.394] [DH-World Gen Thread[5]/ERROR] [bettercaves/]: Better Caves expected a ServerLevel, but got: com.seibel.distanthorizons.common.wrappers.worldGeneration.mimicObject.DhLitWorldGenRegion_forge
[31Jul2026 16:04:57.394] [DH-World Gen Thread[5]/ERROR] [bettercaves/]: Liquid regions will not be generated for this chunk. This may be fatal!
[31Jul2026 16:04:57.394] [DH-World Gen Thread[5]/ERROR] [bettercaves/]: Better Caves expected a ServerLevel, but got: com.seibel.distanthorizons.common.wrappers.worldGeneration.mimicObject.DhLitWorldGenRegion_forge
[31Jul2026 16:04:57.394] [DH-World Gen Thread[5]/ERROR] [bettercaves/]: Liquid regions will not be generated for this chunk. This may be fatal!
[31Jul2026 16:04:57.398] [DH-World Gen Thread[5]/ERROR] [bettercaves/]: Better Caves expected a ServerLevel, but got: com.seibel.distanthorizons.common.wrappers.worldGeneration.mimicObject.DhLitWorldGenRegion_forge
[31Jul2026 16:04:57.399] [DH-World Gen Thread[5]/ERROR] [bettercaves/]: Liquid regions will not be generated for this chunk. This may be fatal!
[31Jul2026 16:04:57.399] [DH-World Gen Thread[5]/ERROR] [bettercaves/]: Better Caves expected a ServerLevel, but got: com.seibel.distanthorizons.common.wrappers.worldGeneration.mimicObject.DhLitWorldGenRegion_forge
[31Jul2026 16:04:57.399] [DH-World Gen Thread[5]/ERROR] [bettercaves/]: Liquid regions will not be generated for this chunk. This may be fatal!
[31Jul2026 16:04:57.400] [DH-World Gen Thread[1]/ERROR] [bettercaves/]: Better Caves expected a ServerLevel, but got: com.seibel.distanthorizons.common.wrappers.worldGeneration.mimicObject.DhLitWorldGenRegion_forge
[31Jul2026 16:04:57.407] [DH-World Gen Thread[1]/ERROR] [bettercaves/]: Liquid regions will not be generated for this chunk. This may be fatal!
[31Jul2026 16:04:57.407] [DH-World Gen Thread[1]/ERROR] [bettercaves/]: Better Caves expected a ServerLevel, but got: com.seibel.distanthorizons.common.wrappers.worldGeneration.mimicObject.DhLitWorldGenRegion_forge
[31Jul2026 16:04:57.407] [DH-World Gen Thread[1]/ERROR] [bettercaves/]: Liquid regions will not be generated for this chunk. This may be fatal!
[31Jul2026 16:04:57.407] [DH-World Gen Thread[1]/ERROR] [bettercaves/]: Better Caves expected a ServerLevel, but got: com.seibel.distanthorizons.common.wrappers.worldGeneration.mimicObject.DhLitWorldGenRegion_forge
[31Jul2026 16:04:57.407] [DH-World Gen Thread[1]/ERROR] [bettercaves/]: Liquid regions will not be generated for this chunk. This may be fatal!
[31Jul2026 16:04:57.414] [DH-World Gen Thread[1]/ERROR] [bettercaves/]: Better Caves expected a ServerLevel, but got: com.seibel.distanthorizons.common.wrappers.worldGeneration.mimicObject.DhLitWorldGenRegion_forge
[31Jul2026 16:04:57.417] [DH-World Gen Thread[1]/ERROR] [bettercaves/]: Liquid regions will not be generated for this chunk. This may be fatal!
[31Jul2026 16:04:57.417] [DH-World Gen Thread[1]/ERROR] [bettercaves/]: Better Caves expected a ServerLevel, but got: com.seibel.distanthorizons.common.wrappers.worldGeneration.mimicObject.DhLitWorldGenRegion_forge
[31Jul2026 16:04:57.418] [DH-World Gen Thread[1]/ERROR] [bettercaves/]: Liquid regions will not be generated for this chunk. This may be fatal!
[31Jul2026 16:04:57.418] [DH-World Gen Thread[1]/ERROR] [bettercaves/]: Better Caves expected a ServerLevel, but got: com.seibel.distanthorizons.common.wrappers.worldGeneration.mimicObject.DhLitWorldGenRegion_forge
[31Jul2026 16:04:57.419] [DH-World Gen Thread[1]/ERROR] [bettercaves/]: Liquid regions will not be generated for this chunk. This may be fatal!
[31Jul2026 16:04:57.430] [DH-World Gen Thread[1]/ERROR] [bettercaves/]: Better Caves expected a ServerLevel, but got: com.seibel.distanthorizons.common.wrappers.worldGeneration.mimicObject.DhLitWorldGenRegion_forge
[31Jul2026 16:04:57.432] [DH-World Gen Thread[1]/ERROR] [bettercaves/]: Liquid regions will not be generated for this chunk. This may be fatal!
[31Jul2026 16:04:57.439] [DH-World Gen Thread[1]/ERROR] [bettercaves/]: Better Caves expected a ServerLevel, but got: com.seibel.distanthorizons.common.wrappers.worldGeneration.mimicObject.DhLitWorldGenRegion_forge
[31Jul2026 16:04:57.443] [DH-World Gen Thread[1]/ERROR] [bettercaves/]: Liquid regions will not be generated for this chunk. This may be fatal!
[31Jul2026 16:04:57.445] [DH-World Gen Thread[1]/ERROR] [bettercaves/]: Better Caves expected a ServerLevel, but got: com.seibel.distanthorizons.common.wrappers.worldGeneration.mimicObject.DhLitWorldGenRegion_forge
[31Jul2026 16:04:57.447] [DH-World Gen Thread[1]/ERROR] [bettercaves/]: Liquid regions will not be generated for this chunk. This may be fatal!
[31Jul2026 16:04:57.449] [DH-World Gen Thread[0]/ERROR] [bettercaves/]: Better Caves expected a ServerLevel, but got: com.seibel.distanthorizons.common.wrappers.worldGeneration.mimicObject.DhLitWorldGenRegion_forge
[31Jul2026 16:04:57.451] [DH-World Gen Thread[0]/ERROR] [bettercaves/]: Liquid regions will not be generated for this chunk. This may be fatal!
[31Jul2026 16:04:57.451] [DH-World Gen Thread[0]/ERROR] [bettercaves/]: Better Caves expected a ServerLevel, but got: com.seibel.distanthorizons.common.wrappers.worldGeneration.mimicObject.DhLitWorldGenRegion_forge
[31Jul2026 16:04:57.451] [DH-World Gen Thread[0]/ERROR] [bettercaves/]: Liquid regions will not be generated for this chunk. This may be fatal!
[31Jul2026 16:04:57.452] [DH-World Gen Thread[0]/ERROR] [bettercaves/]: Better Caves expected a ServerLevel, but got: com.seibel.distanthorizons.common.wrappers.worldGeneration.mimicObject.DhLitWorldGenRegion_forge
[31Jul2026 16:04:57.454] [DH-World Gen Thread[0]/ERROR] [bettercaves/]: Liquid regions will not be generated for this chunk. This may be fatal!
[31Jul2026 16:04:57.455] [DH-World Gen Thread[0]/ERROR] [bettercaves/]: Better Caves expected a ServerLevel, but got: com.seibel.distanthorizons.common.wrappers.worldGeneration.mimicObject.DhLitWorldGenRegion_forge
[31Jul2026 16:04:57.455] [DH-World Gen Thread[0]/ERROR] [bettercaves/]: Liquid regions will not be generated for this chunk. This may be fatal!
[31Jul2026 16:04:57.463] [DH-World Gen Thread[0]/ERROR] [bettercaves/]: Better Caves expected a ServerLevel, but got: com.seibel.distanthorizons.common.wrappers.worldGeneration.mimicObject.DhLitWorldGenRegion_forge
[31Jul2026 16:04:57.463] [DH-World Gen Thread[0]/ERROR] [bettercaves/]: Liquid regions will not be generated for this chunk. This may be fatal!
[31Jul2026 16:04:57.464] [DH-World Gen Thread[0]/ERROR] [bettercaves/]: Better Caves expected a ServerLevel, but got: com.seibel.distanthorizons.common.wrappers.worldGeneration.mimicObject.DhLitWorldGenRegion_forge
[31Jul2026 16:04:57.464] [DH-World Gen Thread[0]/ERROR] [bettercaves/]: Liquid regions will not be generated for this chunk. This may be fatal!
[31Jul2026 16:04:57.464] [DH-World Gen Thread[0]/ERROR] [bettercaves/]: Better Caves expected a ServerLevel, but got: com.seibel.distanthorizons.common.wrappers.worldGeneration.mimicObject.DhLitWorldGenRegion_forge
[31Jul2026 16:04:57.464] [DH-World Gen Thread[0]/ERROR] [bettercaves/]: Liquid regions will not be generated for this chunk. This may be fatal!
[31Jul2026 16:04:57.464] [DH-World Gen Thread[0]/ERROR] [bettercaves/]: Better Caves expected a ServerLevel, but got: com.seibel.distanthorizons.common.wrappers.worldGeneration.mimicObject.DhLitWorldGenRegion_forge
[31Jul2026 16:04:57.464] [DH-World Gen Thread[0]/ERROR] [bettercaves/]: Liquid regions will not be generated for this chunk. This may be fatal!
[31Jul2026 16:04:57.464] [DH-World Gen Thread[0]/ERROR] [bettercaves/]: Better Caves expected a ServerLevel, but got: com.seibel.distanthorizons.common.wrappers.worldGeneration.mimicObject.DhLitWorldGenRegion_forge
[31Jul2026 16:04:57.464] [DH-World Gen Thread[0]/ERROR] [bettercaves/]: Liquid regions will not be generated for this chunk. This may be fatal!
[31Jul2026 16:04:57.464] [DH-World Gen Thread[4]/ERROR] [bettercaves/]: Better Caves expected a ServerLevel, but got: com.seibel.distanthorizons.common.wrappers.worldGeneration.mimicObject.DhLitWorldGenRegion_forge
[31Jul2026 16:04:57.467] [DH-World Gen Thread[4]/ERROR] [bettercaves/]: Liquid regions will not be generated for this chunk. This may be fatal!
[31Jul2026 16:04:57.479] [DH-World Gen Thread[4]/ERROR] [bettercaves/]: Better Caves expected a ServerLevel, but got: com.seibel.distanthorizons.common.wrappers.worldGeneration.mimicObject.DhLitWorldGenRegion_forge
[31Jul2026 16:04:57.487] [DH-World Gen Thread[4]/ERROR] [bettercaves/]: Liquid regions will not be generated for this chunk. This may be fatal!
[31Jul2026 16:04:57.498] [DH-World Gen Thread[4]/ERROR] [bettercaves/]: Better Caves expected a ServerLevel, but got: com.seibel.distanthorizons.common.wrappers.worldGeneration.mimicObject.DhLitWorldGenRegion_forge
[31Jul2026 16:04:57.506] [DH-World Gen Thread[4]/ERROR] [bettercaves/]: Liquid regions will not be generated for this chunk. This may be fatal!
[31Jul2026 16:04:57.527] [DH-World Gen Thread[4]/ERROR] [bettercaves/]: Better Caves expected a ServerLevel, but got: com.seibel.distanthorizons.common.wrappers.worldGeneration.mimicObject.DhLitWorldGenRegion_forge
[31Jul2026 16:04:57.532] [DH-World Gen Thread[4]/ERROR] [bettercaves/]: Liquid regions will not be generated for this chunk. This may be fatal!
[31Jul2026 16:04:57.532] [DH-World Gen Thread[4]/ERROR] [bettercaves/]: Better Caves expected a ServerLevel, but got: com.seibel.distanthorizons.common.wrappers.worldGeneration.mimicObject.DhLitWorldGenRegion_forge
[31Jul2026 16:04:57.532] [DH-World Gen Thread[4]/ERROR] [bettercaves/]: Liquid regions will not be generated for this chunk. This may be fatal!
[31Jul2026 16:04:57.533] [DH-World Gen Thread[4]/ERROR] [bettercaves/]: Better Caves expected a ServerLevel, but got: com.seibel.distanthorizons.common.wrappers.worldGeneration.mimicObject.DhLitWorldGenRegion_forge
[31Jul2026 16:04:57.533] [DH-World Gen Thread[4]/ERROR] [bettercaves/]: Liquid regions will not be generated for this chunk. This may be fatal!
[31Jul2026 16:04:57.650] [DH-World Gen Thread[2]/ERROR] [bettercaves/]: Better Caves expected a ServerLevel, but got: com.seibel.distanthorizons.common.wrappers.worldGeneration.mimicObject.DhLitWorldGenRegion_forge
[31Jul2026 16:04:57.667] [DH-World Gen Thread[2]/ERROR] [bettercaves/]: Liquid regions will not be generated for this chunk. This may be fatal!
[31Jul2026 16:04:57.750] [DH-World Gen Thread[2]/ERROR] [bettercaves/]: Better Caves expected a ServerLevel, but got: com.seibel.distanthorizons.common.wrappers.worldGeneration.mimicObject.DhLitWorldGenRegion_forge
[31Jul2026 16:04:57.751] [DH-World Gen Thread[2]/ERROR] [bettercaves/]: Liquid regions will not be generated for this chunk. This may be fatal!
[31Jul2026 16:04:57.754] [DH-World Gen Thread[2]/ERROR] [bettercaves/]: Better Caves expected a ServerLevel, but got: com.seibel.distanthorizons.common.wrappers.worldGeneration.mimicObject.DhLitWorldGenRegion_forge
[31Jul2026 16:04:57.754] [DH-World Gen Thread[2]/ERROR] [bettercaves/]: Liquid regions will not be generated for this chunk. This may be fatal!
[31Jul2026 16:04:57.786] [DH-World Gen Thread[2]/ERROR] [bettercaves/]: Better Caves expected a ServerLevel, but got: com.seibel.distanthorizons.common.wrappers.worldGeneration.mimicObject.DhLitWorldGenRegion_forge
[31Jul2026 16:04:57.812] [DH-World Gen Thread[2]/ERROR] [bettercaves/]: Liquid regions will not be generated for this chunk. This may be fatal!
[31Jul2026 16:04:57.818] [DH-World Gen Thread[2]/ERROR] [bettercaves/]: Better Caves expected a ServerLevel, but got: com.seibel.distanthorizons.common.wrappers.worldGeneration.mimicObject.DhLitWorldGenRegion_forge
[31Jul2026 16:04:57.818] [DH-World Gen Thread[2]/ERROR] [bettercaves/]: Liquid regions will not be generated for this chunk. This may be fatal!
[31Jul2026 16:04:57.819] [DH-World Gen Thread[2]/ERROR] [bettercaves/]: Better Caves expected a ServerLevel, but got: com.seibel.distanthorizons.common.wrappers.worldGeneration.mimicObject.DhLitWorldGenRegion_forge
[31Jul2026 16:04:57.819] [DH-World Gen Thread[2]/ERROR] [bettercaves/]: Liquid regions will not be generated for this chunk. This may be fatal!
[31Jul2026 16:04:57.820] [DH-World Gen Thread[2]/ERROR] [bettercaves/]: Better Caves expected a ServerLevel, but got: com.seibel.distanthorizons.common.wrappers.worldGeneration.mimicObject.DhLitWorldGenRegion_forge
[31Jul2026 16:04:57.820] [DH-World Gen Thread[2]/ERROR] [bettercaves/]: Liquid regions will not be generated for this chunk. This may be fatal!
[31Jul2026 16:04:57.821] [DH-World Gen Thread[3]/ERROR] [bettercaves/]: Better Caves expected a ServerLevel, but got: com.seibel.distanthorizons.common.wrappers.worldGeneration.mimicObject.DhLitWorldGenRegion_forge
[31Jul2026 16:04:57.822] [DH-World Gen Thread[3]/ERROR] [bettercaves/]: Liquid regions will not be generated for this chunk. This may be fatal!
[31Jul2026 16:04:57.822] [DH-World Gen Thread[3]/ERROR] [bettercaves/]: Better Caves expected a ServerLevel, but got: com.seibel.distanthorizons.common.wrappers.worldGeneration.mimicObject.DhLitWorldGenRegion_forge
[31Jul2026 16:04:57.823] [DH-World Gen Thread[3]/ERROR] [bettercaves/]: Liquid regions will not be generated for this chunk. This may be fatal!
[31Jul2026 16:04:57.827] [DH-World Gen Thread[3]/ERROR] [bettercaves/]: Better Caves expected a ServerLevel, but got: com.seibel.distanthorizons.common.wrappers.worldGeneration.mimicObject.DhLitWorldGenRegion_forge
[31Jul2026 16:04:57.829] [DH-World Gen Thread[3]/ERROR] [bettercaves/]: Liquid regions will not be generated for this chunk. This may be fatal!
[31Jul2026 16:04:57.830] [DH-World Gen Thread[3]/ERROR] [bettercaves/]: Better Caves expected a ServerLevel, but got: com.seibel.distanthorizons.common.wrappers.worldGeneration.mimicObject.DhLitWorldGenRegion_forge
[31Jul2026 16:04:57.830] [DH-World Gen Thread[3]/ERROR] [bettercaves/]: Liquid regions will not be generated for this chunk. This may be fatal!
[31Jul2026 16:04:57.830] [DH-World Gen Thread[3]/ERROR] [bettercaves/]: Better Caves expected a ServerLevel, but got: com.seibel.distanthorizons.common.wrappers.worldGeneration.mimicObject.DhLitWorldGenRegion_forge
[31Jul2026 16:04:57.830] [DH-World Gen Thread[3]/ERROR] [bettercaves/]: Liquid regions will not be generated for this chunk. This may be fatal!
[31Jul2026 16:04:57.830] [DH-World Gen Thread[3]/ERROR] [bettercaves/]: Better Caves expected a ServerLevel, but got: com.seibel.distanthorizons.common.wrappers.worldGeneration.mimicObject.DhLitWorldGenRegion_forge
[31Jul2026 16:04:57.830] [DH-World Gen Thread[3]/ERROR] [bettercaves/]: Liquid regions will not be generated for this chunk. This may be fatal!
[31Jul2026 16:04:57.830] [DH-World Gen Thread[3]/ERROR] [bettercaves/]: Better Caves expected a ServerLevel, but got: com.seibel.distanthorizons.common.wrappers.worldGeneration.mimicObject.DhLitWorldGenRegion_forge
[31Jul2026 16:04:57.830] [DH-World Gen Thread[3]/ERROR] [bettercaves/]: Liquid regions will not be generated for this chunk. This may be fatal!
[31Jul2026 16:04:57.831] [DH-World Gen Thread[3]/ERROR] [bettercaves/]: Better Caves expected a ServerLevel, but got: com.seibel.distanthorizons.common.wrappers.worldGeneration.mimicObject.DhLitWorldGenRegion_forge
[31Jul2026 16:04:57.831] [DH-World Gen Thread[3]/ERROR] [bettercaves/]: Liquid regions will not be generated for this chunk. This may be fatal!
[31Jul2026 16:04:57.831] [DH-World Gen Thread[3]/ERROR] [bettercaves/]: Better Caves expected a ServerLevel, but got: com.seibel.distanthorizons.common.wrappers.worldGeneration.mimicObject.DhLitWorldGenRegion_forge
[31Jul2026 16:04:57.831] [DH-World Gen Thread[3]/ERROR] [bettercaves/]: Liquid regions will not be generated for this chunk. This may be fatal!
[31Jul2026 16:04:57.831] [DH-World Gen Thread[2]/ERROR] [bettercaves/]: Better Caves expected a ServerLevel, but got: com.seibel.distanthorizons.common.wrappers.worldGeneration.mimicObject.DhLitWorldGenRegion_forge
[31Jul2026 16:04:57.843] [DH-World Gen Thread[2]/ERROR] [bettercaves/]: Liquid regions will not be generated for this chunk. This may be fatal!
[31Jul2026 16:04:57.852] [DH-World Gen Thread[2]/ERROR] [bettercaves/]: Better Caves expected a ServerLevel, but got: com.seibel.distanthorizons.common.wrappers.worldGeneration.mimicObject.DhLitWorldGenRegion_forge
[31Jul2026 16:04:57.856] [DH-World Gen Thread[2]/ERROR] [bettercaves/]: Liquid regions will not be generated for this chunk. This may be fatal!
[31Jul2026 16:04:58.913] [DH-World Gen Thread[4]/ERROR] [bettercaves/]: Better Caves expected a ServerLevel, but got: com.seibel.distanthorizons.common.wrappers.worldGeneration.mimicObject.DhLitWorldGenRegion_forge
[31Jul2026 16:04:58.913] [DH-World Gen Thread[4]/ERROR] [bettercaves/]: Liquid regions will not be generated for this chunk. This may be fatal!
[31Jul2026 16:04:58.914] [DH-World Gen Thread[4]/ERROR] [bettercaves/]: Better Caves expected a ServerLevel, but got: com.seibel.distanthorizons.common.wrappers.worldGeneration.mimicObject.DhLitWorldGenRegion_forge
[31Jul2026 16:04:58.919] [DH-World Gen Thread[4]/ERROR] [bettercaves/]: Liquid regions will not be generated for this chunk. This may be fatal!
[31Jul2026 16:04:58.925] [DH-World Gen Thread[4]/ERROR] [bettercaves/]: Better Caves expected a ServerLevel, but got: com.seibel.distanthorizons.common.wrappers.worldGeneration.mimicObject.DhLitWorldGenRegion_forge
[31Jul2026 16:04:58.931] [DH-World Gen Thread[4]/ERROR] [bettercaves/]: Liquid regions will not be generated for this chunk. This may be fatal!
[31Jul2026 16:04:59.030] [DH-World Gen Thread[1]/ERROR] [bettercaves/]: Better Caves expected a ServerLevel, but got: com.seibel.distanthorizons.common.wrappers.worldGeneration.mimicObject.DhLitWorldGenRegion_forge
[31Jul2026 16:04:59.056] [DH-World Gen Thread[1]/ERROR] [bettercaves/]: Liquid regions will not be generated for this chunk. This may be fatal!
[31Jul2026 16:04:59.062] [DH-World Gen Thread[1]/ERROR] [bettercaves/]: Better Caves expected a ServerLevel, but got: com.seibel.distanthorizons.common.wrappers.worldGeneration.mimicObject.DhLitWorldGenRegion_forge
[31Jul2026 16:04:59.091] [DH-World Gen Thread[1]/ERROR] [bettercaves/]: Liquid regions will not be generated for this chunk. This may be fatal!
[31Jul2026 16:04:59.154] [DH-World Gen Thread[1]/ERROR] [bettercaves/]: Better Caves expected a ServerLevel, but got: com.seibel.distanthorizons.common.wrappers.worldGeneration.mimicObject.DhLitWorldGenRegion_forge
[31Jul2026 16:04:59.164] [DH-World Gen Thread[1]/ERROR] [bettercaves/]: Liquid regions will not be generated for this chunk. This may be fatal!
[31Jul2026 16:04:59.732] [DH-World Gen Thread[2]/ERROR] [bettercaves/]: Better Caves expected a ServerLevel, but got: com.seibel.distanthorizons.common.wrappers.worldGeneration.mimicObject.DhLitWorldGenRegion_forge
[31Jul2026 16:04:59.780] [DH-World Gen Thread[2]/ERROR] [bettercaves/]: Liquid regions will not be generated for this chunk. This may be fatal!
[31Jul2026 16:04:59.852] [DH-World Gen Thread[2]/ERROR] [bettercaves/]: Better Caves expected a ServerLevel, but got: com.seibel.distanthorizons.common.wrappers.worldGeneration.mimicObject.DhLitWorldGenRegion_forge
[31Jul2026 16:04:59.888] [DH-World Gen Thread[2]/ERROR] [bettercaves/]: Liquid regions will not be generated for this chunk. This may be fatal!
[31Jul2026 16:04:59.918] [DH-World Gen Thread[2]/ERROR] [bettercaves/]: Better Caves expected a ServerLevel, but got: com.seibel.distanthorizons.common.wrappers.worldGeneration.mimicObject.DhLitWorldGenRegion_forge
[31Jul2026 16:04:59.959] [DH-World Gen Thread[2]/ERROR] [bettercaves/]: Liquid regions will not be generated for this chunk. This may be fatal!
[31Jul2026 16:04:59.968] [DH-World Gen Thread[4]/ERROR] [bettercaves/]: Better Caves expected a ServerLevel, but got: com.seibel.distanthorizons.common.wrappers.worldGeneration.mimicObject.DhLitWorldGenRegion_forge
[31Jul2026 16:04:59.973] [DH-World Gen Thread[4]/ERROR] [bettercaves/]: Liquid regions will not be generated for this chunk. This may be fatal!
[31Jul2026 16:04:59.982] [DH-World Gen Thread[1]/ERROR] [bettercaves/]: Better Caves expected a ServerLevel, but got: com.seibel.distanthorizons.common.wrappers.worldGeneration.mimicObject.DhLitWorldGenRegion_forge
[31Jul2026 16:04:59.999] [DH-World Gen Thread[1]/ERROR] [bettercaves/]: Liquid regions will not be generated for this chunk. This may be fatal!
[31Jul2026 16:05:00.006] [DH-World Gen Thread[1]/ERROR] [bettercaves/]: Better Caves expected a ServerLevel, but got: com.seibel.distanthorizons.common.wrappers.worldGeneration.mimicObject.DhLitWorldGenRegion_forge
[31Jul2026 16:05:00.007] [DH-World Gen Thread[1]/ERROR] [bettercaves/]: Liquid regions will not be generated for this chunk. This may be fatal!
[31Jul2026 16:05:00.009] [DH-World Gen Thread[1]/ERROR] [bettercaves/]: Better Caves expected a ServerLevel, but got: com.seibel.distanthorizons.common.wrappers.worldGeneration.mimicObject.DhLitWorldGenRegion_forge
[31Jul2026 16:05:00.009] [DH-World Gen Thread[1]/ERROR] [bettercaves/]: Liquid regions will not be generated for this chunk. This may be fatal!
[31Jul2026 16:05:00.013] [DH-World Gen Thread[4]/ERROR] [bettercaves/]: Better Caves expected a ServerLevel, but got: com.seibel.distanthorizons.common.wrappers.worldGeneration.mimicObject.DhLitWorldGenRegion_forge
[31Jul2026 16:05:00.013] [DH-World Gen Thread[4]/ERROR] [bettercaves/]: Liquid regions will not be generated for this chunk. This may be fatal!
[31Jul2026 16:05:00.013] [DH-World Gen Thread[4]/ERROR] [bettercaves/]: Better Caves expected a ServerLevel, but got: com.seibel.distanthorizons.common.wrappers.worldGeneration.mimicObject.DhLitWorldGenRegion_forge
[31Jul2026 16:05:00.014] [DH-World Gen Thread[4]/ERROR] [bettercaves/]: Liquid regions will not be generated for this chunk. This may be fatal!
[31Jul2026 16:05:00.015] [DH-World Gen Thread[5]/ERROR] [bettercaves/]: Better Caves expected a ServerLevel, but got: com.seibel.distanthorizons.common.wrappers.worldGeneration.mimicObject.DhLitWorldGenRegion_forge
[31Jul2026 16:05:00.022] [DH-World Gen Thread[5]/ERROR] [bettercaves/]: Liquid regions will not be generated for this chunk. This may be fatal!
[31Jul2026 16:05:00.123] [DH-World Gen Thread[5]/ERROR] [bettercaves/]: Better Caves expected a ServerLevel, but got: com.seibel.distanthorizons.common.wrappers.worldGeneration.mimicObject.DhLitWorldGenRegion_forge
[31Jul2026 16:05:00.125] [DH-World Gen Thread[5]/ERROR] [bettercaves/]: Liquid regions will not be generated for this chunk. This may be fatal!
[31Jul2026 16:05:00.133] [DH-World Gen Thread[5]/ERROR] [bettercaves/]: Better Caves expected a ServerLevel, but got: com.seibel.distanthorizons.common.wrappers.worldGeneration.mimicObject.DhLitWorldGenRegion_forge
[31Jul2026 16:05:00.144] [DH-World Gen Thread[5]/ERROR] [bettercaves/]: Liquid regions will not be generated for this chunk. This may be fatal!
[31Jul2026 16:05:00.144] [DH-World Gen Thread[0]/ERROR] [bettercaves/]: Better Caves expected a ServerLevel, but got: com.seibel.distanthorizons.common.wrappers.worldGeneration.mimicObject.DhLitWorldGenRegion_forge
[31Jul2026 16:05:00.150] [DH-World Gen Thread[0]/ERROR] [bettercaves/]: Liquid regions will not be generated for this chunk. This may be fatal!
[31Jul2026 16:05:00.150] [DH-World Gen Thread[0]/ERROR] [bettercaves/]: Better Caves expected a ServerLevel, but got: com.seibel.distanthorizons.common.wrappers.worldGeneration.mimicObject.DhLitWorldGenRegion_forge
[31Jul2026 16:05:00.150] [DH-World Gen Thread[0]/ERROR] [bettercaves/]: Liquid regions will not be generated for this chunk. This may be fatal!
[31Jul2026 16:05:00.150] [DH-World Gen Thread[0]/ERROR] [bettercaves/]: Better Caves expected a ServerLevel, but got: com.seibel.distanthorizons.common.wrappers.worldGeneration.mimicObject.DhLitWorldGenRegion_forge
[31Jul2026 16:05:00.151] [DH-World Gen Thread[0]/ERROR] [bettercaves/]: Liquid regions will not be generated for this chunk. This may be fatal!
[31Jul2026 16:05:00.813] [DH-World Gen Thread[2]/ERROR] [bettercaves/]: Better Caves expected a ServerLevel, but got: com.seibel.distanthorizons.common.wrappers.worldGeneration.mimicObject.DhLitWorldGenRegion_forge
[31Jul2026 16:05:00.830] [DH-World Gen Thread[2]/ERROR] [bettercaves/]: Liquid regions will not be generated for this chunk. This may be fatal!
[31Jul2026 16:05:00.839] [DH-World Gen Thread[2]/ERROR] [bettercaves/]: Better Caves expected a ServerLevel, but got: com.seibel.distanthorizons.common.wrappers.worldGeneration.mimicObject.DhLitWorldGenRegion_forge
[31Jul2026 16:05:00.849] [DH-World Gen Thread[2]/ERROR] [bettercaves/]: Liquid regions will not be generated for this chunk. This may be fatal!
[31Jul2026 16:05:00.865] [DH-World Gen Thread[2]/ERROR] [bettercaves/]: Better Caves expected a ServerLevel, but got: com.seibel.distanthorizons.common.wrappers.worldGeneration.mimicObject.DhLitWorldGenRegion_forge
[31Jul2026 16:05:00.901] [DH-World Gen Thread[2]/ERROR] [bettercaves/]: Liquid regions will not be generated for this chunk. This may be fatal!
[31Jul2026 16:05:00.912] [DH-World Gen Thread[5]/ERROR] [bettercaves/]: Better Caves expected a ServerLevel, but got: com.seibel.distanthorizons.common.wrappers.worldGeneration.mimicObject.DhLitWorldGenRegion_forge
[31Jul2026 16:05:00.920] [DH-World Gen Thread[5]/ERROR] [bettercaves/]: Liquid regions will not be generated for this chunk. This may be fatal!
[31Jul2026 16:05:00.921] [DH-World Gen Thread[5]/ERROR] [bettercaves/]: Better Caves expected a ServerLevel, but got: com.seibel.distanthorizons.common.wrappers.worldGeneration.mimicObject.DhLitWorldGenRegion_forge
[31Jul2026 16:05:00.921] [DH-World Gen Thread[5]/ERROR] [bettercaves/]: Liquid regions will not be generated for this chunk. This may be fatal!
[31Jul2026 16:05:00.921] [DH-World Gen Thread[5]/ERROR] [bettercaves/]: Better Caves expected a ServerLevel, but got: com.seibel.distanthorizons.common.wrappers.worldGeneration.mimicObject.DhLitWorldGenRegion_forge
[31Jul2026 16:05:00.921] [DH-World Gen Thread[5]/ERROR] [bettercaves/]: Liquid regions will not be generated for this chunk. This may be fatal!
[31Jul2026 16:05:00.922] [DH-World Gen Thread[4]/ERROR] [bettercaves/]: Better Caves expected a ServerLevel, but got: com.seibel.distanthorizons.common.wrappers.worldGeneration.mimicObject.DhLitWorldGenRegion_forge
[31Jul2026 16:05:00.933] [DH-World Gen Thread[4]/ERROR] [bettercaves/]: Liquid regions will not be generated for this chunk. This may be fatal!
[31Jul2026 16:05:00.943] [DH-World Gen Thread[1]/ERROR] [bettercaves/]: Better Caves expected a ServerLevel, but got: com.seibel.distanthorizons.common.wrappers.worldGeneration.mimicObject.DhLitWorldGenRegion_forge
[31Jul2026 16:05:00.944] [DH-World Gen Thread[1]/ERROR] [bettercaves/]: Liquid regions will not be generated for this chunk. This may be fatal!
[31Jul2026 16:05:01.052] [DH-World Gen Thread[0]/ERROR] [bettercaves/]: Better Caves expected a ServerLevel, but got: com.seibel.distanthorizons.common.wrappers.worldGeneration.mimicObject.DhLitWorldGenRegion_forge
[31Jul2026 16:05:01.054] [DH-World Gen Thread[0]/ERROR] [bettercaves/]: Liquid regions will not be generated for this chunk. This may be fatal!
[31Jul2026 16:05:01.054] [DH-World Gen Thread[0]/ERROR] [bettercaves/]: Better Caves expected a ServerLevel, but got: com.seibel.distanthorizons.common.wrappers.worldGeneration.mimicObject.DhLitWorldGenRegion_forge
[31Jul2026 16:05:01.054] [DH-World Gen Thread[0]/ERROR] [bettercaves/]: Liquid regions will not be generated for this chunk. This may be fatal!
[31Jul2026 16:05:01.054] [DH-World Gen Thread[0]/ERROR] [bettercaves/]: Better Caves expected a ServerLevel, but got: com.seibel.distanthorizons.common.wrappers.worldGeneration.mimicObject.DhLitWorldGenRegion_forge
[31Jul2026 16:05:01.054] [DH-World Gen Thread[0]/ERROR] [bettercaves/]: Liquid regions will not be generated for this chunk. This may be fatal!
[31Jul2026 16:05:01.113] [DH-World Gen Thread[3]/ERROR] [bettercaves/]: Better Caves expected a ServerLevel, but got: com.seibel.distanthorizons.common.wrappers.worldGeneration.mimicObject.DhLitWorldGenRegion_forge
[31Jul2026 16:05:01.113] [DH-World Gen Thread[3]/ERROR] [bettercaves/]: Liquid regions will not be generated for this chunk. This may be fatal!
[31Jul2026 16:05:01.128] [DH-World Gen Thread[3]/ERROR] [bettercaves/]: Better Caves expected a ServerLevel, but got: com.seibel.distanthorizons.common.wrappers.worldGeneration.mimicObject.DhLitWorldGenRegion_forge
[31Jul2026 16:05:01.176] [DH-World Gen Thread[3]/ERROR] [bettercaves/]: Liquid regions will not be generated for this chunk. This may be fatal!
[31Jul2026 16:05:01.186] [DH-World Gen Thread[3]/ERROR] [bettercaves/]: Better Caves expected a ServerLevel, but got: com.seibel.distanthorizons.common.wrappers.worldGeneration.mimicObject.DhLitWorldGenRegion_forge
[31Jul2026 16:05:01.207] [DH-World Gen Thread[3]/ERROR] [bettercaves/]: Liquid regions will not be generated for this chunk. This may be fatal!
[31Jul2026 16:05:01.406] [DH-World Gen Thread[5]/ERROR] [bettercaves/]: Better Caves expected a ServerLevel, but got: com.seibel.distanthorizons.common.wrappers.worldGeneration.mimicObject.DhLitWorldGenRegion_forge
[31Jul2026 16:05:01.467] [DH-World Gen Thread[5]/ERROR] [bettercaves/]: Liquid regions will not be generated for this chunk. This may be fatal!
[31Jul2026 16:05:01.474] [DH-World Gen Thread[2]/ERROR] [bettercaves/]: Better Caves expected a ServerLevel, but got: com.seibel.distanthorizons.common.wrappers.worldGeneration.mimicObject.DhLitWorldGenRegion_forge
[31Jul2026 16:05:01.481] [DH-World Gen Thread[2]/ERROR] [bettercaves/]: Liquid regions will not be generated for this chunk. This may be fatal!
[31Jul2026 16:05:01.906] [DH-World Gen Thread[0]/ERROR] [bettercaves/]: Better Caves expected a ServerLevel, but got: com.seibel.distanthorizons.common.wrappers.worldGeneration.mimicObject.DhLitWorldGenRegion_forge
[31Jul2026 16:05:01.907] [DH-World Gen Thread[0]/ERROR] [bettercaves/]: Liquid regions will not be generated for this chunk. This may be fatal!
[31Jul2026 16:05:02.247] [DH-World Gen Thread[3]/ERROR] [bettercaves/]: Better Caves expected a ServerLevel, but got: com.seibel.distanthorizons.common.wrappers.worldGeneration.mimicObject.DhLitWorldGenRegion_forge
[31Jul2026 16:05:02.250] [DH-World Gen Thread[3]/ERROR] [bettercaves/]: Liquid regions will not be generated for this chunk. This may be fatal!
[31Jul2026 16:05:02.271] [DH-World Gen Thread[3]/ERROR] [bettercaves/]: Better Caves expected a ServerLevel, but got: com.seibel.distanthorizons.common.wrappers.worldGeneration.mimicObject.DhLitWorldGenRegion_forge
[31Jul2026 16:05:02.272] [DH-World Gen Thread[3]/ERROR] [bettercaves/]: Liquid regions will not be generated for this chunk. This may be fatal!
[31Jul2026 16:05:02.274] [DH-World Gen Thread[3]/ERROR] [bettercaves/]: Better Caves expected a ServerLevel, but got: com.seibel.distanthorizons.common.wrappers.worldGeneration.mimicObject.DhLitWorldGenRegion_forge
[31Jul2026 16:05:02.275] [DH-World Gen Thread[3]/ERROR] [bettercaves/]: Liquid regions will not be generated for this chunk. This may be fatal!
[31Jul2026 16:05:02.354] [Server thread/INFO] [net.minecraft.server.MinecraftServer/]: Culo_Pelu has made the advancement [Welcome To The Machine]
[31Jul2026 16:05:03.022] [DH-World Gen Thread[3]/ERROR] [bettercaves/]: Better Caves expected a ServerLevel, but got: com.seibel.distanthorizons.common.wrappers.worldGeneration.mimicObject.DhLitWorldGenRegion_forge
[31Jul2026 16:05:03.024] [DH-World Gen Thread[3]/ERROR] [bettercaves/]: Liquid regions will not be generated for this chunk. This may be fatal!
[31Jul2026 16:05:04.162] [DH-World Gen Thread[1]/ERROR] [bettercaves/]: Better Caves expected a ServerLevel, but got: com.seibel.distanthorizons.common.wrappers.worldGeneration.mimicObject.DhLitWorldGenRegion_forge
[31Jul2026 16:05:04.162] [DH-World Gen Thread[1]/ERROR] [bettercaves/]: Liquid regions will not be generated for this chunk. This may be fatal!
[31Jul2026 16:05:04.165] [DH-World Gen Thread[1]/ERROR] [bettercaves/]: Better Caves expected a ServerLevel, but got: com.seibel.distanthorizons.common.wrappers.worldGeneration.mimicObject.DhLitWorldGenRegion_forge
[31Jul2026 16:05:04.165] [DH-World Gen Thread[1]/ERROR] [bettercaves/]: Liquid regions will not be generated for this chunk. This may be fatal!
[31Jul2026 16:05:04.176] [DH-World Gen Thread[1]/ERROR] [bettercaves/]: Better Caves expected a ServerLevel, but got: com.seibel.distanthorizons.common.wrappers.worldGeneration.mimicObject.DhLitWorldGenRegion_forge
[31Jul2026 16:05:04.176] [DH-World Gen Thread[1]/ERROR] [bettercaves/]: Liquid regions will not be generated for this chunk. This may be fatal!
[31Jul2026 16:05:04.176] [DH-World Gen Thread[4]/ERROR] [bettercaves/]: Better Caves expected a ServerLevel, but got: com.seibel.distanthorizons.common.wrappers.worldGeneration.mimicObject.DhLitWorldGenRegion_forge
[31Jul2026 16:05:04.176] [DH-World Gen Thread[4]/ERROR] [bettercaves/]: Liquid regions will not be generated for this chunk. This may be fatal!
[31Jul2026 16:05:04.176] [DH-World Gen Thread[4]/ERROR] [bettercaves/]: Better Caves expected a ServerLevel, but got: com.seibel.distanthorizons.common.wrappers.worldGeneration.mimicObject.DhLitWorldGenRegion_forge
[31Jul2026 16:05:04.176] [DH-World Gen Thread[4]/ERROR] [bettercaves/]: Liquid regions will not be generated for this chunk. This may be fatal!
[31Jul2026 16:05:04.177] [DH-World Gen Thread[4]/ERROR] [bettercaves/]: Better Caves expected a ServerLevel, but got: com.seibel.distanthorizons.common.wrappers.worldGeneration.mimicObject.DhLitWorldGenRegion_forge
[31Jul2026 16:05:04.177] [DH-World Gen Thread[4]/ERROR] [bettercaves/]: Liquid regions will not be generated for this chunk. This may be fatal!
[31Jul2026 16:05:04.184] [DH-World Gen Thread[4]/ERROR] [bettercaves/]: Better Caves expected a ServerLevel, but got: com.seibel.distanthorizons.common.wrappers.worldGeneration.mimicObject.DhLitWorldGenRegion_forge
[31Jul2026 16:05:04.184] [DH-World Gen Thread[4]/ERROR] [bettercaves/]: Liquid regions will not be generated for this chunk. This may be fatal!
[31Jul2026 16:05:04.184] [DH-World Gen Thread[4]/ERROR] [bettercaves/]: Better Caves expected a ServerLevel, but got: com.seibel.distanthorizons.common.wrappers.worldGeneration.mimicObject.DhLitWorldGenRegion_forge
[31Jul2026 16:05:04.184] [DH-World Gen Thread[4]/ERROR] [bettercaves/]: Liquid regions will not be generated for this chunk. This may be fatal!
[31Jul2026 16:05:04.184] [DH-World Gen Thread[4]/ERROR] [bettercaves/]: Better Caves expected a ServerLevel, but got: com.seibel.distanthorizons.common.wrappers.worldGeneration.mimicObject.DhLitWorldGenRegion_forge
[31Jul2026 16:05:04.195] [DH-World Gen Thread[4]/ERROR] [bettercaves/]: Liquid regions will not be generated for this chunk. This may be fatal!
[31Jul2026 16:05:04.203] [DH-World Gen Thread[4]/ERROR] [bettercaves/]: Better Caves expected a ServerLevel, but got: com.seibel.distanthorizons.common.wrappers.worldGeneration.mimicObject.DhLitWorldGenRegion_forge
[31Jul2026 16:05:04.207] [DH-World Gen Thread[4]/ERROR] [bettercaves/]: Liquid regions will not be generated for this chunk. This may be fatal!
[31Jul2026 16:05:04.207] [DH-World Gen Thread[4]/ERROR] [bettercaves/]: Better Caves expected a ServerLevel, but got: com.seibel.distanthorizons.common.wrappers.worldGeneration.mimicObject.DhLitWorldGenRegion_forge
[31Jul2026 16:05:04.209] [DH-World Gen Thread[4]/ERROR] [bettercaves/]: Liquid regions will not be generated for this chunk. This may be fatal!
[31Jul2026 16:05:04.209] [DH-World Gen Thread[4]/ERROR] [bettercaves/]: Better Caves expected a ServerLevel, but got: com.seibel.distanthorizons.common.wrappers.worldGeneration.mimicObject.DhLitWorldGenRegion_forge
[31Jul2026 16:05:04.209] [DH-World Gen Thread[4]/ERROR] [bettercaves/]: Liquid regions will not be generated for this chunk. This may be fatal!
[31Jul2026 16:05:04.209] [DH-World Gen Thread[1]/ERROR] [bettercaves/]: Better Caves expected a ServerLevel, but got: com.seibel.distanthorizons.common.wrappers.worldGeneration.mimicObject.DhLitWorldGenRegion_forge
[31Jul2026 16:05:04.209] [DH-World Gen Thread[1]/ERROR] [bettercaves/]: Liquid regions will not be generated for this chunk. This may be fatal!
[31Jul2026 16:05:04.209] [DH-World Gen Thread[1]/ERROR] [bettercaves/]: Better Caves expected a ServerLevel, but got: com.seibel.distanthorizons.common.wrappers.worldGeneration.mimicObject.DhLitWorldGenRegion_forge
[31Jul2026 16:05:04.209] [DH-World Gen Thread[1]/ERROR] [bettercaves/]: Liquid regions will not be generated for this chunk. This may be fatal!
[31Jul2026 16:05:04.213] [DH-World Gen Thread[5]/ERROR] [bettercaves/]: Better Caves expected a ServerLevel, but got: com.seibel.distanthorizons.common.wrappers.worldGeneration.mimicObject.DhLitWorldGenRegion_forge
[31Jul2026 16:05:04.213] [DH-World Gen Thread[5]/ERROR] [bettercaves/]: Liquid regions will not be generated for this chunk. This may be fatal!
[31Jul2026 16:05:04.214] [DH-World Gen Thread[5]/ERROR] [bettercaves/]: Better Caves expected a ServerLevel, but got: com.seibel.distanthorizons.common.wrappers.worldGeneration.mimicObject.DhLitWorldGenRegion_forge
[31Jul2026 16:05:04.214] [DH-World Gen Thread[5]/ERROR] [bettercaves/]: Liquid regions will not be generated for this chunk. This may be fatal!
[31Jul2026 16:05:04.214] [DH-World Gen Thread[5]/ERROR] [bettercaves/]: Better Caves expected a ServerLevel, but got: com.seibel.distanthorizons.common.wrappers.worldGeneration.mimicObject.DhLitWorldGenRegion_forge
[31Jul2026 16:05:04.214] [DH-World Gen Thread[5]/ERROR] [bettercaves/]: Liquid regions will not be generated for this chunk. This may be fatal!
[31Jul2026 16:05:04.214] [DH-World Gen Thread[5]/ERROR] [bettercaves/]: Better Caves expected a ServerLevel, but got: com.seibel.distanthorizons.common.wrappers.worldGeneration.mimicObject.DhLitWorldGenRegion_forge
[31Jul2026 16:05:04.214] [DH-World Gen Thread[5]/ERROR] [bettercaves/]: Liquid regions will not be generated for this chunk. This may be fatal!
[31Jul2026 16:05:04.214] [DH-World Gen Thread[5]/ERROR] [bettercaves/]: Better Caves expected a ServerLevel, but got: com.seibel.distanthorizons.common.wrappers.worldGeneration.mimicObject.DhLitWorldGenRegion_forge
[31Jul2026 16:05:04.214] [DH-World Gen Thread[5]/ERROR] [bettercaves/]: Liquid regions will not be generated for this chunk. This may be fatal!
[31Jul2026 16:05:04.225] [DH-World Gen Thread[5]/ERROR] [bettercaves/]: Better Caves expected a ServerLevel, but got: com.seibel.distanthorizons.common.wrappers.worldGeneration.mimicObject.DhLitWorldGenRegion_forge
[31Jul2026 16:05:04.225] [DH-World Gen Thread[5]/ERROR] [bettercaves/]: Liquid regions will not be generated for this chunk. This may be fatal!
[31Jul2026 16:05:04.225] [DH-World Gen Thread[5]/ERROR] [bettercaves/]: Better Caves expected a ServerLevel, but got: com.seibel.distanthorizons.common.wrappers.worldGeneration.mimicObject.DhLitWorldGenRegion_forge
[31Jul2026 16:05:04.225] [DH-World Gen Thread[5]/ERROR] [bettercaves/]: Liquid regions will not be generated for this chunk. This may be fatal!
[31Jul2026 16:05:04.225] [DH-World Gen Thread[5]/ERROR] [bettercaves/]: Better Caves expected a ServerLevel, but got: com.seibel.distanthorizons.common.wrappers.worldGeneration.mimicObject.DhLitWorldGenRegion_forge
[31Jul2026 16:05:04.225] [DH-World Gen Thread[5]/ERROR] [bettercaves/]: Liquid regions will not be generated for this chunk. This may be fatal!
[31Jul2026 16:05:04.225] [DH-World Gen Thread[5]/ERROR] [bettercaves/]: Better Caves expected a ServerLevel, but got: com.seibel.distanthorizons.common.wrappers.worldGeneration.mimicObject.DhLitWorldGenRegion_forge
[31Jul2026 16:05:04.225] [DH-World Gen Thread[5]/ERROR] [bettercaves/]: Liquid regions will not be generated for this chunk. This may be fatal!
[31Jul2026 16:05:04.225] [DH-World Gen Thread[1]/ERROR] [bettercaves/]: Better Caves expected a ServerLevel, but got: com.seibel.distanthorizons.common.wrappers.worldGeneration.mimicObject.DhLitWorldGenRegion_forge
[31Jul2026 16:05:04.226] [DH-World Gen Thread[1]/ERROR] [bettercaves/]: Liquid regions will not be generated for this chunk. This may be fatal!
[31Jul2026 16:05:04.226] [DH-World Gen Thread[1]/ERROR] [bettercaves/]: Better Caves expected a ServerLevel, but got: com.seibel.distanthorizons.common.wrappers.worldGeneration.mimicObject.DhLitWorldGenRegion_forge
[31Jul2026 16:05:04.226] [DH-World Gen Thread[1]/ERROR] [bettercaves/]: Liquid regions will not be generated for this chunk. This may be fatal!
[31Jul2026 16:05:04.226] [DH-World Gen Thread[1]/ERROR] [bettercaves/]: Better Caves expected a ServerLevel, but got: com.seibel.distanthorizons.common.wrappers.worldGeneration.mimicObject.DhLitWorldGenRegion_forge
[31Jul2026 16:05:04.226] [DH-World Gen Thread[1]/ERROR] [bettercaves/]: Liquid regions will not be generated for this chunk. This may be fatal!
[31Jul2026 16:05:04.226] [DH-World Gen Thread[1]/ERROR] [bettercaves/]: Better Caves expected a ServerLevel, but got: com.seibel.distanthorizons.common.wrappers.worldGeneration.mimicObject.DhLitWorldGenRegion_forge
[31Jul2026 16:05:04.226] [DH-World Gen Thread[1]/ERROR] [bettercaves/]: Liquid regions will not be generated for this chunk. This may be fatal!
[31Jul2026 16:05:04.311] [DH-World Gen Thread[2]/ERROR] [bettercaves/]: Better Caves expected a ServerLevel, but got: com.seibel.distanthorizons.common.wrappers.worldGeneration.mimicObject.DhLitWorldGenRegion_forge
[31Jul2026 16:05:04.413] [DH-World Gen Thread[2]/ERROR] [bettercaves/]: Liquid regions will not be generated for this chunk. This may be fatal!
[31Jul2026 16:05:04.466] [DH-World Gen Thread[2]/ERROR] [bettercaves/]: Better Caves expected a ServerLevel, but got: com.seibel.distanthorizons.common.wrappers.worldGeneration.mimicObject.DhLitWorldGenRegion_forge
[31Jul2026 16:05:04.519] [DH-World Gen Thread[2]/ERROR] [bettercaves/]: Liquid regions will not be generated for this chunk. This may be fatal!
[31Jul2026 16:05:04.586] [DH-World Gen Thread[2]/ERROR] [bettercaves/]: Better Caves expected a ServerLevel, but got: com.seibel.distanthorizons.common.wrappers.worldGeneration.mimicObject.DhLitWorldGenRegion_forge
[31Jul2026 16:05:04.612] [DH-World Gen Thread[2]/ERROR] [bettercaves/]: Liquid regions will not be generated for this chunk. This may be fatal!
[31Jul2026 16:05:04.612] [DH-World Gen Thread[2]/ERROR] [bettercaves/]: Better Caves expected a ServerLevel, but got: com.seibel.distanthorizons.common.wrappers.worldGeneration.mimicObject.DhLitWorldGenRegion_forge
[31Jul2026 16:05:04.612] [DH-World Gen Thread[2]/ERROR] [bettercaves/]: Liquid regions will not be generated for this chunk. This may be fatal!
[31Jul2026 16:05:04.613] [DH-World Gen Thread[2]/ERROR] [bettercaves/]: Better Caves expected a ServerLevel, but got: com.seibel.distanthorizons.common.wrappers.worldGeneration.mimicObject.DhLitWorldGenRegion_forge
[31Jul2026 16:05:04.613] [DH-World Gen Thread[2]/ERROR] [bettercaves/]: Liquid regions will not be generated for this chunk. This may be fatal!
[31Jul2026 16:05:04.613] [DH-World Gen Thread[2]/ERROR] [bettercaves/]: Better Caves expected a ServerLevel, but got: com.seibel.distanthorizons.common.wrappers.worldGeneration.mimicObject.DhLitWorldGenRegion_forge
[31Jul2026 16:05:04.613] [DH-World Gen Thread[2]/ERROR] [bettercaves/]: Liquid regions will not be generated for this chunk. This may be fatal!
[31Jul2026 16:05:04.613] [DH-World Gen Thread[2]/ERROR] [bettercaves/]: Better Caves expected a ServerLevel, but got: com.seibel.distanthorizons.common.wrappers.worldGeneration.mimicObject.DhLitWorldGenRegion_forge
[31Jul2026 16:05:04.613] [DH-World Gen Thread[2]/ERROR] [bettercaves/]: Liquid regions will not be generated for this chunk. This may be fatal!
[31Jul2026 16:05:04.613] [DH-World Gen Thread[2]/ERROR] [bettercaves/]: Better Caves expected a ServerLevel, but got: com.seibel.distanthorizons.common.wrappers.worldGeneration.mimicObject.DhLitWorldGenRegion_forge
[31Jul2026 16:05:04.613] [DH-World Gen Thread[2]/ERROR] [bettercaves/]: Liquid regions will not be generated for this chunk. This may be fatal!
[31Jul2026 16:05:04.624] [DH-World Gen Thread[2]/ERROR] [bettercaves/]: Better Caves expected a ServerLevel, but got: com.seibel.distanthorizons.common.wrappers.worldGeneration.mimicObject.DhLitWorldGenRegion_forge
[31Jul2026 16:05:04.625] [DH-World Gen Thread[2]/ERROR] [bettercaves/]: Liquid regions will not be generated for this chunk. This may be fatal!
[31Jul2026 16:05:06.516] [DH-World Gen Thread[5]/ERROR] [bettercaves/]: Better Caves expected a ServerLevel, but got: com.seibel.distanthorizons.common.wrappers.worldGeneration.mimicObject.DhLitWorldGenRegion_forge
[31Jul2026 16:05:06.517] [DH-World Gen Thread[5]/ERROR] [bettercaves/]: Liquid regions will not be generated for this chunk. This may be fatal!
[31Jul2026 16:05:06.519] [DH-World Gen Thread[5]/ERROR] [bettercaves/]: Better Caves expected a ServerLevel, but got: com.seibel.distanthorizons.common.wrappers.worldGeneration.mimicObject.DhLitWorldGenRegion_forge
[31Jul2026 16:05:06.519] [DH-World Gen Thread[5]/ERROR] [bettercaves/]: Liquid regions will not be generated for this chunk. This may be fatal!
[31Jul2026 16:05:06.519] [DH-World Gen Thread[5]/ERROR] [bettercaves/]: Better Caves expected a ServerLevel, but got: com.seibel.distanthorizons.common.wrappers.worldGeneration.mimicObject.DhLitWorldGenRegion_forge
[31Jul2026 16:05:06.519] [DH-World Gen Thread[5]/ERROR] [bettercaves/]: Liquid regions will not be generated for this chunk. This may be fatal!
[31Jul2026 16:05:06.667] [DH-World Gen Thread[1]/ERROR] [bettercaves/]: Better Caves expected a ServerLevel, but got: com.seibel.distanthorizons.common.wrappers.worldGeneration.mimicObject.DhLitWorldGenRegion_forge
[31Jul2026 16:05:06.668] [DH-World Gen Thread[1]/ERROR] [bettercaves/]: Liquid regions will not be generated for this chunk. This may be fatal!
[31Jul2026 16:05:06.702] [DH-World Gen Thread[1]/ERROR] [bettercaves/]: Better Caves expected a ServerLevel, but got: com.seibel.distanthorizons.common.wrappers.worldGeneration.mimicObject.DhLitWorldGenRegion_forge
[31Jul2026 16:05:06.746] [DH-World Gen Thread[1]/ERROR] [bettercaves/]: Liquid regions will not be generated for this chunk. This may be fatal!
[31Jul2026 16:05:06.770] [DH-World Gen Thread[1]/ERROR] [bettercaves/]: Better Caves expected a ServerLevel, but got: com.seibel.distanthorizons.common.wrappers.worldGeneration.mimicObject.DhLitWorldGenRegion_forge
[31Jul2026 16:05:06.772] [DH-World Gen Thread[1]/ERROR] [bettercaves/]: Liquid regions will not be generated for this chunk. This may be fatal!
[31Jul2026 16:05:06.863] [DH-World Gen Thread[4]/ERROR] [bettercaves/]: Better Caves expected a ServerLevel, but got: com.seibel.distanthorizons.common.wrappers.worldGeneration.mimicObject.DhLitWorldGenRegion_forge
[31Jul2026 16:05:06.865] [DH-World Gen Thread[4]/ERROR] [bettercaves/]: Liquid regions will not be generated for this chunk. This may be fatal!
[31Jul2026 16:05:06.889] [DH-World Gen Thread[4]/ERROR] [bettercaves/]: Better Caves expected a ServerLevel, but got: com.seibel.distanthorizons.common.wrappers.worldGeneration.mimicObject.DhLitWorldGenRegion_forge
[31Jul2026 16:05:06.891] [DH-World Gen Thread[4]/ERROR] [bettercaves/]: Liquid regions will not be generated for this chunk. This may be fatal!
[31Jul2026 16:05:06.903] [DH-World Gen Thread[4]/ERROR] [bettercaves/]: Better Caves expected a ServerLevel, but got: com.seibel.distanthorizons.common.wrappers.worldGeneration.mimicObject.DhLitWorldGenRegion_forge
[31Jul2026 16:05:06.908] [DH-World Gen Thread[4]/ERROR] [bettercaves/]: Liquid regions will not be generated for this chunk. This may be fatal!
[31Jul2026 16:05:07.283] [DH-World Gen Thread[2]/ERROR] [bettercaves/]: Better Caves expected a ServerLevel, but got: com.seibel.distanthorizons.common.wrappers.worldGeneration.mimicObject.DhLitWorldGenRegion_forge
[31Jul2026 16:05:07.306] [DH-World Gen Thread[2]/ERROR] [bettercaves/]: Liquid regions will not be generated for this chunk. This may be fatal!
[31Jul2026 16:05:07.323] [DH-World Gen Thread[2]/ERROR] [bettercaves/]: Better Caves expected a ServerLevel, but got: com.seibel.distanthorizons.common.wrappers.worldGeneration.mimicObject.DhLitWorldGenRegion_forge
[31Jul2026 16:05:07.375] [DH-World Gen Thread[2]/ERROR] [bettercaves/]: Liquid regions will not be generated for this chunk. This may be fatal!
[31Jul2026 16:05:07.375] [DH-World Gen Thread[2]/ERROR] [bettercaves/]: Better Caves expected a ServerLevel, but got: com.seibel.distanthorizons.common.wrappers.worldGeneration.mimicObject.DhLitWorldGenRegion_forge
[31Jul2026 16:05:07.376] [DH-World Gen Thread[2]/ERROR] [bettercaves/]: Liquid regions will not be generated for this chunk. This may be fatal!
[31Jul2026 16:05:08.225] [DH-World Gen Thread[3]/ERROR] [bettercaves/]: Better Caves expected a ServerLevel, but got: com.seibel.distanthorizons.common.wrappers.worldGeneration.mimicObject.DhLitWorldGenRegion_forge
[31Jul2026 16:05:08.233] [DH-World Gen Thread[3]/ERROR] [bettercaves/]: Liquid regions will not be generated for this chunk. This may be fatal!
[31Jul2026 16:05:08.234] [DH-World Gen Thread[3]/ERROR] [bettercaves/]: Better Caves expected a ServerLevel, but got: com.seibel.distanthorizons.common.wrappers.worldGeneration.mimicObject.DhLitWorldGenRegion_forge
[31Jul2026 16:05:08.234] [DH-World Gen Thread[3]/ERROR] [bettercaves/]: Liquid regions will not be generated for this chunk. This may be fatal!
[31Jul2026 16:05:08.235] [DH-World Gen Thread[3]/ERROR] [bettercaves/]: Better Caves expected a ServerLevel, but got: com.seibel.distanthorizons.common.wrappers.worldGeneration.mimicObject.DhLitWorldGenRegion_forge
[31Jul2026 16:05:08.240] [DH-World Gen Thread[3]/ERROR] [bettercaves/]: Liquid regions will not be generated for this chunk. This may be fatal!
[31Jul2026 16:05:08.244] [DH-World Gen Thread[3]/ERROR] [bettercaves/]: Better Caves expected a ServerLevel, but got: com.seibel.distanthorizons.common.wrappers.worldGeneration.mimicObject.DhLitWorldGenRegion_forge
[31Jul2026 16:05:08.246] [DH-World Gen Thread[3]/ERROR] [bettercaves/]: Liquid regions will not be generated for this chunk. This may be fatal!
[31Jul2026 16:05:08.252] [DH-World Gen Thread[3]/ERROR] [bettercaves/]: Better Caves expected a ServerLevel, but got: com.seibel.distanthorizons.common.wrappers.worldGeneration.mimicObject.DhLitWorldGenRegion_forge
[31Jul2026 16:05:08.258] [DH-World Gen Thread[3]/ERROR] [bettercaves/]: Liquid regions will not be generated for this chunk. This may be fatal!
[31Jul2026 16:05:08.278] [DH-World Gen Thread[3]/ERROR] [bettercaves/]: Better Caves expected a ServerLevel, but got: com.seibel.distanthorizons.common.wrappers.worldGeneration.mimicObject.DhLitWorldGenRegion_forge
[31Jul2026 16:05:08.278] [DH-World Gen Thread[3]/ERROR] [bettercaves/]: Liquid regions will not be generated for this chunk. This may be fatal!
[31Jul2026 16:05:08.283] [DH-World Gen Thread[3]/ERROR] [bettercaves/]: Better Caves expected a ServerLevel, but got: com.seibel.distanthorizons.common.wrappers.worldGeneration.mimicObject.DhLitWorldGenRegion_forge
[31Jul2026 16:05:08.301] [DH-World Gen Thread[3]/ERROR] [bettercaves/]: Liquid regions will not be generated for this chunk. This may be fatal!
[31Jul2026 16:05:08.302] [DH-World Gen Thread[3]/ERROR] [bettercaves/]: Better Caves expected a ServerLevel, but got: com.seibel.distanthorizons.common.wrappers.worldGeneration.mimicObject.DhLitWorldGenRegion_forge
[31Jul2026 16:05:08.302] [DH-World Gen Thread[3]/ERROR] [bettercaves/]: Liquid regions will not be generated for this chunk. This may be fatal!
[31Jul2026 16:05:08.307] [DH-World Gen Thread[3]/ERROR] [bettercaves/]: Better Caves expected a ServerLevel, but got: com.seibel.distanthorizons.common.wrappers.worldGeneration.mimicObject.DhLitWorldGenRegion_forge
[31Jul2026 16:05:08.309] [DH-World Gen Thread[3]/ERROR] [bettercaves/]: Liquid regions will not be generated for this chunk. This may be fatal!
[31Jul2026 16:05:08.310] [DH-World Gen Thread[0]/ERROR] [bettercaves/]: Better Caves expected a ServerLevel, but got: com.seibel.distanthorizons.common.wrappers.worldGeneration.mimicObject.DhLitWorldGenRegion_forge
[31Jul2026 16:05:08.311] [DH-World Gen Thread[0]/ERROR] [bettercaves/]: Liquid regions will not be generated for this chunk. This may be fatal!
[31Jul2026 16:05:08.312] [DH-World Gen Thread[0]/ERROR] [bettercaves/]: Better Caves expected a ServerLevel, but got: com.seibel.distanthorizons.common.wrappers.worldGeneration.mimicObject.DhLitWorldGenRegion_forge
[31Jul2026 16:05:08.316] [DH-World Gen Thread[0]/ERROR] [bettercaves/]: Liquid regions will not be generated for this chunk. This may be fatal!
[31Jul2026 16:05:08.316] [DH-World Gen Thread[0]/ERROR] [bettercaves/]: Better Caves expected a ServerLevel, but got: com.seibel.distanthorizons.common.wrappers.worldGeneration.mimicObject.DhLitWorldGenRegion_forge
[31Jul2026 16:05:08.316] [DH-World Gen Thread[0]/ERROR] [bettercaves/]: Liquid regions will not be generated for this chunk. This may be fatal!
[31Jul2026 16:05:08.316] [DH-World Gen Thread[0]/ERROR] [bettercaves/]: Better Caves expected a ServerLevel, but got: com.seibel.distanthorizons.common.wrappers.worldGeneration.mimicObject.DhLitWorldGenRegion_forge
[31Jul2026 16:05:08.316] [DH-World Gen Thread[0]/ERROR] [bettercaves/]: Liquid regions will not be generated for this chunk. This may be fatal!
[31Jul2026 16:05:08.316] [DH-World Gen Thread[0]/ERROR] [bettercaves/]: Better Caves expected a ServerLevel, but got: com.seibel.distanthorizons.common.wrappers.worldGeneration.mimicObject.DhLitWorldGenRegion_forge
[31Jul2026 16:05:08.318] [DH-World Gen Thread[0]/ERROR] [bettercaves/]: Liquid regions will not be generated for this chunk. This may be fatal!
[31Jul2026 16:05:08.318] [DH-World Gen Thread[0]/ERROR] [bettercaves/]: Better Caves expected a ServerLevel, but got: com.seibel.distanthorizons.common.wrappers.worldGeneration.mimicObject.DhLitWorldGenRegion_forge
[31Jul2026 16:05:08.318] [DH-World Gen Thread[0]/ERROR] [bettercaves/]: Liquid regions will not be generated for this chunk. This may be fatal!
[31Jul2026 16:05:08.318] [DH-World Gen Thread[0]/ERROR] [bettercaves/]: Better Caves expected a ServerLevel, but got: com.seibel.distanthorizons.common.wrappers.worldGeneration.mimicObject.DhLitWorldGenRegion_forge
[31Jul2026 16:05:08.320] [DH-World Gen Thread[0]/ERROR] [bettercaves/]: Liquid regions will not be generated for this chunk. This may be fatal!
[31Jul2026 16:05:08.320] [DH-World Gen Thread[0]/ERROR] [bettercaves/]: Better Caves expected a ServerLevel, but got: com.seibel.distanthorizons.common.wrappers.worldGeneration.mimicObject.DhLitWorldGenRegion_forge
[31Jul2026 16:05:08.321] [DH-World Gen Thread[0]/ERROR] [bettercaves/]: Liquid regions will not be generated for this chunk. This may be fatal!
[31Jul2026 16:05:08.321] [DH-World Gen Thread[0]/ERROR] [bettercaves/]: Better Caves expected a ServerLevel, but got: com.seibel.distanthorizons.common.wrappers.worldGeneration.mimicObject.DhLitWorldGenRegion_forge
[31Jul2026 16:05:08.321] [DH-World Gen Thread[0]/ERROR] [bettercaves/]: Liquid regions will not be generated for this chunk. This may be fatal!
[31Jul2026 16:05:08.470] [DH-World Gen Thread[1]/ERROR] [bettercaves/]: Better Caves expected a ServerLevel, but got: com.seibel.distanthorizons.common.wrappers.worldGeneration.mimicObject.DhLitWorldGenRegion_forge
[31Jul2026 16:05:08.472] [DH-World Gen Thread[1]/ERROR] [bettercaves/]: Liquid regions will not be generated for this chunk. This may be fatal!
[31Jul2026 16:05:08.473] [DH-World Gen Thread[1]/ERROR] [bettercaves/]: Better Caves expected a ServerLevel, but got: com.seibel.distanthorizons.common.wrappers.worldGeneration.mimicObject.DhLitWorldGenRegion_forge
[31Jul2026 16:05:08.477] [DH-World Gen Thread[1]/ERROR] [bettercaves/]: Liquid regions will not be generated for this chunk. This may be fatal!
[31Jul2026 16:05:08.480] [DH-World Gen Thread[1]/ERROR] [bettercaves/]: Better Caves expected a ServerLevel, but got: com.seibel.distanthorizons.common.wrappers.worldGeneration.mimicObject.DhLitWorldGenRegion_forge
[31Jul2026 16:05:08.484] [DH-World Gen Thread[1]/ERROR] [bettercaves/]: Liquid regions will not be generated for this chunk. This may be fatal!
[31Jul2026 16:05:08.497] [DH-World Gen Thread[1]/ERROR] [bettercaves/]: Better Caves expected a ServerLevel, but got: com.seibel.distanthorizons.common.wrappers.worldGeneration.mimicObject.DhLitWorldGenRegion_forge
[31Jul2026 16:05:08.522] [DH-World Gen Thread[1]/ERROR] [bettercaves/]: Liquid regions will not be generated for this chunk. This may be fatal!
[31Jul2026 16:05:08.557] [DH-World Gen Thread[1]/ERROR] [bettercaves/]: Better Caves expected a ServerLevel, but got: com.seibel.distanthorizons.common.wrappers.worldGeneration.mimicObject.DhLitWorldGenRegion_forge
[31Jul2026 16:05:08.645] [DH-World Gen Thread[1]/ERROR] [bettercaves/]: Liquid regions will not be generated for this chunk. This may be fatal!
[31Jul2026 16:05:08.771] [DH-World Gen Thread[1]/ERROR] [bettercaves/]: Better Caves expected a ServerLevel, but got: com.seibel.distanthorizons.common.wrappers.worldGeneration.mimicObject.DhLitWorldGenRegion_forge
[31Jul2026 16:05:08.822] [DH-World Gen Thread[1]/ERROR] [bettercaves/]: Liquid regions will not be generated for this chunk. This may be fatal!
[31Jul2026 16:05:08.827] [DH-World Gen Thread[1]/ERROR] [bettercaves/]: Better Caves expected a ServerLevel, but got: com.seibel.distanthorizons.common.wrappers.worldGeneration.mimicObject.DhLitWorldGenRegion_forge
[31Jul2026 16:05:08.827] [DH-World Gen Thread[1]/ERROR] [bettercaves/]: Liquid regions will not be generated for this chunk. This may be fatal!
[31Jul2026 16:05:09.491] [DH-World Gen Thread[2]/ERROR] [bettercaves/]: Better Caves expected a ServerLevel, but got: com.seibel.distanthorizons.common.wrappers.worldGeneration.mimicObject.DhLitWorldGenRegion_forge
[31Jul2026 16:05:09.495] [DH-World Gen Thread[2]/ERROR] [bettercaves/]: Liquid regions will not be generated for this chunk. This may be fatal!
[31Jul2026 16:05:09.501] [DH-World Gen Thread[2]/ERROR] [bettercaves/]: Better Caves expected a ServerLevel, but got: com.seibel.distanthorizons.common.wrappers.worldGeneration.mimicObject.DhLitWorldGenRegion_forge
[31Jul2026 16:05:09.501] [DH-World Gen Thread[2]/ERROR] [bettercaves/]: Liquid regions will not be generated for this chunk. This may be fatal!
[31Jul2026 16:05:09.502] [DH-World Gen Thread[2]/ERROR] [bettercaves/]: Better Caves expected a ServerLevel, but got: com.seibel.distanthorizons.common.wrappers.worldGeneration.mimicObject.DhLitWorldGenRegion_forge
[31Jul2026 16:05:09.503] [DH-World Gen Thread[2]/ERROR] [bettercaves/]: Liquid regions will not be generated for this chunk. This may be fatal!
[31Jul2026 16:05:09.503] [DH-World Gen Thread[2]/ERROR] [bettercaves/]: Better Caves expected a ServerLevel, but got: com.seibel.distanthorizons.common.wrappers.worldGeneration.mimicObject.DhLitWorldGenRegion_forge
[31Jul2026 16:05:09.508] [DH-World Gen Thread[2]/ERROR] [bettercaves/]: Liquid regions will not be generated for this chunk. This may be fatal!
[31Jul2026 16:05:09.510] [DH-World Gen Thread[2]/ERROR] [bettercaves/]: Better Caves expected a ServerLevel, but got: com.seibel.distanthorizons.common.wrappers.worldGeneration.mimicObject.DhLitWorldGenRegion_forge
[31Jul2026 16:05:09.517] [DH-World Gen Thread[2]/ERROR] [bettercaves/]: Liquid regions will not be generated for this chunk. This may be fatal!
[31Jul2026 16:05:09.522] [DH-World Gen Thread[2]/ERROR] [bettercaves/]: Better Caves expected a ServerLevel, but got: com.seibel.distanthorizons.common.wrappers.worldGeneration.mimicObject.DhLitWorldGenRegion_forge
[31Jul2026 16:05:09.522] [DH-World Gen Thread[2]/ERROR] [bettercaves/]: Liquid regions will not be generated for this chunk. This may be fatal!
[31Jul2026 16:05:09.534] [DH-World Gen Thread[2]/ERROR] [bettercaves/]: Better Caves expected a ServerLevel, but got: com.seibel.distanthorizons.common.wrappers.worldGeneration.mimicObject.DhLitWorldGenRegion_forge
[31Jul2026 16:05:09.540] [DH-World Gen Thread[2]/ERROR] [bettercaves/]: Liquid regions will not be generated for this chunk. This may be fatal!
[31Jul2026 16:05:09.546] [DH-World Gen Thread[4]/ERROR] [bettercaves/]: Better Caves expected a ServerLevel, but got: com.seibel.distanthorizons.common.wrappers.worldGeneration.mimicObject.DhLitWorldGenRegion_forge
[31Jul2026 16:05:09.547] [DH-World Gen Thread[4]/ERROR] [bettercaves/]: Liquid regions will not be generated for this chunk. This may be fatal!
[31Jul2026 16:05:09.560] [DH-World Gen Thread[4]/ERROR] [bettercaves/]: Better Caves expected a ServerLevel, but got: com.seibel.distanthorizons.common.wrappers.worldGeneration.mimicObject.DhLitWorldGenRegion_forge
[31Jul2026 16:05:09.565] [DH-World Gen Thread[4]/ERROR] [bettercaves/]: Liquid regions will not be generated for this chunk. This may be fatal!
[31Jul2026 16:05:09.565] [DH-World Gen Thread[4]/ERROR] [bettercaves/]: Better Caves expected a ServerLevel, but got: com.seibel.distanthorizons.common.wrappers.worldGeneration.mimicObject.DhLitWorldGenRegion_forge
[31Jul2026 16:05:09.565] [DH-World Gen Thread[4]/ERROR] [bettercaves/]: Liquid regions will not be generated for this chunk. This may be fatal!
[31Jul2026 16:05:09.566] [DH-World Gen Thread[4]/ERROR] [bettercaves/]: Better Caves expected a ServerLevel, but got: com.seibel.distanthorizons.common.wrappers.worldGeneration.mimicObject.DhLitWorldGenRegion_forge
[31Jul2026 16:05:09.566] [DH-World Gen Thread[4]/ERROR] [bettercaves/]: Liquid regions will not be generated for this chunk. This may be fatal!
[31Jul2026 16:05:09.567] [DH-World Gen Thread[4]/ERROR] [bettercaves/]: Better Caves expected a ServerLevel, but got: com.seibel.distanthorizons.common.wrappers.worldGeneration.mimicObject.DhLitWorldGenRegion_forge
[31Jul2026 16:05:09.574] [DH-World Gen Thread[4]/ERROR] [bettercaves/]: Liquid regions will not be generated for this chunk. This may be fatal!
[31Jul2026 16:05:09.576] [DH-World Gen Thread[4]/ERROR] [bettercaves/]: Better Caves expected a ServerLevel, but got: com.seibel.distanthorizons.common.wrappers.worldGeneration.mimicObject.DhLitWorldGenRegion_forge
[31Jul2026 16:05:09.577] [DH-World Gen Thread[4]/ERROR] [bettercaves/]: Liquid regions will not be generated for this chunk. This may be fatal!
[31Jul2026 16:05:09.579] [DH-World Gen Thread[4]/ERROR] [bettercaves/]: Better Caves expected a ServerLevel, but got: com.seibel.distanthorizons.common.wrappers.worldGeneration.mimicObject.DhLitWorldGenRegion_forge
[31Jul2026 16:05:09.579] [DH-World Gen Thread[4]/ERROR] [bettercaves/]: Liquid regions will not be generated for this chunk. This may be fatal!
[31Jul2026 16:05:09.580] [DH-World Gen Thread[4]/ERROR] [bettercaves/]: Better Caves expected a ServerLevel, but got: com.seibel.distanthorizons.common.wrappers.worldGeneration.mimicObject.DhLitWorldGenRegion_forge
[31Jul2026 16:05:09.583] [DH-World Gen Thread[4]/ERROR] [bettercaves/]: Liquid regions will not be generated for this chunk. This may be fatal!
[31Jul2026 16:05:09.583] [DH-World Gen Thread[4]/ERROR] [bettercaves/]: Better Caves expected a ServerLevel, but got: com.seibel.distanthorizons.common.wrappers.worldGeneration.mimicObject.DhLitWorldGenRegion_forge
[31Jul2026 16:05:09.583] [DH-World Gen Thread[4]/ERROR] [bettercaves/]: Liquid regions will not be generated for this chunk. This may be fatal!
[31Jul2026 16:05:09.584] [DH-World Gen Thread[2]/ERROR] [bettercaves/]: Better Caves expected a ServerLevel, but got: com.seibel.distanthorizons.common.wrappers.worldGeneration.mimicObject.DhLitWorldGenRegion_forge
[31Jul2026 16:05:09.608] [DH-World Gen Thread[2]/ERROR] [bettercaves/]: Liquid regions will not be generated for this chunk. This may be fatal!
[31Jul2026 16:05:09.615] [DH-World Gen Thread[2]/ERROR] [bettercaves/]: Better Caves expected a ServerLevel, but got: com.seibel.distanthorizons.common.wrappers.worldGeneration.mimicObject.DhLitWorldGenRegion_forge
[31Jul2026 16:05:09.622] [DH-World Gen Thread[2]/ERROR] [bettercaves/]: Liquid regions will not be generated for this chunk. This may be fatal!
[31Jul2026 16:05:10.030] [DH-World Gen Thread[1]/ERROR] [bettercaves/]: Better Caves expected a ServerLevel, but got: com.seibel.distanthorizons.common.wrappers.worldGeneration.mimicObject.DhLitWorldGenRegion_forge
[31Jul2026 16:05:10.030] [DH-World Gen Thread[1]/ERROR] [bettercaves/]: Liquid regions will not be generated for this chunk. This may be fatal!
[31Jul2026 16:05:10.032] [DH-World Gen Thread[1]/ERROR] [bettercaves/]: Better Caves expected a ServerLevel, but got: com.seibel.distanthorizons.common.wrappers.worldGeneration.mimicObject.DhLitWorldGenRegion_forge
[31Jul2026 16:05:10.033] [DH-World Gen Thread[1]/ERROR] [bettercaves/]: Liquid regions will not be generated for this chunk. This may be fatal!
[31Jul2026 16:05:10.033] [DH-World Gen Thread[1]/ERROR] [bettercaves/]: Better Caves expected a ServerLevel, but got: com.seibel.distanthorizons.common.wrappers.worldGeneration.mimicObject.DhLitWorldGenRegion_forge
[31Jul2026 16:05:10.033] [DH-World Gen Thread[1]/ERROR] [bettercaves/]: Liquid regions will not be generated for this chunk. This may be fatal!
[31Jul2026 16:05:10.530] [DH-World Gen Thread[1]/ERROR] [bettercaves/]: Better Caves expected a ServerLevel, but got: com.seibel.distanthorizons.common.wrappers.worldGeneration.mimicObject.DhLitWorldGenRegion_forge
[31Jul2026 16:05:10.532] [DH-World Gen Thread[1]/ERROR] [bettercaves/]: Liquid regions will not be generated for this chunk. This may be fatal!
[31Jul2026 16:05:10.534] [DH-World Gen Thread[1]/ERROR] [bettercaves/]: Better Caves expected a ServerLevel, but got: com.seibel.distanthorizons.common.wrappers.worldGeneration.mimicObject.DhLitWorldGenRegion_forge
[31Jul2026 16:05:10.546] [DH-World Gen Thread[1]/ERROR] [bettercaves/]: Liquid regions will not be generated for this chunk. This may be fatal!
[31Jul2026 16:05:10.571] [DH-World Gen Thread[1]/ERROR] [bettercaves/]: Better Caves expected a ServerLevel, but got: com.seibel.distanthorizons.common.wrappers.worldGeneration.mimicObject.DhLitWorldGenRegion_forge
[31Jul2026 16:05:10.591] [DH-World Gen Thread[1]/ERROR] [bettercaves/]: Liquid regions will not be generated for this chunk. This may be fatal!
[31Jul2026 16:05:10.603] [DH-World Gen Thread[0]/ERROR] [bettercaves/]: Better Caves expected a ServerLevel, but got: com.seibel.distanthorizons.common.wrappers.worldGeneration.mimicObject.DhLitWorldGenRegion_forge
[31Jul2026 16:05:10.606] [DH-World Gen Thread[0]/ERROR] [bettercaves/]: Liquid regions will not be generated for this chunk. This may be fatal!
[31Jul2026 16:05:10.606] [DH-World Gen Thread[0]/ERROR] [bettercaves/]: Better Caves expected a ServerLevel, but got: com.seibel.distanthorizons.common.wrappers.worldGeneration.mimicObject.DhLitWorldGenRegion_forge
[31Jul2026 16:05:10.606] [DH-World Gen Thread[0]/ERROR] [bettercaves/]: Liquid regions will not be generated for this chunk. This may be fatal!
[31Jul2026 16:05:10.616] [DH-World Gen Thread[0]/ERROR] [bettercaves/]: Better Caves expected a ServerLevel, but got: com.seibel.distanthorizons.common.wrappers.worldGeneration.mimicObject.DhLitWorldGenRegion_forge
[31Jul2026 16:05:10.626] [DH-World Gen Thread[0]/ERROR] [bettercaves/]: Liquid regions will not be generated for this chunk. This may be fatal!
[31Jul2026 16:05:11.369] [DH-World Gen Thread[1]/ERROR] [bettercaves/]: Better Caves expected a ServerLevel, but got: com.seibel.distanthorizons.common.wrappers.worldGeneration.mimicObject.DhLitWorldGenRegion_forge
[31Jul2026 16:05:11.384] [DH-World Gen Thread[1]/ERROR] [bettercaves/]: Liquid regions will not be generated for this chunk. This may be fatal!
[31Jul2026 16:05:11.570] [DH-World Gen Thread[4]/ERROR] [bettercaves/]: Better Caves expected a ServerLevel, but got: com.seibel.distanthorizons.common.wrappers.worldGeneration.mimicObject.DhLitWorldGenRegion_forge
[31Jul2026 16:05:11.654] [DH-World Gen Thread[4]/ERROR] [bettercaves/]: Liquid regions will not be generated for this chunk. This may be fatal!
[31Jul2026 16:05:11.668] [DH-World Gen Thread[4]/ERROR] [bettercaves/]: Better Caves expected a ServerLevel, but got: com.seibel.distanthorizons.common.wrappers.worldGeneration.mimicObject.DhLitWorldGenRegion_forge
[31Jul2026 16:05:11.676] [DH-World Gen Thread[4]/ERROR] [bettercaves/]: Liquid regions will not be generated for this chunk. This may be fatal!
[31Jul2026 16:05:11.706] [DH-World Gen Thread[4]/ERROR] [bettercaves/]: Better Caves expected a ServerLevel, but got: com.seibel.distanthorizons.common.wrappers.worldGeneration.mimicObject.DhLitWorldGenRegion_forge
[31Jul2026 16:05:11.712] [DH-World Gen Thread[4]/ERROR] [bettercaves/]: Liquid regions will not be generated for this chunk. This may be fatal!
[31Jul2026 16:05:11.749] [DH-World Gen Thread[2]/ERROR] [bettercaves/]: Better Caves expected a ServerLevel, but got: com.seibel.distanthorizons.common.wrappers.worldGeneration.mimicObject.DhLitWorldGenRegion_forge
[31Jul2026 16:05:11.756] [DH-World Gen Thread[2]/ERROR] [bettercaves/]: Liquid regions will not be generated for this chunk. This may be fatal!
[31Jul2026 16:05:11.766] [DH-World Gen Thread[2]/ERROR] [bettercaves/]: Better Caves expected a ServerLevel, but got: com.seibel.distanthorizons.common.wrappers.worldGeneration.mimicObject.DhLitWorldGenRegion_forge
[31Jul2026 16:05:11.784] [DH-World Gen Thread[2]/ERROR] [bettercaves/]: Liquid regions will not be generated for this chunk. This may be fatal!
[31Jul2026 16:05:11.807] [DH-World Gen Thread[2]/ERROR] [bettercaves/]: Better Caves expected a ServerLevel, but got: com.seibel.distanthorizons.common.wrappers.worldGeneration.mimicObject.DhLitWorldGenRegion_forge
[31Jul2026 16:05:11.809] [DH-World Gen Thread[2]/ERROR] [bettercaves/]: Liquid regions will not be generated for this chunk. This may be fatal!
[31Jul2026 16:05:11.817] [DH-World Gen Thread[3]/ERROR] [bettercaves/]: Better Caves expected a ServerLevel, but got: com.seibel.distanthorizons.common.wrappers.worldGeneration.mimicObject.DhLitWorldGenRegion_forge
[31Jul2026 16:05:11.825] [DH-World Gen Thread[3]/ERROR] [bettercaves/]: Liquid regions will not be generated for this chunk. This may be fatal!
[31Jul2026 16:05:12.085] [DH-World Gen Thread[3]/ERROR] [bettercaves/]: Better Caves expected a ServerLevel, but got: com.seibel.distanthorizons.common.wrappers.worldGeneration.mimicObject.DhLitWorldGenRegion_forge
[31Jul2026 16:05:12.272] [DH-World Gen Thread[3]/ERROR] [bettercaves/]: Liquid regions will not be generated for this chunk. This may be fatal!
[31Jul2026 16:05:12.277] [DH-World Gen Thread[3]/ERROR] [bettercaves/]: Better Caves expected a ServerLevel, but got: com.seibel.distanthorizons.common.wrappers.worldGeneration.mimicObject.DhLitWorldGenRegion_forge
[31Jul2026 16:05:12.304] [DH-World Gen Thread[3]/ERROR] [bettercaves/]: Liquid regions will not be generated for this chunk. This may be fatal!
[31Jul2026 16:05:12.380] [DH-World Gen Thread[4]/ERROR] [bettercaves/]: Better Caves expected a ServerLevel, but got: com.seibel.distanthorizons.common.wrappers.worldGeneration.mimicObject.DhLitWorldGenRegion_forge
[31Jul2026 16:05:12.447] [DH-World Gen Thread[4]/ERROR] [bettercaves/]: Liquid regions will not be generated for this chunk. This may be fatal!
[31Jul2026 16:05:12.468] [DH-World Gen Thread[4]/ERROR] [bettercaves/]: Better Caves expected a ServerLevel, but got: com.seibel.distanthorizons.common.wrappers.worldGeneration.mimicObject.DhLitWorldGenRegion_forge
[31Jul2026 16:05:12.560] [DH-World Gen Thread[4]/ERROR] [bettercaves/]: Liquid regions will not be generated for this chunk. This may be fatal!
[31Jul2026 16:05:12.641] [DH-World Gen Thread[2]/ERROR] [bettercaves/]: Better Caves expected a ServerLevel, but got: com.seibel.distanthorizons.common.wrappers.worldGeneration.mimicObject.DhLitWorldGenRegion_forge
[31Jul2026 16:05:12.645] [DH-World Gen Thread[2]/ERROR] [bettercaves/]: Liquid regions will not be generated for this chunk. This may be fatal!
[31Jul2026 16:05:12.649] [DH-World Gen Thread[2]/ERROR] [bettercaves/]: Better Caves expected a ServerLevel, but got: com.seibel.distanthorizons.common.wrappers.worldGeneration.mimicObject.DhLitWorldGenRegion_forge
[31Jul2026 16:05:12.649] [DH-World Gen Thread[2]/ERROR] [bettercaves/]: Liquid regions will not be generated for this chunk. This may be fatal!
[31Jul2026 16:05:12.649] [DH-World Gen Thread[2]/ERROR] [bettercaves/]: Better Caves expected a ServerLevel, but got: com.seibel.distanthorizons.common.wrappers.worldGeneration.mimicObject.DhLitWorldGenRegion_forge
[31Jul2026 16:05:12.649] [DH-World Gen Thread[2]/ERROR] [bettercaves/]: Liquid regions will not be generated for this chunk. This may be fatal!
[31Jul2026 16:05:12.651] [DH-World Gen Thread[4]/ERROR] [bettercaves/]: Better Caves expected a ServerLevel, but got: com.seibel.distanthorizons.common.wrappers.worldGeneration.mimicObject.DhLitWorldGenRegion_forge
[31Jul2026 16:05:12.661] [DH-World Gen Thread[4]/ERROR] [bettercaves/]: Liquid regions will not be generated for this chunk. This may be fatal!
[31Jul2026 16:05:13.204] [DH-World Gen Thread[2]/ERROR] [bettercaves/]: Better Caves expected a ServerLevel, but got: com.seibel.distanthorizons.common.wrappers.worldGeneration.mimicObject.DhLitWorldGenRegion_forge
[31Jul2026 16:05:13.211] [DH-World Gen Thread[2]/ERROR] [bettercaves/]: Liquid regions will not be generated for this chunk. This may be fatal!
[31Jul2026 16:05:13.371] [DH-World Gen Thread[3]/ERROR] [bettercaves/]: Better Caves expected a ServerLevel, but got: com.seibel.distanthorizons.common.wrappers.worldGeneration.mimicObject.DhLitWorldGenRegion_forge
[31Jul2026 16:05:13.372] [DH-World Gen Thread[3]/ERROR] [bettercaves/]: Liquid regions will not be generated for this chunk. This may be fatal!
[31Jul2026 16:05:13.374] [DH-World Gen Thread[3]/ERROR] [bettercaves/]: Better Caves expected a ServerLevel, but got: com.seibel.distanthorizons.common.wrappers.worldGeneration.mimicObject.DhLitWorldGenRegion_forge
[31Jul2026 16:05:13.374] [DH-World Gen Thread[3]/ERROR] [bettercaves/]: Liquid regions will not be generated for this chunk. This may be fatal!
[31Jul2026 16:05:13.534] [DH-World Gen Thread[4]/ERROR] [bettercaves/]: Better Caves expected a ServerLevel, but got: com.seibel.distanthorizons.common.wrappers.worldGeneration.mimicObject.DhLitWorldGenRegion_forge
[31Jul2026 16:05:13.570] [DH-World Gen Thread[4]/ERROR] [bettercaves/]: Liquid regions will not be generated for this chunk. This may be fatal!
[31Jul2026 16:05:13.921] [DH-World Gen Thread[3]/ERROR] [bettercaves/]: Better Caves expected a ServerLevel, but got: com.seibel.distanthorizons.common.wrappers.worldGeneration.mimicObject.DhLitWorldGenRegion_forge
[31Jul2026 16:05:13.930] [DH-World Gen Thread[3]/ERROR] [bettercaves/]: Liquid regions will not be generated for this chunk. This may be fatal!
[31Jul2026 16:05:13.937] [DH-World Gen Thread[5]/ERROR] [bettercaves/]: Better Caves expected a ServerLevel, but got: com.seibel.distanthorizons.common.wrappers.worldGeneration.mimicObject.DhLitWorldGenRegion_forge
[31Jul2026 16:05:13.940] [DH-World Gen Thread[5]/ERROR] [bettercaves/]: Liquid regions will not be generated for this chunk. This may be fatal!
[31Jul2026 16:05:13.941] [DH-World Gen Thread[5]/ERROR] [bettercaves/]: Better Caves expected a ServerLevel, but got: com.seibel.distanthorizons.common.wrappers.worldGeneration.mimicObject.DhLitWorldGenRegion_forge
[31Jul2026 16:05:13.941] [DH-World Gen Thread[5]/ERROR] [bettercaves/]: Liquid regions will not be generated for this chunk. This may be fatal!
[31Jul2026 16:05:13.941] [DH-World Gen Thread[5]/ERROR] [bettercaves/]: Better Caves expected a ServerLevel, but got: com.seibel.distanthorizons.common.wrappers.worldGeneration.mimicObject.DhLitWorldGenRegion_forge
[31Jul2026 16:05:13.941] [DH-World Gen Thread[5]/ERROR] [bettercaves/]: Liquid regions will not be generated for this chunk. This may be fatal!
[31Jul2026 16:05:13.941] [DH-World Gen Thread[5]/ERROR] [bettercaves/]: Better Caves expected a ServerLevel, but got: com.seibel.distanthorizons.common.wrappers.worldGeneration.mimicObject.DhLitWorldGenRegion_forge
[31Jul2026 16:05:13.941] [DH-World Gen Thread[5]/ERROR] [bettercaves/]: Liquid regions will not be generated for this chunk. This may be fatal!
[31Jul2026 16:05:13.949] [DH-World Gen Thread[5]/ERROR] [bettercaves/]: Better Caves expected a ServerLevel, but got: com.seibel.distanthorizons.common.wrappers.worldGeneration.mimicObject.DhLitWorldGenRegion_forge
[31Jul2026 16:05:13.949] [DH-World Gen Thread[5]/ERROR] [bettercaves/]: Liquid regions will not be generated for this chunk. This may be fatal!
[31Jul2026 16:05:13.974] [DH-World Gen Thread[5]/ERROR] [bettercaves/]: Better Caves expected a ServerLevel, but got: com.seibel.distanthorizons.common.wrappers.worldGeneration.mimicObject.DhLitWorldGenRegion_forge
[31Jul2026 16:05:13.975] [DH-World Gen Thread[5]/ERROR] [bettercaves/]: Liquid regions will not be generated for this chunk. This may be fatal!
[31Jul2026 16:05:13.975] [DH-World Gen Thread[5]/ERROR] [bettercaves/]: Better Caves expected a ServerLevel, but got: com.seibel.distanthorizons.common.wrappers.worldGeneration.mimicObject.DhLitWorldGenRegion_forge
[31Jul2026 16:05:13.975] [DH-World Gen Thread[5]/ERROR] [bettercaves/]: Liquid regions will not be generated for this chunk. This may be fatal!
[31Jul2026 16:05:13.975] [DH-World Gen Thread[5]/ERROR] [bettercaves/]: Better Caves expected a ServerLevel, but got: com.seibel.distanthorizons.common.wrappers.worldGeneration.mimicObject.DhLitWorldGenRegion_forge
[31Jul2026 16:05:13.975] [DH-World Gen Thread[5]/ERROR] [bettercaves/]: Liquid regions will not be generated for this chunk. This may be fatal!
[31Jul2026 16:05:13.975] [DH-World Gen Thread[5]/ERROR] [bettercaves/]: Better Caves expected a ServerLevel, but got: com.seibel.distanthorizons.common.wrappers.worldGeneration.mimicObject.DhLitWorldGenRegion_forge
[31Jul2026 16:05:13.976] [DH-World Gen Thread[5]/ERROR] [bettercaves/]: Liquid regions will not be generated for this chunk. This may be fatal!
[31Jul2026 16:05:14.071] [DH-World Gen Thread[1]/ERROR] [bettercaves/]: Better Caves expected a ServerLevel, but got: com.seibel.distanthorizons.common.wrappers.worldGeneration.mimicObject.DhLitWorldGenRegion_forge
[31Jul2026 16:05:14.084] [DH-World Gen Thread[1]/ERROR] [bettercaves/]: Liquid regions will not be generated for this chunk. This may be fatal!
[31Jul2026 16:05:14.110] [DH-World Gen Thread[1]/ERROR] [bettercaves/]: Better Caves expected a ServerLevel, but got: com.seibel.distanthorizons.common.wrappers.worldGeneration.mimicObject.DhLitWorldGenRegion_forge
[31Jul2026 16:05:14.121] [DH-World Gen Thread[1]/ERROR] [bettercaves/]: Liquid regions will not be generated for this chunk. This may be fatal!
[31Jul2026 16:05:14.131] [DH-World Gen Thread[1]/ERROR] [bettercaves/]: Better Caves expected a ServerLevel, but got: com.seibel.distanthorizons.common.wrappers.worldGeneration.mimicObject.DhLitWorldGenRegion_forge
[31Jul2026 16:05:14.153] [DH-World Gen Thread[1]/ERROR] [bettercaves/]: Liquid regions will not be generated for this chunk. This may be fatal!
[31Jul2026 16:05:14.160] [DH-World Gen Thread[1]/ERROR] [bettercaves/]: Better Caves expected a ServerLevel, but got: com.seibel.distanthorizons.common.wrappers.worldGeneration.mimicObject.DhLitWorldGenRegion_forge
[31Jul2026 16:05:14.183] [DH-World Gen Thread[1]/ERROR] [bettercaves/]: Liquid regions will not be generated for this chunk. This may be fatal!
[31Jul2026 16:05:14.227] [DH-World Gen Thread[1]/ERROR] [bettercaves/]: Better Caves expected a ServerLevel, but got: com.seibel.distanthorizons.common.wrappers.worldGeneration.mimicObject.DhLitWorldGenRegion_forge
[31Jul2026 16:05:14.271] [DH-World Gen Thread[1]/ERROR] [bettercaves/]: Liquid regions will not be generated for this chunk. This may be fatal!
[31Jul2026 16:05:14.311] [DH-World Gen Thread[1]/ERROR] [bettercaves/]: Better Caves expected a ServerLevel, but got: com.seibel.distanthorizons.common.wrappers.worldGeneration.mimicObject.DhLitWorldGenRegion_forge
[31Jul2026 16:05:14.316] [DH-World Gen Thread[1]/ERROR] [bettercaves/]: Liquid regions will not be generated for this chunk. This may be fatal!
[31Jul2026 16:05:14.334] [DH-World Gen Thread[1]/ERROR] [bettercaves/]: Better Caves expected a ServerLevel, but got: com.seibel.distanthorizons.common.wrappers.worldGeneration.mimicObject.DhLitWorldGenRegion_forge
[31Jul2026 16:05:14.341] [DH-World Gen Thread[1]/ERROR] [bettercaves/]: Liquid regions will not be generated for this chunk. This may be fatal!
[31Jul2026 16:05:14.371] [DH-World Gen Thread[1]/ERROR] [bettercaves/]: Better Caves expected a ServerLevel, but got: com.seibel.distanthorizons.common.wrappers.worldGeneration.mimicObject.DhLitWorldGenRegion_forge
[31Jul2026 16:05:14.373] [DH-World Gen Thread[1]/ERROR] [bettercaves/]: Liquid regions will not be generated for this chunk. This may be fatal!
[31Jul2026 16:05:14.385] [DH-World Gen Thread[1]/ERROR] [bettercaves/]: Better Caves expected a ServerLevel, but got: com.seibel.distanthorizons.common.wrappers.worldGeneration.mimicObject.DhLitWorldGenRegion_forge
[31Jul2026 16:05:14.395] [DH-World Gen Thread[1]/ERROR] [bettercaves/]: Liquid regions will not be generated for this chunk. This may be fatal!
[31Jul2026 16:05:14.560] [DH-World Gen Thread[0]/ERROR] [bettercaves/]: Better Caves expected a ServerLevel, but got: com.seibel.distanthorizons.common.wrappers.worldGeneration.mimicObject.DhLitWorldGenRegion_forge
[31Jul2026 16:05:14.561] [DH-World Gen Thread[0]/ERROR] [bettercaves/]: Liquid regions will not be generated for this chunk. This may be fatal!
[31Jul2026 16:05:14.561] [DH-World Gen Thread[0]/ERROR] [bettercaves/]: Better Caves expected a ServerLevel, but got: com.seibel.distanthorizons.common.wrappers.worldGeneration.mimicObject.DhLitWorldGenRegion_forge
[31Jul2026 16:05:14.561] [DH-World Gen Thread[0]/ERROR] [bettercaves/]: Liquid regions will not be generated for this chunk. This may be fatal!
[31Jul2026 16:05:14.561] [DH-World Gen Thread[0]/ERROR] [bettercaves/]: Better Caves expected a ServerLevel, but got: com.seibel.distanthorizons.common.wrappers.worldGeneration.mimicObject.DhLitWorldGenRegion_forge
[31Jul2026 16:05:14.561] [DH-World Gen Thread[0]/ERROR] [bettercaves/]: Liquid regions will not be generated for this chunk. This may be fatal!
[31Jul2026 16:05:14.562] [DH-World Gen Thread[0]/ERROR] [bettercaves/]: Better Caves expected a ServerLevel, but got: com.seibel.distanthorizons.common.wrappers.worldGeneration.mimicObject.DhLitWorldGenRegion_forge
[31Jul2026 16:05:14.562] [DH-World Gen Thread[0]/ERROR] [bettercaves/]: Liquid regions will not be generated for this chunk. This may be fatal!
[31Jul2026 16:05:14.571] [DH-World Gen Thread[0]/ERROR] [bettercaves/]: Better Caves expected a ServerLevel, but got: com.seibel.distanthorizons.common.wrappers.worldGeneration.mimicObject.DhLitWorldGenRegion_forge
[31Jul2026 16:05:14.572] [DH-World Gen Thread[0]/ERROR] [bettercaves/]: Liquid regions will not be generated for this chunk. This may be fatal!
[31Jul2026 16:05:14.573] [DH-World Gen Thread[0]/ERROR] [bettercaves/]: Better Caves expected a ServerLevel, but got: com.seibel.distanthorizons.common.wrappers.worldGeneration.mimicObject.DhLitWorldGenRegion_forge
[31Jul2026 16:05:14.573] [DH-World Gen Thread[0]/ERROR] [bettercaves/]: Liquid regions will not be generated for this chunk. This may be fatal!
[31Jul2026 16:05:14.574] [DH-World Gen Thread[0]/ERROR] [bettercaves/]: Better Caves expected a ServerLevel, but got: com.seibel.distanthorizons.common.wrappers.worldGeneration.mimicObject.DhLitWorldGenRegion_forge
[31Jul2026 16:05:14.574] [DH-World Gen Thread[0]/ERROR] [bettercaves/]: Liquid regions will not be generated for this chunk. This may be fatal!
[31Jul2026 16:05:14.574] [DH-World Gen Thread[0]/ERROR] [bettercaves/]: Better Caves expected a ServerLevel, but got: com.seibel.distanthorizons.common.wrappers.worldGeneration.mimicObject.DhLitWorldGenRegion_forge
[31Jul2026 16:05:14.574] [DH-World Gen Thread[0]/ERROR] [bettercaves/]: Liquid regions will not be generated for this chunk. This may be fatal!
[31Jul2026 16:05:14.574] [DH-World Gen Thread[0]/ERROR] [bettercaves/]: Better Caves expected a ServerLevel, but got: com.seibel.distanthorizons.common.wrappers.worldGeneration.mimicObject.DhLitWorldGenRegion_forge
[31Jul2026 16:05:14.574] [DH-World Gen Thread[0]/ERROR] [bettercaves/]: Liquid regions will not be generated for this chunk. This may be fatal!
[31Jul2026 16:05:14.574] [DH-World Gen Thread[2]/ERROR] [bettercaves/]: Better Caves expected a ServerLevel, but got: com.seibel.distanthorizons.common.wrappers.worldGeneration.mimicObject.DhLitWorldGenRegion_forge
[31Jul2026 16:05:14.577] [DH-World Gen Thread[2]/ERROR] [bettercaves/]: Liquid regions will not be generated for this chunk. This may be fatal!
[31Jul2026 16:05:14.578] [DH-World Gen Thread[2]/ERROR] [bettercaves/]: Better Caves expected a ServerLevel, but got: com.seibel.distanthorizons.common.wrappers.worldGeneration.mimicObject.DhLitWorldGenRegion_forge
[31Jul2026 16:05:14.580] [DH-World Gen Thread[2]/ERROR] [bettercaves/]: Liquid regions will not be generated for this chunk. This may be fatal!
[31Jul2026 16:05:14.590] [DH-World Gen Thread[2]/ERROR] [bettercaves/]: Better Caves expected a ServerLevel, but got: com.seibel.distanthorizons.common.wrappers.worldGeneration.mimicObject.DhLitWorldGenRegion_forge
[31Jul2026 16:05:14.597] [DH-World Gen Thread[2]/ERROR] [bettercaves/]: Liquid regions will not be generated for this chunk. This may be fatal!
[31Jul2026 16:05:14.599] [DH-World Gen Thread[2]/ERROR] [bettercaves/]: Better Caves expected a ServerLevel, but got: com.seibel.distanthorizons.common.wrappers.worldGeneration.mimicObject.DhLitWorldGenRegion_forge
[31Jul2026 16:05:14.599] [DH-World Gen Thread[2]/ERROR] [bettercaves/]: Liquid regions will not be generated for this chunk. This may be fatal!
[31Jul2026 16:05:14.601] [DH-World Gen Thread[2]/ERROR] [bettercaves/]: Better Caves expected a ServerLevel, but got: com.seibel.distanthorizons.common.wrappers.worldGeneration.mimicObject.DhLitWorldGenRegion_forge
[31Jul2026 16:05:14.602] [DH-World Gen Thread[2]/ERROR] [bettercaves/]: Liquid regions will not be generated for this chunk. This may be fatal!
[31Jul2026 16:05:14.602] [DH-World Gen Thread[2]/ERROR] [bettercaves/]: Better Caves expected a ServerLevel, but got: com.seibel.distanthorizons.common.wrappers.worldGeneration.mimicObject.DhLitWorldGenRegion_forge
[31Jul2026 16:05:14.602] [DH-World Gen Thread[2]/ERROR] [bettercaves/]: Liquid regions will not be generated for this chunk. This may be fatal!
[31Jul2026 16:05:14.602] [DH-World Gen Thread[2]/ERROR] [bettercaves/]: Better Caves expected a ServerLevel, but got: com.seibel.distanthorizons.common.wrappers.worldGeneration.mimicObject.DhLitWorldGenRegion_forge
[31Jul2026 16:05:14.602] [DH-World Gen Thread[2]/ERROR] [bettercaves/]: Liquid regions will not be generated for this chunk. This may be fatal!
[31Jul2026 16:05:14.602] [DH-World Gen Thread[2]/ERROR] [bettercaves/]: Better Caves expected a ServerLevel, but got: com.seibel.distanthorizons.common.wrappers.worldGeneration.mimicObject.DhLitWorldGenRegion_forge
[31Jul2026 16:05:14.602] [DH-World Gen Thread[2]/ERROR] [bettercaves/]: Liquid regions will not be generated for this chunk. This may be fatal!
[31Jul2026 16:05:14.603] [DH-World Gen Thread[2]/ERROR] [bettercaves/]: Better Caves expected a ServerLevel, but got: com.seibel.distanthorizons.common.wrappers.worldGeneration.mimicObject.DhLitWorldGenRegion_forge
[31Jul2026 16:05:14.603] [DH-World Gen Thread[2]/ERROR] [bettercaves/]: Liquid regions will not be generated for this chunk. This may be fatal!
[31Jul2026 16:05:14.763] [DH-World Gen Thread[3]/ERROR] [bettercaves/]: Better Caves expected a ServerLevel, but got: com.seibel.distanthorizons.common.wrappers.worldGeneration.mimicObject.DhLitWorldGenRegion_forge
[31Jul2026 16:05:14.763] [DH-World Gen Thread[3]/ERROR] [bettercaves/]: Liquid regions will not be generated for this chunk. This may be fatal!
[31Jul2026 16:05:14.766] [DH-World Gen Thread[3]/ERROR] [bettercaves/]: Better Caves expected a ServerLevel, but got: com.seibel.distanthorizons.common.wrappers.worldGeneration.mimicObject.DhLitWorldGenRegion_forge
[31Jul2026 16:05:14.779] [DH-World Gen Thread[3]/ERROR] [bettercaves/]: Liquid regions will not be generated for this chunk. This may be fatal!
[31Jul2026 16:05:14.780] [DH-World Gen Thread[3]/ERROR] [bettercaves/]: Better Caves expected a ServerLevel, but got: com.seibel.distanthorizons.common.wrappers.worldGeneration.mimicObject.DhLitWorldGenRegion_forge
[31Jul2026 16:05:14.780] [DH-World Gen Thread[3]/ERROR] [bettercaves/]: Liquid regions will not be generated for this chunk. This may be fatal!
[31Jul2026 16:05:14.780] [DH-World Gen Thread[3]/ERROR] [bettercaves/]: Better Caves expected a ServerLevel, but got: com.seibel.distanthorizons.common.wrappers.worldGeneration.mimicObject.DhLitWorldGenRegion_forge
[31Jul2026 16:05:14.780] [DH-World Gen Thread[3]/ERROR] [bettercaves/]: Liquid regions will not be generated for this chunk. This may be fatal!
[31Jul2026 16:05:14.780] [DH-World Gen Thread[3]/ERROR] [bettercaves/]: Better Caves expected a ServerLevel, but got: com.seibel.distanthorizons.common.wrappers.worldGeneration.mimicObject.DhLitWorldGenRegion_forge
[31Jul2026 16:05:14.780] [DH-World Gen Thread[3]/ERROR] [bettercaves/]: Liquid regions will not be generated for this chunk. This may be fatal!
[31Jul2026 16:05:14.780] [DH-World Gen Thread[3]/ERROR] [bettercaves/]: Better Caves expected a ServerLevel, but got: com.seibel.distanthorizons.common.wrappers.worldGeneration.mimicObject.DhLitWorldGenRegion_forge
[31Jul2026 16:05:14.780] [DH-World Gen Thread[3]/ERROR] [bettercaves/]: Liquid regions will not be generated for this chunk. This may be fatal!
[31Jul2026 16:05:14.781] [DH-World Gen Thread[3]/ERROR] [bettercaves/]: Better Caves expected a ServerLevel, but got: com.seibel.distanthorizons.common.wrappers.worldGeneration.mimicObject.DhLitWorldGenRegion_forge
[31Jul2026 16:05:14.781] [DH-World Gen Thread[3]/ERROR] [bettercaves/]: Liquid regions will not be generated for this chunk. This may be fatal!
[31Jul2026 16:05:14.781] [DH-World Gen Thread[3]/ERROR] [bettercaves/]: Better Caves expected a ServerLevel, but got: com.seibel.distanthorizons.common.wrappers.worldGeneration.mimicObject.DhLitWorldGenRegion_forge
[31Jul2026 16:05:14.785] [DH-World Gen Thread[3]/ERROR] [bettercaves/]: Liquid regions will not be generated for this chunk. This may be fatal!
[31Jul2026 16:05:14.785] [DH-World Gen Thread[3]/ERROR] [bettercaves/]: Better Caves expected a ServerLevel, but got: com.seibel.distanthorizons.common.wrappers.worldGeneration.mimicObject.DhLitWorldGenRegion_forge
[31Jul2026 16:05:14.793] [DH-World Gen Thread[3]/ERROR] [bettercaves/]: Liquid regions will not be generated for this chunk. This may be fatal!
[31Jul2026 16:05:14.799] [DH-World Gen Thread[4]/ERROR] [bettercaves/]: Better Caves expected a ServerLevel, but got: com.seibel.distanthorizons.common.wrappers.worldGeneration.mimicObject.DhLitWorldGenRegion_forge
[31Jul2026 16:05:14.806] [DH-World Gen Thread[4]/ERROR] [bettercaves/]: Liquid regions will not be generated for this chunk. This may be fatal!
[31Jul2026 16:05:14.809] [DH-World Gen Thread[4]/ERROR] [bettercaves/]: Better Caves expected a ServerLevel, but got: com.seibel.distanthorizons.common.wrappers.worldGeneration.mimicObject.DhLitWorldGenRegion_forge
[31Jul2026 16:05:14.810] [DH-World Gen Thread[4]/ERROR] [bettercaves/]: Liquid regions will not be generated for this chunk. This may be fatal!
[31Jul2026 16:05:14.810] [DH-World Gen Thread[4]/ERROR] [bettercaves/]: Better Caves expected a ServerLevel, but got: com.seibel.distanthorizons.common.wrappers.worldGeneration.mimicObject.DhLitWorldGenRegion_forge
[31Jul2026 16:05:14.810] [DH-World Gen Thread[4]/ERROR] [bettercaves/]: Liquid regions will not be generated for this chunk. This may be fatal!
[31Jul2026 16:05:14.810] [DH-World Gen Thread[4]/ERROR] [bettercaves/]: Better Caves expected a ServerLevel, but got: com.seibel.distanthorizons.common.wrappers.worldGeneration.mimicObject.DhLitWorldGenRegion_forge
[31Jul2026 16:05:14.810] [DH-World Gen Thread[4]/ERROR] [bettercaves/]: Liquid regions will not be generated for this chunk. This may be fatal!
[31Jul2026 16:05:14.810] [DH-World Gen Thread[4]/ERROR] [bettercaves/]: Better Caves expected a ServerLevel, but got: com.seibel.distanthorizons.common.wrappers.worldGeneration.mimicObject.DhLitWorldGenRegion_forge
[31Jul2026 16:05:14.811] [DH-World Gen Thread[4]/ERROR] [bettercaves/]: Liquid regions will not be generated for this chunk. This may be fatal!
[31Jul2026 16:05:14.811] [DH-World Gen Thread[4]/ERROR] [bettercaves/]: Better Caves expected a ServerLevel, but got: com.seibel.distanthorizons.common.wrappers.worldGeneration.mimicObject.DhLitWorldGenRegion_forge
[31Jul2026 16:05:14.812] [DH-World Gen Thread[4]/ERROR] [bettercaves/]: Liquid regions will not be generated for this chunk. This may be fatal!
[31Jul2026 16:05:14.815] [DH-World Gen Thread[4]/ERROR] [bettercaves/]: Better Caves expected a ServerLevel, but got: com.seibel.distanthorizons.common.wrappers.worldGeneration.mimicObject.DhLitWorldGenRegion_forge
[31Jul2026 16:05:14.815] [DH-World Gen Thread[4]/ERROR] [bettercaves/]: Liquid regions will not be generated for this chunk. This may be fatal!
[31Jul2026 16:05:14.816] [DH-World Gen Thread[4]/ERROR] [bettercaves/]: Better Caves expected a ServerLevel, but got: com.seibel.distanthorizons.common.wrappers.worldGeneration.mimicObject.DhLitWorldGenRegion_forge
[31Jul2026 16:05:14.816] [DH-World Gen Thread[4]/ERROR] [bettercaves/]: Liquid regions will not be generated for this chunk. This may be fatal!
[31Jul2026 16:05:14.816] [DH-World Gen Thread[4]/ERROR] [bettercaves/]: Better Caves expected a ServerLevel, but got: com.seibel.distanthorizons.common.wrappers.worldGeneration.mimicObject.DhLitWorldGenRegion_forge
[31Jul2026 16:05:14.816] [DH-World Gen Thread[4]/ERROR] [bettercaves/]: Liquid regions will not be generated for this chunk. This may be fatal!
[31Jul2026 16:05:16.171] [DH-World Gen Thread[5]/ERROR] [bettercaves/]: Better Caves expected a ServerLevel, but got: com.seibel.distanthorizons.common.wrappers.worldGeneration.mimicObject.DhLitWorldGenRegion_forge
[31Jul2026 16:05:16.171] [DH-World Gen Thread[5]/ERROR] [bettercaves/]: Liquid regions will not be generated for this chunk. This may be fatal!
[31Jul2026 16:05:16.174] [DH-World Gen Thread[5]/ERROR] [bettercaves/]: Better Caves expected a ServerLevel, but got: com.seibel.distanthorizons.common.wrappers.worldGeneration.mimicObject.DhLitWorldGenRegion_forge
[31Jul2026 16:05:16.180] [DH-World Gen Thread[5]/ERROR] [bettercaves/]: Liquid regions will not be generated for this chunk. This may be fatal!
[31Jul2026 16:05:16.180] [DH-World Gen Thread[5]/ERROR] [bettercaves/]: Better Caves expected a ServerLevel, but got: com.seibel.distanthorizons.common.wrappers.worldGeneration.mimicObject.DhLitWorldGenRegion_forge
[31Jul2026 16:05:16.180] [DH-World Gen Thread[5]/ERROR] [bettercaves/]: Liquid regions will not be generated for this chunk. This may be fatal!
[31Jul2026 16:05:16.484] [DH-World Gen Thread[1]/ERROR] [bettercaves/]: Better Caves expected a ServerLevel, but got: com.seibel.distanthorizons.common.wrappers.worldGeneration.mimicObject.DhLitWorldGenRegion_forge
[31Jul2026 16:05:16.486] [DH-World Gen Thread[1]/ERROR] [bettercaves/]: Liquid regions will not be generated for this chunk. This may be fatal!
[31Jul2026 16:05:16.491] [DH-World Gen Thread[1]/ERROR] [bettercaves/]: Better Caves expected a ServerLevel, but got: com.seibel.distanthorizons.common.wrappers.worldGeneration.mimicObject.DhLitWorldGenRegion_forge
[31Jul2026 16:05:16.511] [DH-World Gen Thread[1]/ERROR] [bettercaves/]: Liquid regions will not be generated for this chunk. This may be fatal!
[31Jul2026 16:05:16.511] [DH-World Gen Thread[1]/ERROR] [bettercaves/]: Better Caves expected a ServerLevel, but got: com.seibel.distanthorizons.common.wrappers.worldGeneration.mimicObject.DhLitWorldGenRegion_forge
[31Jul2026 16:05:16.511] [DH-World Gen Thread[1]/ERROR] [bettercaves/]: Liquid regions will not be generated for this chunk. This may be fatal!
[31Jul2026 16:05:16.565] [DH-World Gen Thread[3]/ERROR] [bettercaves/]: Better Caves expected a ServerLevel, but got: com.seibel.distanthorizons.common.wrappers.worldGeneration.mimicObject.DhLitWorldGenRegion_forge
[31Jul2026 16:05:16.570] [DH-World Gen Thread[3]/ERROR] [bettercaves/]: Liquid regions will not be generated for this chunk. This may be fatal!
[31Jul2026 16:05:16.572] [DH-World Gen Thread[3]/ERROR] [bettercaves/]: Better Caves expected a ServerLevel, but got: com.seibel.distanthorizons.common.wrappers.worldGeneration.mimicObject.DhLitWorldGenRegion_forge
[31Jul2026 16:05:16.574] [DH-World Gen Thread[3]/ERROR] [bettercaves/]: Liquid regions will not be generated for this chunk. This may be fatal!
[31Jul2026 16:05:16.592] [DH-World Gen Thread[3]/ERROR] [bettercaves/]: Better Caves expected a ServerLevel, but got: com.seibel.distanthorizons.common.wrappers.worldGeneration.mimicObject.DhLitWorldGenRegion_forge
[31Jul2026 16:05:16.610] [DH-World Gen Thread[3]/ERROR] [bettercaves/]: Liquid regions will not be generated for this chunk. This may be fatal!
[31Jul2026 16:05:16.685] [DH-World Gen Thread[0]/ERROR] [bettercaves/]: Better Caves expected a ServerLevel, but got: com.seibel.distanthorizons.common.wrappers.worldGeneration.mimicObject.DhLitWorldGenRegion_forge
[31Jul2026 16:05:16.702] [DH-World Gen Thread[0]/ERROR] [bettercaves/]: Liquid regions will not be generated for this chunk. This may be fatal!
[31Jul2026 16:05:16.702] [DH-World Gen Thread[0]/ERROR] [bettercaves/]: Better Caves expected a ServerLevel, but got: com.seibel.distanthorizons.common.wrappers.worldGeneration.mimicObject.DhLitWorldGenRegion_forge
[31Jul2026 16:05:16.702] [DH-World Gen Thread[0]/ERROR] [bettercaves/]: Liquid regions will not be generated for this chunk. This may be fatal!
[31Jul2026 16:05:16.703] [DH-World Gen Thread[0]/ERROR] [bettercaves/]: Better Caves expected a ServerLevel, but got: com.seibel.distanthorizons.common.wrappers.worldGeneration.mimicObject.DhLitWorldGenRegion_forge
[31Jul2026 16:05:16.703] [DH-World Gen Thread[0]/ERROR] [bettercaves/]: Liquid regions will not be generated for this chunk. This may be fatal!
[31Jul2026 16:05:16.703] [DH-World Gen Thread[2]/ERROR] [bettercaves/]: Better Caves expected a ServerLevel, but got: com.seibel.distanthorizons.common.wrappers.worldGeneration.mimicObject.DhLitWorldGenRegion_forge
[31Jul2026 16:05:16.706] [DH-World Gen Thread[2]/ERROR] [bettercaves/]: Liquid regions will not be generated for this chunk. This may be fatal!
[31Jul2026 16:05:16.722] [DH-World Gen Thread[2]/ERROR] [bettercaves/]: Better Caves expected a ServerLevel, but got: com.seibel.distanthorizons.common.wrappers.worldGeneration.mimicObject.DhLitWorldGenRegion_forge
[31Jul2026 16:05:16.726] [DH-World Gen Thread[2]/ERROR] [bettercaves/]: Liquid regions will not be generated for this chunk. This may be fatal!
[31Jul2026 16:05:16.726] [DH-World Gen Thread[2]/ERROR] [bettercaves/]: Better Caves expected a ServerLevel, but got: com.seibel.distanthorizons.common.wrappers.worldGeneration.mimicObject.DhLitWorldGenRegion_forge
[31Jul2026 16:05:16.727] [DH-World Gen Thread[2]/ERROR] [bettercaves/]: Liquid regions will not be generated for this chunk. This may be fatal!
[31Jul2026 16:05:16.840] [DH-World Gen Thread[5]/ERROR] [bettercaves/]: Better Caves expected a ServerLevel, but got: com.seibel.distanthorizons.common.wrappers.worldGeneration.mimicObject.DhLitWorldGenRegion_forge
[31Jul2026 16:05:16.846] [DH-World Gen Thread[5]/ERROR] [bettercaves/]: Liquid regions will not be generated for this chunk. This may be fatal!
[31Jul2026 16:05:16.859] [DH-World Gen Thread[5]/ERROR] [bettercaves/]: Better Caves expected a ServerLevel, but got: com.seibel.distanthorizons.common.wrappers.worldGeneration.mimicObject.DhLitWorldGenRegion_forge
[31Jul2026 16:05:16.859] [DH-World Gen Thread[5]/ERROR] [bettercaves/]: Liquid regions will not be generated for this chunk. This may be fatal!
[31Jul2026 16:05:16.859] [DH-World Gen Thread[5]/ERROR] [bettercaves/]: Better Caves expected a ServerLevel, but got: com.seibel.distanthorizons.common.wrappers.worldGeneration.mimicObject.DhLitWorldGenRegion_forge
[31Jul2026 16:05:16.859] [DH-World Gen Thread[5]/ERROR] [bettercaves/]: Liquid regions will not be generated for this chunk. This may be fatal!
[31Jul2026 16:05:17.041] [DH-World Gen Thread[4]/ERROR] [bettercaves/]: Better Caves expected a ServerLevel, but got: com.seibel.distanthorizons.common.wrappers.worldGeneration.mimicObject.DhLitWorldGenRegion_forge
[31Jul2026 16:05:17.047] [DH-World Gen Thread[4]/ERROR] [bettercaves/]: Liquid regions will not be generated for this chunk. This may be fatal!
[31Jul2026 16:05:17.066] [DH-World Gen Thread[4]/ERROR] [bettercaves/]: Better Caves expected a ServerLevel, but got: com.seibel.distanthorizons.common.wrappers.worldGeneration.mimicObject.DhLitWorldGenRegion_forge
[31Jul2026 16:05:17.073] [DH-World Gen Thread[4]/ERROR] [bettercaves/]: Liquid regions will not be generated for this chunk. This may be fatal!
[31Jul2026 16:05:17.077] [DH-World Gen Thread[4]/ERROR] [bettercaves/]: Better Caves expected a ServerLevel, but got: com.seibel.distanthorizons.common.wrappers.worldGeneration.mimicObject.DhLitWorldGenRegion_forge
[31Jul2026 16:05:17.077] [DH-World Gen Thread[4]/ERROR] [bettercaves/]: Liquid regions will not be generated for this chunk. This may be fatal!
[31Jul2026 16:05:17.106] [DH-World Gen Thread[1]/ERROR] [bettercaves/]: Better Caves expected a ServerLevel, but got: com.seibel.distanthorizons.common.wrappers.worldGeneration.mimicObject.DhLitWorldGenRegion_forge
[31Jul2026 16:05:17.117] [DH-World Gen Thread[1]/ERROR] [bettercaves/]: Liquid regions will not be generated for this chunk. This may be fatal!
[31Jul2026 16:05:17.124] [DH-World Gen Thread[1]/ERROR] [bettercaves/]: Better Caves expected a ServerLevel, but got: com.seibel.distanthorizons.common.wrappers.worldGeneration.mimicObject.DhLitWorldGenRegion_forge
[31Jul2026 16:05:17.124] [DH-World Gen Thread[1]/ERROR] [bettercaves/]: Liquid regions will not be generated for this chunk. This may be fatal!
[31Jul2026 16:05:17.165] [DH-World Gen Thread[1]/ERROR] [bettercaves/]: Better Caves expected a ServerLevel, but got: com.seibel.distanthorizons.common.wrappers.worldGeneration.mimicObject.DhLitWorldGenRegion_forge
[31Jul2026 16:05:17.168] [DH-World Gen Thread[1]/ERROR] [bettercaves/]: Liquid regions will not be generated for this chunk. This may be fatal!
[31Jul2026 16:05:17.173] [DH-World Gen Thread[3]/ERROR] [bettercaves/]: Better Caves expected a ServerLevel, but got: com.seibel.distanthorizons.common.wrappers.worldGeneration.mimicObject.DhLitWorldGenRegion_forge
[31Jul2026 16:05:17.175] [DH-World Gen Thread[3]/ERROR] [bettercaves/]: Liquid regions will not be generated for this chunk. This may be fatal!
[31Jul2026 16:05:17.177] [DH-World Gen Thread[3]/ERROR] [bettercaves/]: Better Caves expected a ServerLevel, but got: com.seibel.distanthorizons.common.wrappers.worldGeneration.mimicObject.DhLitWorldGenRegion_forge
[31Jul2026 16:05:17.177] [DH-World Gen Thread[3]/ERROR] [bettercaves/]: Liquid regions will not be generated for this chunk. This may be fatal!
[31Jul2026 16:05:17.189] [DH-World Gen Thread[3]/ERROR] [bettercaves/]: Better Caves expected a ServerLevel, but got: com.seibel.distanthorizons.common.wrappers.worldGeneration.mimicObject.DhLitWorldGenRegion_forge
[31Jul2026 16:05:17.192] [DH-World Gen Thread[3]/ERROR] [bettercaves/]: Liquid regions will not be generated for this chunk. This may be fatal!
[31Jul2026 16:05:17.267] [DH-World Gen Thread[2]/ERROR] [bettercaves/]: Better Caves expected a ServerLevel, but got: com.seibel.distanthorizons.common.wrappers.worldGeneration.mimicObject.DhLitWorldGenRegion_forge
[31Jul2026 16:05:17.277] [DH-World Gen Thread[2]/ERROR] [bettercaves/]: Liquid regions will not be generated for this chunk. This may be fatal!
[31Jul2026 16:05:17.314] [DH-World Gen Thread[2]/ERROR] [bettercaves/]: Better Caves expected a ServerLevel, but got: com.seibel.distanthorizons.common.wrappers.worldGeneration.mimicObject.DhLitWorldGenRegion_forge
[31Jul2026 16:05:17.315] [DH-World Gen Thread[2]/ERROR] [bettercaves/]: Liquid regions will not be generated for this chunk. This may be fatal!
[31Jul2026 16:05:17.315] [DH-World Gen Thread[2]/ERROR] [bettercaves/]: Better Caves expected a ServerLevel, but got: com.seibel.distanthorizons.common.wrappers.worldGeneration.mimicObject.DhLitWorldGenRegion_forge
[31Jul2026 16:05:17.317] [DH-World Gen Thread[2]/ERROR] [bettercaves/]: Liquid regions will not be generated for this chunk. This may be fatal!
[31Jul2026 16:05:17.377] [DH-World Gen Thread[0]/ERROR] [bettercaves/]: Better Caves expected a ServerLevel, but got: com.seibel.distanthorizons.common.wrappers.worldGeneration.mimicObject.DhLitWorldGenRegion_forge
[31Jul2026 16:05:17.378] [DH-World Gen Thread[0]/ERROR] [bettercaves/]: Liquid regions will not be generated for this chunk. This may be fatal!
[31Jul2026 16:05:17.391] [DH-World Gen Thread[0]/ERROR] [bettercaves/]: Better Caves expected a ServerLevel, but got: com.seibel.distanthorizons.common.wrappers.worldGeneration.mimicObject.DhLitWorldGenRegion_forge
[31Jul2026 16:05:17.391] [DH-World Gen Thread[0]/ERROR] [bettercaves/]: Liquid regions will not be generated for this chunk. This may be fatal!
[31Jul2026 16:05:17.391] [DH-World Gen Thread[0]/ERROR] [bettercaves/]: Better Caves expected a ServerLevel, but got: com.seibel.distanthorizons.common.wrappers.worldGeneration.mimicObject.DhLitWorldGenRegion_forge
[31Jul2026 16:05:17.391] [DH-World Gen Thread[0]/ERROR] [bettercaves/]: Liquid regions will not be generated for this chunk. This may be fatal!
[31Jul2026 16:05:17.474] [DH-World Gen Thread[5]/ERROR] [bettercaves/]: Better Caves expected a ServerLevel, but got: com.seibel.distanthorizons.common.wrappers.worldGeneration.mimicObject.DhLitWorldGenRegion_forge
[31Jul2026 16:05:17.474] [DH-World Gen Thread[5]/ERROR] [bettercaves/]: Liquid regions will not be generated for this chunk. This may be fatal!
[31Jul2026 16:05:17.624] [DH-World Gen Thread[3]/ERROR] [bettercaves/]: Better Caves expected a ServerLevel, but got: com.seibel.distanthorizons.common.wrappers.worldGeneration.mimicObject.DhLitWorldGenRegion_forge
[31Jul2026 16:05:17.624] [DH-World Gen Thread[3]/ERROR] [bettercaves/]: Liquid regions will not be generated for this chunk. This may be fatal!
[31Jul2026 16:05:17.685] [DH-World Gen Thread[4]/ERROR] [bettercaves/]: Better Caves expected a ServerLevel, but got: com.seibel.distanthorizons.common.wrappers.worldGeneration.mimicObject.DhLitWorldGenRegion_forge
[31Jul2026 16:05:17.689] [DH-World Gen Thread[4]/ERROR] [bettercaves/]: Liquid regions will not be generated for this chunk. This may be fatal!
[31Jul2026 16:05:17.690] [DH-World Gen Thread[4]/ERROR] [bettercaves/]: Better Caves expected a ServerLevel, but got: com.seibel.distanthorizons.common.wrappers.worldGeneration.mimicObject.DhLitWorldGenRegion_forge
[31Jul2026 16:05:17.690] [DH-World Gen Thread[4]/ERROR] [bettercaves/]: Liquid regions will not be generated for this chunk. This may be fatal!
[31Jul2026 16:05:17.690] [DH-World Gen Thread[1]/ERROR] [bettercaves/]: Better Caves expected a ServerLevel, but got: com.seibel.distanthorizons.common.wrappers.worldGeneration.mimicObject.DhLitWorldGenRegion_forge
[31Jul2026 16:05:17.690] [DH-World Gen Thread[1]/ERROR] [bettercaves/]: Liquid regions will not be generated for this chunk. This may be fatal!
[31Jul2026 16:05:17.690] [DH-World Gen Thread[4]/ERROR] [bettercaves/]: Better Caves expected a ServerLevel, but got: com.seibel.distanthorizons.common.wrappers.worldGeneration.mimicObject.DhLitWorldGenRegion_forge
[31Jul2026 16:05:17.690] [DH-World Gen Thread[4]/ERROR] [bettercaves/]: Liquid regions will not be generated for this chunk. This may be fatal!
[31Jul2026 16:05:17.801] [DH-World Gen Thread[2]/ERROR] [bettercaves/]: Better Caves expected a ServerLevel, but got: com.seibel.distanthorizons.common.wrappers.worldGeneration.mimicObject.DhLitWorldGenRegion_forge
[31Jul2026 16:05:17.803] [DH-World Gen Thread[2]/ERROR] [bettercaves/]: Liquid regions will not be generated for this chunk. This may be fatal!
[31Jul2026 16:05:17.856] [DH-World Gen Thread[0]/ERROR] [bettercaves/]: Better Caves expected a ServerLevel, but got: com.seibel.distanthorizons.common.wrappers.worldGeneration.mimicObject.DhLitWorldGenRegion_forge
[31Jul2026 16:05:17.857] [DH-World Gen Thread[0]/ERROR] [bettercaves/]: Liquid regions will not be generated for this chunk. This may be fatal!
[31Jul2026 16:05:18.070] [DH-World Gen Thread[4]/ERROR] [bettercaves/]: Better Caves expected a ServerLevel, but got: com.seibel.distanthorizons.common.wrappers.worldGeneration.mimicObject.DhLitWorldGenRegion_forge
[31Jul2026 16:05:18.070] [DH-World Gen Thread[4]/ERROR] [bettercaves/]: Liquid regions will not be generated for this chunk. This may be fatal!
[31Jul2026 16:05:18.716] [DH-World Gen Thread[5]/ERROR] [bettercaves/]: Better Caves expected a ServerLevel, but got: com.seibel.distanthorizons.common.wrappers.worldGeneration.mimicObject.DhLitWorldGenRegion_forge
[31Jul2026 16:05:18.717] [DH-World Gen Thread[5]/ERROR] [bettercaves/]: Liquid regions will not be generated for this chunk. This may be fatal!
[31Jul2026 16:05:18.717] [DH-World Gen Thread[5]/ERROR] [bettercaves/]: Better Caves expected a ServerLevel, but got: com.seibel.distanthorizons.common.wrappers.worldGeneration.mimicObject.DhLitWorldGenRegion_forge
[31Jul2026 16:05:18.717] [DH-World Gen Thread[5]/ERROR] [bettercaves/]: Liquid regions will not be generated for this chunk. This may be fatal!
[31Jul2026 16:05:18.717] [DH-World Gen Thread[5]/ERROR] [bettercaves/]: Better Caves expected a ServerLevel, but got: com.seibel.distanthorizons.common.wrappers.worldGeneration.mimicObject.DhLitWorldGenRegion_forge
[31Jul2026 16:05:18.719] [DH-World Gen Thread[5]/ERROR] [bettercaves/]: Liquid regions will not be generated for this chunk. This may be fatal!
[31Jul2026 16:05:18.719] [DH-World Gen Thread[5]/ERROR] [bettercaves/]: Better Caves expected a ServerLevel, but got: com.seibel.distanthorizons.common.wrappers.worldGeneration.mimicObject.DhLitWorldGenRegion_forge
[31Jul2026 16:05:18.719] [DH-World Gen Thread[5]/ERROR] [bettercaves/]: Liquid regions will not be generated for this chunk. This may be fatal!
[31Jul2026 16:05:18.719] [DH-World Gen Thread[5]/ERROR] [bettercaves/]: Better Caves expected a ServerLevel, but got: com.seibel.distanthorizons.common.wrappers.worldGeneration.mimicObject.DhLitWorldGenRegion_forge
[31Jul2026 16:05:18.719] [DH-World Gen Thread[5]/ERROR] [bettercaves/]: Liquid regions will not be generated for this chunk. This may be fatal!
[31Jul2026 16:05:18.719] [DH-World Gen Thread[5]/ERROR] [bettercaves/]: Better Caves expected a ServerLevel, but got: com.seibel.distanthorizons.common.wrappers.worldGeneration.mimicObject.DhLitWorldGenRegion_forge
[31Jul2026 16:05:18.719] [DH-World Gen Thread[5]/ERROR] [bettercaves/]: Liquid regions will not be generated for this chunk. This may be fatal!
[31Jul2026 16:05:18.719] [DH-World Gen Thread[5]/ERROR] [bettercaves/]: Better Caves expected a ServerLevel, but got: com.seibel.distanthorizons.common.wrappers.worldGeneration.mimicObject.DhLitWorldGenRegion_forge
[31Jul2026 16:05:18.719] [DH-World Gen Thread[5]/ERROR] [bettercaves/]: Liquid regions will not be generated for this chunk. This may be fatal!
[31Jul2026 16:05:18.719] [DH-World Gen Thread[5]/ERROR] [bettercaves/]: Better Caves expected a ServerLevel, but got: com.seibel.distanthorizons.common.wrappers.worldGeneration.mimicObject.DhLitWorldGenRegion_forge
[31Jul2026 16:05:18.719] [DH-World Gen Thread[5]/ERROR] [bettercaves/]: Liquid regions will not be generated for this chunk. This may be fatal!
[31Jul2026 16:05:18.719] [DH-World Gen Thread[5]/ERROR] [bettercaves/]: Better Caves expected a ServerLevel, but got: com.seibel.distanthorizons.common.wrappers.worldGeneration.mimicObject.DhLitWorldGenRegion_forge
[31Jul2026 16:05:18.719] [DH-World Gen Thread[5]/ERROR] [bettercaves/]: Liquid regions will not be generated for this chunk. This may be fatal!
[31Jul2026 16:05:18.723] [DH-World Gen Thread[3]/ERROR] [bettercaves/]: Better Caves expected a ServerLevel, but got: com.seibel.distanthorizons.common.wrappers.worldGeneration.mimicObject.DhLitWorldGenRegion_forge
[31Jul2026 16:05:18.723] [DH-World Gen Thread[3]/ERROR] [bettercaves/]: Liquid regions will not be generated for this chunk. This may be fatal!
[31Jul2026 16:05:18.723] [DH-World Gen Thread[3]/ERROR] [bettercaves/]: Better Caves expected a ServerLevel, but got: com.seibel.distanthorizons.common.wrappers.worldGeneration.mimicObject.DhLitWorldGenRegion_forge
[31Jul2026 16:05:18.723] [DH-World Gen Thread[3]/ERROR] [bettercaves/]: Liquid regions will not be generated for this chunk. This may be fatal!
[31Jul2026 16:05:18.723] [DH-World Gen Thread[3]/ERROR] [bettercaves/]: Better Caves expected a ServerLevel, but got: com.seibel.distanthorizons.common.wrappers.worldGeneration.mimicObject.DhLitWorldGenRegion_forge
[31Jul2026 16:05:18.723] [DH-World Gen Thread[3]/ERROR] [bettercaves/]: Liquid regions will not be generated for this chunk. This may be fatal!
[31Jul2026 16:05:18.723] [DH-World Gen Thread[3]/ERROR] [bettercaves/]: Better Caves expected a ServerLevel, but got: com.seibel.distanthorizons.common.wrappers.worldGeneration.mimicObject.DhLitWorldGenRegion_forge
[31Jul2026 16:05:18.724] [DH-World Gen Thread[3]/ERROR] [bettercaves/]: Liquid regions will not be generated for this chunk. This may be fatal!
[31Jul2026 16:05:18.724] [DH-World Gen Thread[3]/ERROR] [bettercaves/]: Better Caves expected a ServerLevel, but got: com.seibel.distanthorizons.common.wrappers.worldGeneration.mimicObject.DhLitWorldGenRegion_forge
[31Jul2026 16:05:18.724] [DH-World Gen Thread[3]/ERROR] [bettercaves/]: Liquid regions will not be generated for this chunk. This may be fatal!
[31Jul2026 16:05:18.724] [DH-World Gen Thread[3]/ERROR] [bettercaves/]: Better Caves expected a ServerLevel, but got: com.seibel.distanthorizons.common.wrappers.worldGeneration.mimicObject.DhLitWorldGenRegion_forge
[31Jul2026 16:05:18.724] [DH-World Gen Thread[3]/ERROR] [bettercaves/]: Liquid regions will not be generated for this chunk. This may be fatal!
[31Jul2026 16:05:18.724] [DH-World Gen Thread[3]/ERROR] [bettercaves/]: Better Caves expected a ServerLevel, but got: com.seibel.distanthorizons.common.wrappers.worldGeneration.mimicObject.DhLitWorldGenRegion_forge
[31Jul2026 16:05:18.724] [DH-World Gen Thread[3]/ERROR] [bettercaves/]: Liquid regions will not be generated for this chunk. This may be fatal!
[31Jul2026 16:05:18.725] [DH-World Gen Thread[3]/ERROR] [bettercaves/]: Better Caves expected a ServerLevel, but got: com.seibel.distanthorizons.common.wrappers.worldGeneration.mimicObject.DhLitWorldGenRegion_forge
[31Jul2026 16:05:18.725] [DH-World Gen Thread[3]/ERROR] [bettercaves/]: Liquid regions will not be generated for this chunk. This may be fatal!
[31Jul2026 16:05:18.725] [DH-World Gen Thread[3]/ERROR] [bettercaves/]: Better Caves expected a ServerLevel, but got: com.seibel.distanthorizons.common.wrappers.worldGeneration.mimicObject.DhLitWorldGenRegion_forge
[31Jul2026 16:05:18.725] [DH-World Gen Thread[3]/ERROR] [bettercaves/]: Liquid regions will not be generated for this chunk. This may be fatal!
[31Jul2026 16:05:18.755] [DH-World Gen Thread[2]/ERROR] [bettercaves/]: Better Caves expected a ServerLevel, but got: com.seibel.distanthorizons.common.wrappers.worldGeneration.mimicObject.DhLitWorldGenRegion_forge
[31Jul2026 16:05:18.755] [DH-World Gen Thread[2]/ERROR] [bettercaves/]: Liquid regions will not be generated for this chunk. This may be fatal!
[31Jul2026 16:05:18.755] [DH-World Gen Thread[2]/ERROR] [bettercaves/]: Better Caves expected a ServerLevel, but got: com.seibel.distanthorizons.common.wrappers.worldGeneration.mimicObject.DhLitWorldGenRegion_forge
[31Jul2026 16:05:18.755] [DH-World Gen Thread[2]/ERROR] [bettercaves/]: Liquid regions will not be generated for this chunk. This may be fatal!
[31Jul2026 16:05:18.755] [DH-World Gen Thread[2]/ERROR] [bettercaves/]: Better Caves expected a ServerLevel, but got: com.seibel.distanthorizons.common.wrappers.worldGeneration.mimicObject.DhLitWorldGenRegion_forge
[31Jul2026 16:05:18.756] [DH-World Gen Thread[2]/ERROR] [bettercaves/]: Liquid regions will not be generated for this chunk. This may be fatal!
[31Jul2026 16:05:18.756] [DH-World Gen Thread[2]/ERROR] [bettercaves/]: Better Caves expected a ServerLevel, but got: com.seibel.distanthorizons.common.wrappers.worldGeneration.mimicObject.DhLitWorldGenRegion_forge
[31Jul2026 16:05:18.756] [DH-World Gen Thread[2]/ERROR] [bettercaves/]: Liquid regions will not be generated for this chunk. This may be fatal!
[31Jul2026 16:05:18.769] [DH-World Gen Thread[2]/ERROR] [bettercaves/]: Better Caves expected a ServerLevel, but got: com.seibel.distanthorizons.common.wrappers.worldGeneration.mimicObject.DhLitWorldGenRegion_forge
[31Jul2026 16:05:18.777] [DH-World Gen Thread[2]/ERROR] [bettercaves/]: Liquid regions will not be generated for this chunk. This may be fatal!
[31Jul2026 16:05:18.780] [DH-World Gen Thread[2]/ERROR] [bettercaves/]: Better Caves expected a ServerLevel, but got: com.seibel.distanthorizons.common.wrappers.worldGeneration.mimicObject.DhLitWorldGenRegion_forge
[31Jul2026 16:05:18.787] [DH-World Gen Thread[2]/ERROR] [bettercaves/]: Liquid regions will not be generated for this chunk. This may be fatal!
[31Jul2026 16:05:18.797] [DH-World Gen Thread[2]/ERROR] [bettercaves/]: Better Caves expected a ServerLevel, but got: com.seibel.distanthorizons.common.wrappers.worldGeneration.mimicObject.DhLitWorldGenRegion_forge
[31Jul2026 16:05:18.805] [DH-World Gen Thread[2]/ERROR] [bettercaves/]: Liquid regions will not be generated for this chunk. This may be fatal!
[31Jul2026 16:05:18.806] [DH-World Gen Thread[2]/ERROR] [bettercaves/]: Better Caves expected a ServerLevel, but got: com.seibel.distanthorizons.common.wrappers.worldGeneration.mimicObject.DhLitWorldGenRegion_forge
[31Jul2026 16:05:18.806] [DH-World Gen Thread[2]/ERROR] [bettercaves/]: Liquid regions will not be generated for this chunk. This may be fatal!
[31Jul2026 16:05:18.809] [DH-World Gen Thread[2]/ERROR] [bettercaves/]: Better Caves expected a ServerLevel, but got: com.seibel.distanthorizons.common.wrappers.worldGeneration.mimicObject.DhLitWorldGenRegion_forge
[31Jul2026 16:05:18.810] [DH-World Gen Thread[2]/ERROR] [bettercaves/]: Liquid regions will not be generated for this chunk. This may be fatal!
[31Jul2026 16:05:18.811] [DH-World Gen Thread[1]/ERROR] [bettercaves/]: Better Caves expected a ServerLevel, but got: com.seibel.distanthorizons.common.wrappers.worldGeneration.mimicObject.DhLitWorldGenRegion_forge
[31Jul2026 16:05:18.811] [DH-World Gen Thread[1]/ERROR] [bettercaves/]: Liquid regions will not be generated for this chunk. This may be fatal!
[31Jul2026 16:05:18.882] [DH-World Gen Thread[1]/ERROR] [bettercaves/]: Better Caves expected a ServerLevel, but got: com.seibel.distanthorizons.common.wrappers.worldGeneration.mimicObject.DhLitWorldGenRegion_forge
[31Jul2026 16:05:18.891] [DH-World Gen Thread[1]/ERROR] [bettercaves/]: Liquid regions will not be generated for this chunk. This may be fatal!
[31Jul2026 16:05:18.904] [DH-World Gen Thread[1]/ERROR] [bettercaves/]: Better Caves expected a ServerLevel, but got: com.seibel.distanthorizons.common.wrappers.worldGeneration.mimicObject.DhLitWorldGenRegion_forge
[31Jul2026 16:05:18.906] [DH-World Gen Thread[1]/ERROR] [bettercaves/]: Liquid regions will not be generated for this chunk. This may be fatal!
[31Jul2026 16:05:18.922] [DH-World Gen Thread[1]/ERROR] [bettercaves/]: Better Caves expected a ServerLevel, but got: com.seibel.distanthorizons.common.wrappers.worldGeneration.mimicObject.DhLitWorldGenRegion_forge
[31Jul2026 16:05:18.930] [DH-World Gen Thread[1]/ERROR] [bettercaves/]: Liquid regions will not be generated for this chunk. This may be fatal!
[31Jul2026 16:05:18.931] [DH-World Gen Thread[1]/ERROR] [bettercaves/]: Better Caves expected a ServerLevel, but got: com.seibel.distanthorizons.common.wrappers.worldGeneration.mimicObject.DhLitWorldGenRegion_forge
[31Jul2026 16:05:18.951] [DH-World Gen Thread[1]/ERROR] [bettercaves/]: Liquid regions will not be generated for this chunk. This may be fatal!
[31Jul2026 16:05:18.961] [DH-World Gen Thread[1]/ERROR] [bettercaves/]: Better Caves expected a ServerLevel, but got: com.seibel.distanthorizons.common.wrappers.worldGeneration.mimicObject.DhLitWorldGenRegion_forge
[31Jul2026 16:05:18.966] [DH-World Gen Thread[1]/ERROR] [bettercaves/]: Liquid regions will not be generated for this chunk. This may be fatal!
[31Jul2026 16:05:18.980] [DH-World Gen Thread[1]/ERROR] [bettercaves/]: Better Caves expected a ServerLevel, but got: com.seibel.distanthorizons.common.wrappers.worldGeneration.mimicObject.DhLitWorldGenRegion_forge
[31Jul2026 16:05:18.981] [DH-World Gen Thread[1]/ERROR] [bettercaves/]: Liquid regions will not be generated for this chunk. This may be fatal!
[31Jul2026 16:05:19.004] [DH-World Gen Thread[1]/ERROR] [bettercaves/]: Better Caves expected a ServerLevel, but got: com.seibel.distanthorizons.common.wrappers.worldGeneration.mimicObject.DhLitWorldGenRegion_forge
[31Jul2026 16:05:19.016] [DH-World Gen Thread[1]/ERROR] [bettercaves/]: Liquid regions will not be generated for this chunk. This may be fatal!
[31Jul2026 16:05:19.020] [DH-World Gen Thread[1]/ERROR] [bettercaves/]: Better Caves expected a ServerLevel, but got: com.seibel.distanthorizons.common.wrappers.worldGeneration.mimicObject.DhLitWorldGenRegion_forge
[31Jul2026 16:05:19.023] [DH-World Gen Thread[1]/ERROR] [bettercaves/]: Liquid regions will not be generated for this chunk. This may be fatal!
[31Jul2026 16:05:20.454] [DH-World Gen Thread[2]/ERROR] [bettercaves/]: Better Caves expected a ServerLevel, but got: com.seibel.distanthorizons.common.wrappers.worldGeneration.mimicObject.DhLitWorldGenRegion_forge
[31Jul2026 16:05:20.454] [DH-World Gen Thread[2]/ERROR] [bettercaves/]: Liquid regions will not be generated for this chunk. This may be fatal!
[31Jul2026 16:05:20.454] [DH-World Gen Thread[2]/ERROR] [bettercaves/]: Better Caves expected a ServerLevel, but got: com.seibel.distanthorizons.common.wrappers.worldGeneration.mimicObject.DhLitWorldGenRegion_forge
[31Jul2026 16:05:20.454] [DH-World Gen Thread[2]/ERROR] [bettercaves/]: Liquid regions will not be generated for this chunk. This may be fatal!
[31Jul2026 16:05:20.454] [DH-World Gen Thread[2]/ERROR] [bettercaves/]: Better Caves expected a ServerLevel, but got: com.seibel.distanthorizons.common.wrappers.worldGeneration.mimicObject.DhLitWorldGenRegion_forge
[31Jul2026 16:05:20.455] [DH-World Gen Thread[2]/ERROR] [bettercaves/]: Liquid regions will not be generated for this chunk. This may be fatal!
[31Jul2026 16:05:20.465] [DH-World Gen Thread[5]/ERROR] [bettercaves/]: Better Caves expected a ServerLevel, but got: com.seibel.distanthorizons.common.wrappers.worldGeneration.mimicObject.DhLitWorldGenRegion_forge
[31Jul2026 16:05:20.466] [DH-World Gen Thread[5]/ERROR] [bettercaves/]: Liquid regions will not be generated for this chunk. This may be fatal!
[31Jul2026 16:05:20.479] [DH-World Gen Thread[5]/ERROR] [bettercaves/]: Better Caves expected a ServerLevel, but got: com.seibel.distanthorizons.common.wrappers.worldGeneration.mimicObject.DhLitWorldGenRegion_forge
[31Jul2026 16:05:20.481] [DH-World Gen Thread[5]/ERROR] [bettercaves/]: Liquid regions will not be generated for this chunk. This may be fatal!
[31Jul2026 16:05:20.499] [DH-World Gen Thread[5]/ERROR] [bettercaves/]: Better Caves expected a ServerLevel, but got: com.seibel.distanthorizons.common.wrappers.worldGeneration.mimicObject.DhLitWorldGenRegion_forge
[31Jul2026 16:05:20.507] [DH-World Gen Thread[5]/ERROR] [bettercaves/]: Liquid regions will not be generated for this chunk. This may be fatal!
[31Jul2026 16:05:20.699] [DH-World Gen Thread[3]/ERROR] [bettercaves/]: Better Caves expected a ServerLevel, but got: com.seibel.distanthorizons.common.wrappers.worldGeneration.mimicObject.DhLitWorldGenRegion_forge
[31Jul2026 16:05:20.718] [DH-World Gen Thread[3]/ERROR] [bettercaves/]: Liquid regions will not be generated for this chunk. This may be fatal!
[31Jul2026 16:05:20.733] [DH-World Gen Thread[3]/ERROR] [bettercaves/]: Better Caves expected a ServerLevel, but got: com.seibel.distanthorizons.common.wrappers.worldGeneration.mimicObject.DhLitWorldGenRegion_forge
[31Jul2026 16:05:20.734] [DH-World Gen Thread[3]/ERROR] [bettercaves/]: Liquid regions will not be generated for this chunk. This may be fatal!
[31Jul2026 16:05:20.734] [DH-World Gen Thread[3]/ERROR] [bettercaves/]: Better Caves expected a ServerLevel, but got: com.seibel.distanthorizons.common.wrappers.worldGeneration.mimicObject.DhLitWorldGenRegion_forge
[31Jul2026 16:05:20.734] [DH-World Gen Thread[3]/ERROR] [bettercaves/]: Liquid regions will not be generated for this chunk. This may be fatal!
[31Jul2026 16:05:20.779] [DH-World Gen Thread[1]/ERROR] [bettercaves/]: Better Caves expected a ServerLevel, but got: com.seibel.distanthorizons.common.wrappers.worldGeneration.mimicObject.DhLitWorldGenRegion_forge
[31Jul2026 16:05:20.784] [DH-World Gen Thread[1]/ERROR] [bettercaves/]: Liquid regions will not be generated for this chunk. This may be fatal!
[31Jul2026 16:05:20.803] [DH-World Gen Thread[1]/ERROR] [bettercaves/]: Better Caves expected a ServerLevel, but got: com.seibel.distanthorizons.common.wrappers.worldGeneration.mimicObject.DhLitWorldGenRegion_forge
[31Jul2026 16:05:20.804] [DH-World Gen Thread[1]/ERROR] [bettercaves/]: Liquid regions will not be generated for this chunk. This may be fatal!
[31Jul2026 16:05:20.805] [DH-World Gen Thread[1]/ERROR] [bettercaves/]: Better Caves expected a ServerLevel, but got: com.seibel.distanthorizons.common.wrappers.worldGeneration.mimicObject.DhLitWorldGenRegion_forge
[31Jul2026 16:05:20.816] [DH-World Gen Thread[1]/ERROR] [bettercaves/]: Liquid regions will not be generated for this chunk. This may be fatal!
[31Jul2026 16:05:20.949] [DH-World Gen Thread[5]/ERROR] [bettercaves/]: Better Caves expected a ServerLevel, but got: com.seibel.distanthorizons.common.wrappers.worldGeneration.mimicObject.DhLitWorldGenRegion_forge
[31Jul2026 16:05:20.950] [DH-World Gen Thread[5]/ERROR] [bettercaves/]: Liquid regions will not be generated for this chunk. This may be fatal!
[31Jul2026 16:05:20.950] [DH-World Gen Thread[5]/ERROR] [bettercaves/]: Better Caves expected a ServerLevel, but got: com.seibel.distanthorizons.common.wrappers.worldGeneration.mimicObject.DhLitWorldGenRegion_forge
[31Jul2026 16:05:20.950] [DH-World Gen Thread[5]/ERROR] [bettercaves/]: Liquid regions will not be generated for this chunk. This may be fatal!
[31Jul2026 16:05:20.950] [DH-World Gen Thread[5]/ERROR] [bettercaves/]: Better Caves expected a ServerLevel, but got: com.seibel.distanthorizons.common.wrappers.worldGeneration.mimicObject.DhLitWorldGenRegion_forge
[31Jul2026 16:05:20.950] [DH-World Gen Thread[5]/ERROR] [bettercaves/]: Liquid regions will not be generated for this chunk. This may be fatal!
[31Jul2026 16:05:20.982] [DH-World Gen Thread[2]/ERROR] [bettercaves/]: Better Caves expected a ServerLevel, but got: com.seibel.distanthorizons.common.wrappers.worldGeneration.mimicObject.DhLitWorldGenRegion_forge
[31Jul2026 16:05:20.984] [DH-World Gen Thread[2]/ERROR] [bettercaves/]: Liquid regions will not be generated for this chunk. This may be fatal!
[31Jul2026 16:05:20.987] [DH-World Gen Thread[2]/ERROR] [bettercaves/]: Better Caves expected a ServerLevel, but got: com.seibel.distanthorizons.common.wrappers.worldGeneration.mimicObject.DhLitWorldGenRegion_forge
[31Jul2026 16:05:20.994] [DH-World Gen Thread[2]/ERROR] [bettercaves/]: Liquid regions will not be generated for this chunk. This may be fatal!
[31Jul2026 16:05:20.994] [DH-World Gen Thread[2]/ERROR] [bettercaves/]: Better Caves expected a ServerLevel, but got: com.seibel.distanthorizons.common.wrappers.worldGeneration.mimicObject.DhLitWorldGenRegion_forge
[31Jul2026 16:05:21.001] [DH-World Gen Thread[2]/ERROR] [bettercaves/]: Liquid regions will not be generated for this chunk. This may be fatal!
[31Jul2026 16:05:21.279] [DH-World Gen Thread[3]/ERROR] [bettercaves/]: Better Caves expected a ServerLevel, but got: com.seibel.distanthorizons.common.wrappers.worldGeneration.mimicObject.DhLitWorldGenRegion_forge
[31Jul2026 16:05:21.281] [DH-World Gen Thread[3]/ERROR] [bettercaves/]: Liquid regions will not be generated for this chunk. This may be fatal!
[31Jul2026 16:05:21.282] [DH-World Gen Thread[3]/ERROR] [bettercaves/]: Better Caves expected a ServerLevel, but got: com.seibel.distanthorizons.common.wrappers.worldGeneration.mimicObject.DhLitWorldGenRegion_forge
[31Jul2026 16:05:21.284] [DH-World Gen Thread[3]/ERROR] [bettercaves/]: Liquid regions will not be generated for this chunk. This may be fatal!
[31Jul2026 16:05:21.284] [DH-World Gen Thread[3]/ERROR] [bettercaves/]: Better Caves expected a ServerLevel, but got: com.seibel.distanthorizons.common.wrappers.worldGeneration.mimicObject.DhLitWorldGenRegion_forge
[31Jul2026 16:05:21.284] [DH-World Gen Thread[3]/ERROR] [bettercaves/]: Liquid regions will not be generated for this chunk. This may be fatal!
[31Jul2026 16:05:21.336] [DH-World Gen Thread[1]/ERROR] [bettercaves/]: Better Caves expected a ServerLevel, but got: com.seibel.distanthorizons.common.wrappers.worldGeneration.mimicObject.DhLitWorldGenRegion_forge
[31Jul2026 16:05:21.386] [DH-World Gen Thread[1]/ERROR] [bettercaves/]: Liquid regions will not be generated for this chunk. This may be fatal!
[31Jul2026 16:05:21.513] [DH-World Gen Thread[1]/ERROR] [bettercaves/]: Better Caves expected a ServerLevel, but got: com.seibel.distanthorizons.common.wrappers.worldGeneration.mimicObject.DhLitWorldGenRegion_forge
[31Jul2026 16:05:21.767] [DH-World Gen Thread[1]/ERROR] [bettercaves/]: Liquid regions will not be generated for this chunk. This may be fatal!
[31Jul2026 16:05:21.829] [DH-World Gen Thread[1]/ERROR] [bettercaves/]: Better Caves expected a ServerLevel, but got: com.seibel.distanthorizons.common.wrappers.worldGeneration.mimicObject.DhLitWorldGenRegion_forge
[31Jul2026 16:05:21.831] [DH-World Gen Thread[1]/ERROR] [bettercaves/]: Liquid regions will not be generated for this chunk. This may be fatal!
[31Jul2026 16:05:22.164] [DH-World Gen Thread[5]/ERROR] [bettercaves/]: Better Caves expected a ServerLevel, but got: com.seibel.distanthorizons.common.wrappers.worldGeneration.mimicObject.DhLitWorldGenRegion_forge
[31Jul2026 16:05:22.165] [DH-World Gen Thread[5]/ERROR] [bettercaves/]: Liquid regions will not be generated for this chunk. This may be fatal!
[31Jul2026 16:05:22.169] [DH-World Gen Thread[2]/ERROR] [bettercaves/]: Better Caves expected a ServerLevel, but got: com.seibel.distanthorizons.common.wrappers.worldGeneration.mimicObject.DhLitWorldGenRegion_forge
[31Jul2026 16:05:22.170] [DH-World Gen Thread[2]/ERROR] [bettercaves/]: Liquid regions will not be generated for this chunk. This may be fatal!
[31Jul2026 16:05:22.170] [DH-World Gen Thread[3]/ERROR] [bettercaves/]: Better Caves expected a ServerLevel, but got: com.seibel.distanthorizons.common.wrappers.worldGeneration.mimicObject.DhLitWorldGenRegion_forge
[31Jul2026 16:05:22.175] [DH-World Gen Thread[3]/ERROR] [bettercaves/]: Liquid regions will not be generated for this chunk. This may be fatal!
[31Jul2026 16:05:22.735] [DH-World Gen Thread[1]/ERROR] [bettercaves/]: Better Caves expected a ServerLevel, but got: com.seibel.distanthorizons.common.wrappers.worldGeneration.mimicObject.DhLitWorldGenRegion_forge
[31Jul2026 16:05:22.735] [DH-World Gen Thread[1]/ERROR] [bettercaves/]: Liquid regions will not be generated for this chunk. This may be fatal!
[31Jul2026 16:05:23.600] [DH-World Gen Thread[0]/ERROR] [bettercaves/]: Better Caves expected a ServerLevel, but got: com.seibel.distanthorizons.common.wrappers.worldGeneration.mimicObject.DhLitWorldGenRegion_forge
[31Jul2026 16:05:23.602] [DH-World Gen Thread[0]/ERROR] [bettercaves/]: Liquid regions will not be generated for this chunk. This may be fatal!
[31Jul2026 16:05:23.605] [DH-World Gen Thread[0]/ERROR] [bettercaves/]: Better Caves expected a ServerLevel, but got: com.seibel.distanthorizons.common.wrappers.worldGeneration.mimicObject.DhLitWorldGenRegion_forge
[31Jul2026 16:05:23.605] [DH-World Gen Thread[0]/ERROR] [bettercaves/]: Liquid regions will not be generated for this chunk. This may be fatal!
[31Jul2026 16:05:23.606] [DH-World Gen Thread[0]/ERROR] [bettercaves/]: Better Caves expected a ServerLevel, but got: com.seibel.distanthorizons.common.wrappers.worldGeneration.mimicObject.DhLitWorldGenRegion_forge
[31Jul2026 16:05:23.606] [DH-World Gen Thread[0]/ERROR] [bettercaves/]: Liquid regions will not be generated for this chunk. This may be fatal!
[31Jul2026 16:05:23.606] [DH-World Gen Thread[0]/ERROR] [bettercaves/]: Better Caves expected a ServerLevel, but got: com.seibel.distanthorizons.common.wrappers.worldGeneration.mimicObject.DhLitWorldGenRegion_forge
[31Jul2026 16:05:23.606] [DH-World Gen Thread[0]/ERROR] [bettercaves/]: Liquid regions will not be generated for this chunk. This may be fatal!
[31Jul2026 16:05:23.606] [DH-World Gen Thread[0]/ERROR] [bettercaves/]: Better Caves expected a ServerLevel, but got: com.seibel.distanthorizons.common.wrappers.worldGeneration.mimicObject.DhLitWorldGenRegion_forge
[31Jul2026 16:05:23.606] [DH-World Gen Thread[0]/ERROR] [bettercaves/]: Liquid regions will not be generated for this chunk. This may be fatal!
[31Jul2026 16:05:23.606] [DH-World Gen Thread[0]/ERROR] [bettercaves/]: Better Caves expected a ServerLevel, but got: com.seibel.distanthorizons.common.wrappers.worldGeneration.mimicObject.DhLitWorldGenRegion_forge
[31Jul2026 16:05:23.606] [DH-World Gen Thread[0]/ERROR] [bettercaves/]: Liquid regions will not be generated for this chunk. This may be fatal!
[31Jul2026 16:05:23.606] [DH-World Gen Thread[0]/ERROR] [bettercaves/]: Better Caves expected a ServerLevel, but got: com.seibel.distanthorizons.common.wrappers.worldGeneration.mimicObject.DhLitWorldGenRegion_forge
[31Jul2026 16:05:23.606] [DH-World Gen Thread[0]/ERROR] [bettercaves/]: Liquid regions will not be generated for this chunk. This may be fatal!
[31Jul2026 16:05:23.606] [DH-World Gen Thread[0]/ERROR] [bettercaves/]: Better Caves expected a ServerLevel, but got: com.seibel.distanthorizons.common.wrappers.worldGeneration.mimicObject.DhLitWorldGenRegion_forge
[31Jul2026 16:05:23.607] [DH-World Gen Thread[0]/ERROR] [bettercaves/]: Liquid regions will not be generated for this chunk. This may be fatal!
[31Jul2026 16:05:23.607] [DH-World Gen Thread[0]/ERROR] [bettercaves/]: Better Caves expected a ServerLevel, but got: com.seibel.distanthorizons.common.wrappers.worldGeneration.mimicObject.DhLitWorldGenRegion_forge
[31Jul2026 16:05:23.607] [DH-World Gen Thread[0]/ERROR] [bettercaves/]: Liquid regions will not be generated for this chunk. This may be fatal!
[31Jul2026 16:05:23.607] [DH-World Gen Thread[4]/ERROR] [bettercaves/]: Better Caves expected a ServerLevel, but got: com.seibel.distanthorizons.common.wrappers.worldGeneration.mimicObject.DhLitWorldGenRegion_forge
[31Jul2026 16:05:23.607] [DH-World Gen Thread[4]/ERROR] [bettercaves/]: Liquid regions will not be generated for this chunk. This may be fatal!
[31Jul2026 16:05:23.607] [DH-World Gen Thread[4]/ERROR] [bettercaves/]: Better Caves expected a ServerLevel, but got: com.seibel.distanthorizons.common.wrappers.worldGeneration.mimicObject.DhLitWorldGenRegion_forge
[31Jul2026 16:05:23.607] [DH-World Gen Thread[4]/ERROR] [bettercaves/]: Liquid regions will not be generated for this chunk. This may be fatal!
[31Jul2026 16:05:23.607] [DH-World Gen Thread[4]/ERROR] [bettercaves/]: Better Caves expected a ServerLevel, but got: com.seibel.distanthorizons.common.wrappers.worldGeneration.mimicObject.DhLitWorldGenRegion_forge
[31Jul2026 16:05:23.607] [DH-World Gen Thread[4]/ERROR] [bettercaves/]: Liquid regions will not be generated for this chunk. This may be fatal!
[31Jul2026 16:05:23.607] [DH-World Gen Thread[4]/ERROR] [bettercaves/]: Better Caves expected a ServerLevel, but got: com.seibel.distanthorizons.common.wrappers.worldGeneration.mimicObject.DhLitWorldGenRegion_forge
[31Jul2026 16:05:23.607] [DH-World Gen Thread[4]/ERROR] [bettercaves/]: Liquid regions will not be generated for this chunk. This may be fatal!
[31Jul2026 16:05:23.619] [DH-World Gen Thread[4]/ERROR] [bettercaves/]: Better Caves expected a ServerLevel, but got: com.seibel.distanthorizons.common.wrappers.worldGeneration.mimicObject.DhLitWorldGenRegion_forge
[31Jul2026 16:05:23.629] [DH-World Gen Thread[4]/ERROR] [bettercaves/]: Liquid regions will not be generated for this chunk. This may be fatal!
[31Jul2026 16:05:23.631] [DH-World Gen Thread[4]/ERROR] [bettercaves/]: Better Caves expected a ServerLevel, but got: com.seibel.distanthorizons.common.wrappers.worldGeneration.mimicObject.DhLitWorldGenRegion_forge
[31Jul2026 16:05:23.631] [DH-World Gen Thread[4]/ERROR] [bettercaves/]: Liquid regions will not be generated for this chunk. This may be fatal!
[31Jul2026 16:05:23.632] [DH-World Gen Thread[4]/ERROR] [bettercaves/]: Better Caves expected a ServerLevel, but got: com.seibel.distanthorizons.common.wrappers.worldGeneration.mimicObject.DhLitWorldGenRegion_forge
[31Jul2026 16:05:23.632] [DH-World Gen Thread[4]/ERROR] [bettercaves/]: Liquid regions will not be generated for this chunk. This may be fatal!
[31Jul2026 16:05:23.637] [DH-World Gen Thread[4]/ERROR] [bettercaves/]: Better Caves expected a ServerLevel, but got: com.seibel.distanthorizons.common.wrappers.worldGeneration.mimicObject.DhLitWorldGenRegion_forge
[31Jul2026 16:05:23.639] [DH-World Gen Thread[4]/ERROR] [bettercaves/]: Liquid regions will not be generated for this chunk. This may be fatal!
[31Jul2026 16:05:23.642] [DH-World Gen Thread[4]/ERROR] [bettercaves/]: Better Caves expected a ServerLevel, but got: com.seibel.distanthorizons.common.wrappers.worldGeneration.mimicObject.DhLitWorldGenRegion_forge
[31Jul2026 16:05:23.643] [DH-World Gen Thread[4]/ERROR] [bettercaves/]: Liquid regions will not be generated for this chunk. This may be fatal!
[31Jul2026 16:05:23.643] [DH-World Gen Thread[2]/ERROR] [bettercaves/]: Better Caves expected a ServerLevel, but got: com.seibel.distanthorizons.common.wrappers.worldGeneration.mimicObject.DhLitWorldGenRegion_forge
[31Jul2026 16:05:23.644] [DH-World Gen Thread[2]/ERROR] [bettercaves/]: Liquid regions will not be generated for this chunk. This may be fatal!
[31Jul2026 16:05:23.646] [DH-World Gen Thread[2]/ERROR] [bettercaves/]: Better Caves expected a ServerLevel, but got: com.seibel.distanthorizons.common.wrappers.worldGeneration.mimicObject.DhLitWorldGenRegion_forge
[31Jul2026 16:05:23.649] [DH-World Gen Thread[2]/ERROR] [bettercaves/]: Liquid regions will not be generated for this chunk. This may be fatal!
[31Jul2026 16:05:23.651] [DH-World Gen Thread[2]/ERROR] [bettercaves/]: Better Caves expected a ServerLevel, but got: com.seibel.distanthorizons.common.wrappers.worldGeneration.mimicObject.DhLitWorldGenRegion_forge
[31Jul2026 16:05:23.657] [DH-World Gen Thread[2]/ERROR] [bettercaves/]: Liquid regions will not be generated for this chunk. This may be fatal!
[31Jul2026 16:05:23.662] [DH-World Gen Thread[2]/ERROR] [bettercaves/]: Better Caves expected a ServerLevel, but got: com.seibel.distanthorizons.common.wrappers.worldGeneration.mimicObject.DhLitWorldGenRegion_forge
[31Jul2026 16:05:23.673] [DH-World Gen Thread[2]/ERROR] [bettercaves/]: Liquid regions will not be generated for this chunk. This may be fatal!
[31Jul2026 16:05:23.682] [DH-World Gen Thread[2]/ERROR] [bettercaves/]: Better Caves expected a ServerLevel, but got: com.seibel.distanthorizons.common.wrappers.worldGeneration.mimicObject.DhLitWorldGenRegion_forge
[31Jul2026 16:05:23.688] [DH-World Gen Thread[2]/ERROR] [bettercaves/]: Liquid regions will not be generated for this chunk. This may be fatal!
[31Jul2026 16:05:23.714] [DH-World Gen Thread[2]/ERROR] [bettercaves/]: Better Caves expected a ServerLevel, but got: com.seibel.distanthorizons.common.wrappers.worldGeneration.mimicObject.DhLitWorldGenRegion_forge
[31Jul2026 16:05:23.720] [DH-World Gen Thread[2]/ERROR] [bettercaves/]: Liquid regions will not be generated for this chunk. This may be fatal!
[31Jul2026 16:05:23.720] [DH-World Gen Thread[2]/ERROR] [bettercaves/]: Better Caves expected a ServerLevel, but got: com.seibel.distanthorizons.common.wrappers.worldGeneration.mimicObject.DhLitWorldGenRegion_forge
[31Jul2026 16:05:23.720] [DH-World Gen Thread[2]/ERROR] [bettercaves/]: Liquid regions will not be generated for this chunk. This may be fatal!
[31Jul2026 16:05:23.724] [DH-World Gen Thread[2]/ERROR] [bettercaves/]: Better Caves expected a ServerLevel, but got: com.seibel.distanthorizons.common.wrappers.worldGeneration.mimicObject.DhLitWorldGenRegion_forge
[31Jul2026 16:05:23.755] [DH-World Gen Thread[2]/ERROR] [bettercaves/]: Liquid regions will not be generated for this chunk. This may be fatal!
[31Jul2026 16:05:23.761] [DH-World Gen Thread[2]/ERROR] [bettercaves/]: Better Caves expected a ServerLevel, but got: com.seibel.distanthorizons.common.wrappers.worldGeneration.mimicObject.DhLitWorldGenRegion_forge
[31Jul2026 16:05:23.764] [DH-World Gen Thread[2]/ERROR] [bettercaves/]: Liquid regions will not be generated for this chunk. This may be fatal!
[31Jul2026 16:05:23.764] [DH-World Gen Thread[5]/ERROR] [bettercaves/]: Better Caves expected a ServerLevel, but got: com.seibel.distanthorizons.common.wrappers.worldGeneration.mimicObject.DhLitWorldGenRegion_forge
[31Jul2026 16:05:23.766] [DH-World Gen Thread[5]/ERROR] [bettercaves/]: Liquid regions will not be generated for this chunk. This may be fatal!
[31Jul2026 16:05:23.766] [DH-World Gen Thread[5]/ERROR] [bettercaves/]: Better Caves expected a ServerLevel, but got: com.seibel.distanthorizons.common.wrappers.worldGeneration.mimicObject.DhLitWorldGenRegion_forge
[31Jul2026 16:05:23.766] [DH-World Gen Thread[5]/ERROR] [bettercaves/]: Liquid regions will not be generated for this chunk. This may be fatal!
[31Jul2026 16:05:23.766] [DH-World Gen Thread[5]/ERROR] [bettercaves/]: Better Caves expected a ServerLevel, but got: com.seibel.distanthorizons.common.wrappers.worldGeneration.mimicObject.DhLitWorldGenRegion_forge
[31Jul2026 16:05:23.766] [DH-World Gen Thread[5]/ERROR] [bettercaves/]: Liquid regions will not be generated for this chunk. This may be fatal!
[31Jul2026 16:05:23.767] [DH-World Gen Thread[5]/ERROR] [bettercaves/]: Better Caves expected a ServerLevel, but got: com.seibel.distanthorizons.common.wrappers.worldGeneration.mimicObject.DhLitWorldGenRegion_forge
[31Jul2026 16:05:23.767] [DH-World Gen Thread[5]/ERROR] [bettercaves/]: Liquid regions will not be generated for this chunk. This may be fatal!
[31Jul2026 16:05:23.767] [DH-World Gen Thread[5]/ERROR] [bettercaves/]: Better Caves expected a ServerLevel, but got: com.seibel.distanthorizons.common.wrappers.worldGeneration.mimicObject.DhLitWorldGenRegion_forge
[31Jul2026 16:05:23.767] [DH-World Gen Thread[5]/ERROR] [bettercaves/]: Liquid regions will not be generated for this chunk. This may be fatal!
[31Jul2026 16:05:23.767] [DH-World Gen Thread[5]/ERROR] [bettercaves/]: Better Caves expected a ServerLevel, but got: com.seibel.distanthorizons.common.wrappers.worldGeneration.mimicObject.DhLitWorldGenRegion_forge
[31Jul2026 16:05:23.767] [DH-World Gen Thread[5]/ERROR] [bettercaves/]: Liquid regions will not be generated for this chunk. This may be fatal!
[31Jul2026 16:05:23.767] [DH-World Gen Thread[5]/ERROR] [bettercaves/]: Better Caves expected a ServerLevel, but got: com.seibel.distanthorizons.common.wrappers.worldGeneration.mimicObject.DhLitWorldGenRegion_forge
[31Jul2026 16:05:23.767] [DH-World Gen Thread[5]/ERROR] [bettercaves/]: Liquid regions will not be generated for this chunk. This may be fatal!
[31Jul2026 16:05:23.767] [DH-World Gen Thread[5]/ERROR] [bettercaves/]: Better Caves expected a ServerLevel, but got: com.seibel.distanthorizons.common.wrappers.worldGeneration.mimicObject.DhLitWorldGenRegion_forge
[31Jul2026 16:05:23.767] [DH-World Gen Thread[5]/ERROR] [bettercaves/]: Liquid regions will not be generated for this chunk. This may be fatal!
[31Jul2026 16:05:23.772] [DH-World Gen Thread[5]/ERROR] [bettercaves/]: Better Caves expected a ServerLevel, but got: com.seibel.distanthorizons.common.wrappers.worldGeneration.mimicObject.DhLitWorldGenRegion_forge
[31Jul2026 16:05:23.773] [DH-World Gen Thread[5]/ERROR] [bettercaves/]: Liquid regions will not be generated for this chunk. This may be fatal!
[31Jul2026 16:05:24.459] [DH-World Gen Thread[3]/ERROR] [bettercaves/]: Better Caves expected a ServerLevel, but got: com.seibel.distanthorizons.common.wrappers.worldGeneration.mimicObject.DhLitWorldGenRegion_forge
[31Jul2026 16:05:24.463] [DH-World Gen Thread[3]/ERROR] [bettercaves/]: Liquid regions will not be generated for this chunk. This may be fatal!
[31Jul2026 16:05:24.483] [DH-World Gen Thread[3]/ERROR] [bettercaves/]: Better Caves expected a ServerLevel, but got: com.seibel.distanthorizons.common.wrappers.worldGeneration.mimicObject.DhLitWorldGenRegion_forge
[31Jul2026 16:05:24.500] [DH-World Gen Thread[3]/ERROR] [bettercaves/]: Liquid regions will not be generated for this chunk. This may be fatal!
[31Jul2026 16:05:24.505] [DH-World Gen Thread[3]/ERROR] [bettercaves/]: Better Caves expected a ServerLevel, but got: com.seibel.distanthorizons.common.wrappers.worldGeneration.mimicObject.DhLitWorldGenRegion_forge
[31Jul2026 16:05:24.520] [DH-World Gen Thread[3]/ERROR] [bettercaves/]: Liquid regions will not be generated for this chunk. This may be fatal!
[31Jul2026 16:05:24.529] [DH-World Gen Thread[3]/ERROR] [bettercaves/]: Better Caves expected a ServerLevel, but got: com.seibel.distanthorizons.common.wrappers.worldGeneration.mimicObject.DhLitWorldGenRegion_forge
[31Jul2026 16:05:24.547] [DH-World Gen Thread[3]/ERROR] [bettercaves/]: Liquid regions will not be generated for this chunk. This may be fatal!
[31Jul2026 16:05:24.572] [DH-World Gen Thread[3]/ERROR] [bettercaves/]: Better Caves expected a ServerLevel, but got: com.seibel.distanthorizons.common.wrappers.worldGeneration.mimicObject.DhLitWorldGenRegion_forge
[31Jul2026 16:05:24.587] [DH-World Gen Thread[3]/ERROR] [bettercaves/]: Liquid regions will not be generated for this chunk. This may be fatal!
[31Jul2026 16:05:24.601] [DH-World Gen Thread[3]/ERROR] [bettercaves/]: Better Caves expected a ServerLevel, but got: com.seibel.distanthorizons.common.wrappers.worldGeneration.mimicObject.DhLitWorldGenRegion_forge
[31Jul2026 16:05:24.602] [DH-World Gen Thread[3]/ERROR] [bettercaves/]: Liquid regions will not be generated for this chunk. This may be fatal!
[31Jul2026 16:05:24.604] [DH-World Gen Thread[3]/ERROR] [bettercaves/]: Better Caves expected a ServerLevel, but got: com.seibel.distanthorizons.common.wrappers.worldGeneration.mimicObject.DhLitWorldGenRegion_forge
[31Jul2026 16:05:24.604] [DH-World Gen Thread[3]/ERROR] [bettercaves/]: Liquid regions will not be generated for this chunk. This may be fatal!
[31Jul2026 16:05:24.604] [DH-World Gen Thread[3]/ERROR] [bettercaves/]: Better Caves expected a ServerLevel, but got: com.seibel.distanthorizons.common.wrappers.worldGeneration.mimicObject.DhLitWorldGenRegion_forge
[31Jul2026 16:05:24.604] [DH-World Gen Thread[3]/ERROR] [bettercaves/]: Liquid regions will not be generated for this chunk. This may be fatal!
[31Jul2026 16:05:24.604] [DH-World Gen Thread[3]/ERROR] [bettercaves/]: Better Caves expected a ServerLevel, but got: com.seibel.distanthorizons.common.wrappers.worldGeneration.mimicObject.DhLitWorldGenRegion_forge
[31Jul2026 16:05:24.605] [DH-World Gen Thread[3]/ERROR] [bettercaves/]: Liquid regions will not be generated for this chunk. This may be fatal!
[31Jul2026 16:05:24.675] [DH-World Gen Thread[1]/ERROR] [bettercaves/]: Better Caves expected a ServerLevel, but got: com.seibel.distanthorizons.common.wrappers.worldGeneration.mimicObject.DhLitWorldGenRegion_forge
[31Jul2026 16:05:24.677] [DH-World Gen Thread[1]/ERROR] [bettercaves/]: Liquid regions will not be generated for this chunk. This may be fatal!
[31Jul2026 16:05:24.693] [DH-World Gen Thread[1]/ERROR] [bettercaves/]: Better Caves expected a ServerLevel, but got: com.seibel.distanthorizons.common.wrappers.worldGeneration.mimicObject.DhLitWorldGenRegion_forge
[31Jul2026 16:05:24.705] [DH-World Gen Thread[1]/ERROR] [bettercaves/]: Liquid regions will not be generated for this chunk. This may be fatal!
[31Jul2026 16:05:24.726] [DH-World Gen Thread[1]/ERROR] [bettercaves/]: Better Caves expected a ServerLevel, but got: com.seibel.distanthorizons.common.wrappers.worldGeneration.mimicObject.DhLitWorldGenRegion_forge
[31Jul2026 16:05:24.737] [DH-World Gen Thread[1]/ERROR] [bettercaves/]: Liquid regions will not be generated for this chunk. This may be fatal!
[31Jul2026 16:05:24.763] [DH-World Gen Thread[1]/ERROR] [bettercaves/]: Better Caves expected a ServerLevel, but got: com.seibel.distanthorizons.common.wrappers.worldGeneration.mimicObject.DhLitWorldGenRegion_forge
[31Jul2026 16:05:24.786] [DH-World Gen Thread[1]/ERROR] [bettercaves/]: Liquid regions will not be generated for this chunk. This may be fatal!
[31Jul2026 16:05:24.814] [DH-World Gen Thread[1]/ERROR] [bettercaves/]: Better Caves expected a ServerLevel, but got: com.seibel.distanthorizons.common.wrappers.worldGeneration.mimicObject.DhLitWorldGenRegion_forge
[31Jul2026 16:05:24.830] [DH-World Gen Thread[1]/ERROR] [bettercaves/]: Liquid regions will not be generated for this chunk. This may be fatal!
[31Jul2026 16:05:24.844] [DH-World Gen Thread[1]/ERROR] [bettercaves/]: Better Caves expected a ServerLevel, but got: com.seibel.distanthorizons.common.wrappers.worldGeneration.mimicObject.DhLitWorldGenRegion_forge
[31Jul2026 16:05:24.857] [DH-World Gen Thread[1]/ERROR] [bettercaves/]: Liquid regions will not be generated for this chunk. This may be fatal!
[31Jul2026 16:05:24.866] [DH-World Gen Thread[1]/ERROR] [bettercaves/]: Better Caves expected a ServerLevel, but got: com.seibel.distanthorizons.common.wrappers.worldGeneration.mimicObject.DhLitWorldGenRegion_forge
[31Jul2026 16:05:24.873] [DH-World Gen Thread[1]/ERROR] [bettercaves/]: Liquid regions will not be generated for this chunk. This may be fatal!
[31Jul2026 16:05:24.905] [DH-World Gen Thread[1]/ERROR] [bettercaves/]: Better Caves expected a ServerLevel, but got: com.seibel.distanthorizons.common.wrappers.worldGeneration.mimicObject.DhLitWorldGenRegion_forge
[31Jul2026 16:05:24.920] [DH-World Gen Thread[1]/ERROR] [bettercaves/]: Liquid regions will not be generated for this chunk. This may be fatal!
[31Jul2026 16:05:24.926] [DH-World Gen Thread[1]/ERROR] [bettercaves/]: Better Caves expected a ServerLevel, but got: com.seibel.distanthorizons.common.wrappers.worldGeneration.mimicObject.DhLitWorldGenRegion_forge
[31Jul2026 16:05:24.943] [DH-World Gen Thread[1]/ERROR] [bettercaves/]: Liquid regions will not be generated for this chunk. This may be fatal!
[31Jul2026 16:05:25.312] [DH-World Gen Thread[4]/ERROR] [bettercaves/]: Better Caves expected a ServerLevel, but got: com.seibel.distanthorizons.common.wrappers.worldGeneration.mimicObject.DhLitWorldGenRegion_forge
[31Jul2026 16:05:25.317] [DH-World Gen Thread[4]/ERROR] [bettercaves/]: Liquid regions will not be generated for this chunk. This may be fatal!
[31Jul2026 16:05:25.331] [DH-World Gen Thread[4]/ERROR] [bettercaves/]: Better Caves expected a ServerLevel, but got: com.seibel.distanthorizons.common.wrappers.worldGeneration.mimicObject.DhLitWorldGenRegion_forge
[31Jul2026 16:05:25.356] [DH-World Gen Thread[4]/ERROR] [bettercaves/]: Liquid regions will not be generated for this chunk. This may be fatal!
[31Jul2026 16:05:25.412] [DH-World Gen Thread[4]/ERROR] [bettercaves/]: Better Caves expected a ServerLevel, but got: com.seibel.distanthorizons.common.wrappers.worldGeneration.mimicObject.DhLitWorldGenRegion_forge
[31Jul2026 16:05:25.413] [DH-World Gen Thread[4]/ERROR] [bettercaves/]: Liquid regions will not be generated for this chunk. This may be fatal!
[31Jul2026 16:05:25.419] [DH-World Gen Thread[2]/ERROR] [bettercaves/]: Better Caves expected a ServerLevel, but got: com.seibel.distanthorizons.common.wrappers.worldGeneration.mimicObject.DhLitWorldGenRegion_forge
[31Jul2026 16:05:25.426] [DH-World Gen Thread[2]/ERROR] [bettercaves/]: Liquid regions will not be generated for this chunk. This may be fatal!
[31Jul2026 16:05:25.427] [DH-World Gen Thread[2]/ERROR] [bettercaves/]: Better Caves expected a ServerLevel, but got: com.seibel.distanthorizons.common.wrappers.worldGeneration.mimicObject.DhLitWorldGenRegion_forge
[31Jul2026 16:05:25.427] [DH-World Gen Thread[2]/ERROR] [bettercaves/]: Liquid regions will not be generated for this chunk. This may be fatal!
[31Jul2026 16:05:25.427] [DH-World Gen Thread[2]/ERROR] [bettercaves/]: Better Caves expected a ServerLevel, but got: com.seibel.distanthorizons.common.wrappers.worldGeneration.mimicObject.DhLitWorldGenRegion_forge
[31Jul2026 16:05:25.427] [DH-World Gen Thread[2]/ERROR] [bettercaves/]: Liquid regions will not be generated for this chunk. This may be fatal!
[31Jul2026 16:05:25.427] [DH-World Gen Thread[0]/ERROR] [bettercaves/]: Better Caves expected a ServerLevel, but got: com.seibel.distanthorizons.common.wrappers.worldGeneration.mimicObject.DhLitWorldGenRegion_forge
[31Jul2026 16:05:25.427] [DH-World Gen Thread[0]/ERROR] [bettercaves/]: Liquid regions will not be generated for this chunk. This may be fatal!
[31Jul2026 16:05:25.427] [DH-World Gen Thread[0]/ERROR] [bettercaves/]: Better Caves expected a ServerLevel, but got: com.seibel.distanthorizons.common.wrappers.worldGeneration.mimicObject.DhLitWorldGenRegion_forge
[31Jul2026 16:05:25.427] [DH-World Gen Thread[0]/ERROR] [bettercaves/]: Liquid regions will not be generated for this chunk. This may be fatal!
[31Jul2026 16:05:25.427] [DH-World Gen Thread[0]/ERROR] [bettercaves/]: Better Caves expected a ServerLevel, but got: com.seibel.distanthorizons.common.wrappers.worldGeneration.mimicObject.DhLitWorldGenRegion_forge
[31Jul2026 16:05:25.427] [DH-World Gen Thread[0]/ERROR] [bettercaves/]: Liquid regions will not be generated for this chunk. This may be fatal!
[31Jul2026 16:05:25.916] [DH-World Gen Thread[0]/ERROR] [bettercaves/]: Better Caves expected a ServerLevel, but got: com.seibel.distanthorizons.common.wrappers.worldGeneration.mimicObject.DhLitWorldGenRegion_forge
[31Jul2026 16:05:25.916] [DH-World Gen Thread[0]/ERROR] [bettercaves/]: Liquid regions will not be generated for this chunk. This may be fatal!
[31Jul2026 16:05:25.917] [DH-World Gen Thread[0]/ERROR] [bettercaves/]: Better Caves expected a ServerLevel, but got: com.seibel.distanthorizons.common.wrappers.worldGeneration.mimicObject.DhLitWorldGenRegion_forge
[31Jul2026 16:05:25.923] [DH-World Gen Thread[0]/ERROR] [bettercaves/]: Liquid regions will not be generated for this chunk. This may be fatal!
[31Jul2026 16:05:25.924] [DH-World Gen Thread[0]/ERROR] [bettercaves/]: Better Caves expected a ServerLevel, but got: com.seibel.distanthorizons.common.wrappers.worldGeneration.mimicObject.DhLitWorldGenRegion_forge
[31Jul2026 16:05:25.924] [DH-World Gen Thread[0]/ERROR] [bettercaves/]: Liquid regions will not be generated for this chunk. This may be fatal!
[31Jul2026 16:05:25.962] [DH-World Gen Thread[5]/ERROR] [bettercaves/]: Better Caves expected a ServerLevel, but got: com.seibel.distanthorizons.common.wrappers.worldGeneration.mimicObject.DhLitWorldGenRegion_forge
[31Jul2026 16:05:25.976] [DH-World Gen Thread[5]/ERROR] [bettercaves/]: Liquid regions will not be generated for this chunk. This may be fatal!
[31Jul2026 16:05:25.976] [DH-World Gen Thread[5]/ERROR] [bettercaves/]: Better Caves expected a ServerLevel, but got: com.seibel.distanthorizons.common.wrappers.worldGeneration.mimicObject.DhLitWorldGenRegion_forge
[31Jul2026 16:05:25.976] [DH-World Gen Thread[5]/ERROR] [bettercaves/]: Liquid regions will not be generated for this chunk. This may be fatal!
[31Jul2026 16:05:25.976] [DH-World Gen Thread[5]/ERROR] [bettercaves/]: Better Caves expected a ServerLevel, but got: com.seibel.distanthorizons.common.wrappers.worldGeneration.mimicObject.DhLitWorldGenRegion_forge
[31Jul2026 16:05:25.976] [DH-World Gen Thread[5]/ERROR] [bettercaves/]: Liquid regions will not be generated for this chunk. This may be fatal!
[31Jul2026 16:05:26.135] [DH-World Gen Thread[2]/ERROR] [bettercaves/]: Better Caves expected a ServerLevel, but got: com.seibel.distanthorizons.common.wrappers.worldGeneration.mimicObject.DhLitWorldGenRegion_forge
[31Jul2026 16:05:26.213] [DH-World Gen Thread[2]/ERROR] [bettercaves/]: Liquid regions will not be generated for this chunk. This may be fatal!
[31Jul2026 16:05:26.232] [DH-World Gen Thread[2]/ERROR] [bettercaves/]: Better Caves expected a ServerLevel, but got: com.seibel.distanthorizons.common.wrappers.worldGeneration.mimicObject.DhLitWorldGenRegion_forge
[31Jul2026 16:05:26.237] [DH-World Gen Thread[2]/ERROR] [bettercaves/]: Liquid regions will not be generated for this chunk. This may be fatal!
[31Jul2026 16:05:26.271] [DH-World Gen Thread[2]/ERROR] [bettercaves/]: Better Caves expected a ServerLevel, but got: com.seibel.distanthorizons.common.wrappers.worldGeneration.mimicObject.DhLitWorldGenRegion_forge
[31Jul2026 16:05:26.273] [DH-World Gen Thread[2]/ERROR] [bettercaves/]: Liquid regions will not be generated for this chunk. This may be fatal!
[31Jul2026 16:05:26.275] [DH-World Gen Thread[4]/ERROR] [bettercaves/]: Better Caves expected a ServerLevel, but got: com.seibel.distanthorizons.common.wrappers.worldGeneration.mimicObject.DhLitWorldGenRegion_forge
[31Jul2026 16:05:26.283] [DH-World Gen Thread[4]/ERROR] [bettercaves/]: Liquid regions will not be generated for this chunk. This may be fatal!
[31Jul2026 16:05:26.283] [DH-World Gen Thread[4]/ERROR] [bettercaves/]: Better Caves expected a ServerLevel, but got: com.seibel.distanthorizons.common.wrappers.worldGeneration.mimicObject.DhLitWorldGenRegion_forge
[31Jul2026 16:05:26.283] [DH-World Gen Thread[4]/ERROR] [bettercaves/]: Liquid regions will not be generated for this chunk. This may be fatal!
[31Jul2026 16:05:26.283] [DH-World Gen Thread[4]/ERROR] [bettercaves/]: Better Caves expected a ServerLevel, but got: com.seibel.distanthorizons.common.wrappers.worldGeneration.mimicObject.DhLitWorldGenRegion_forge
[31Jul2026 16:05:26.283] [DH-World Gen Thread[4]/ERROR] [bettercaves/]: Liquid regions will not be generated for this chunk. This may be fatal!
[31Jul2026 16:05:26.519] [DH-World Gen Thread[0]/ERROR] [bettercaves/]: Better Caves expected a ServerLevel, but got: com.seibel.distanthorizons.common.wrappers.worldGeneration.mimicObject.DhLitWorldGenRegion_forge
[31Jul2026 16:05:26.519] [DH-World Gen Thread[0]/ERROR] [bettercaves/]: Liquid regions will not be generated for this chunk. This may be fatal!
[31Jul2026 16:05:26.687] [DH-World Gen Thread[5]/ERROR] [bettercaves/]: Better Caves expected a ServerLevel, but got: com.seibel.distanthorizons.common.wrappers.worldGeneration.mimicObject.DhLitWorldGenRegion_forge
[31Jul2026 16:05:26.709] [DH-World Gen Thread[5]/ERROR] [bettercaves/]: Liquid regions will not be generated for this chunk. This may be fatal!
[31Jul2026 16:05:26.715] [DH-World Gen Thread[5]/ERROR] [bettercaves/]: Better Caves expected a ServerLevel, but got: com.seibel.distanthorizons.common.wrappers.worldGeneration.mimicObject.DhLitWorldGenRegion_forge
[31Jul2026 16:05:26.722] [DH-World Gen Thread[5]/ERROR] [bettercaves/]: Liquid regions will not be generated for this chunk. This may be fatal!
[31Jul2026 16:05:26.723] [DH-World Gen Thread[5]/ERROR] [bettercaves/]: Better Caves expected a ServerLevel, but got: com.seibel.distanthorizons.common.wrappers.worldGeneration.mimicObject.DhLitWorldGenRegion_forge
[31Jul2026 16:05:26.723] [DH-World Gen Thread[5]/ERROR] [bettercaves/]: Liquid regions will not be generated for this chunk. This may be fatal!
[31Jul2026 16:05:26.770] [DH-World Gen Thread[4]/ERROR] [bettercaves/]: Better Caves expected a ServerLevel, but got: com.seibel.distanthorizons.common.wrappers.worldGeneration.mimicObject.DhLitWorldGenRegion_forge
[31Jul2026 16:05:26.773] [DH-World Gen Thread[4]/ERROR] [bettercaves/]: Liquid regions will not be generated for this chunk. This may be fatal!
[31Jul2026 16:05:26.913] [DH-World Gen Thread[2]/ERROR] [bettercaves/]: Better Caves expected a ServerLevel, but got: com.seibel.distanthorizons.common.wrappers.worldGeneration.mimicObject.DhLitWorldGenRegion_forge
[31Jul2026 16:05:26.913] [DH-World Gen Thread[2]/ERROR] [bettercaves/]: Liquid regions will not be generated for this chunk. This may be fatal!
[31Jul2026 16:05:27.102] [DH-World Gen Thread[1]/ERROR] [bettercaves/]: Better Caves expected a ServerLevel, but got: com.seibel.distanthorizons.common.wrappers.worldGeneration.mimicObject.DhLitWorldGenRegion_forge
[31Jul2026 16:05:27.125] [DH-World Gen Thread[1]/ERROR] [bettercaves/]: Liquid regions will not be generated for this chunk. This may be fatal!
[31Jul2026 16:05:27.175] [DH-World Gen Thread[1]/ERROR] [bettercaves/]: Better Caves expected a ServerLevel, but got: com.seibel.distanthorizons.common.wrappers.worldGeneration.mimicObject.DhLitWorldGenRegion_forge
[31Jul2026 16:05:27.182] [DH-World Gen Thread[1]/ERROR] [bettercaves/]: Liquid regions will not be generated for this chunk. This may be fatal!
[31Jul2026 16:05:27.208] [DH-World Gen Thread[1]/ERROR] [bettercaves/]: Better Caves expected a ServerLevel, but got: com.seibel.distanthorizons.common.wrappers.worldGeneration.mimicObject.DhLitWorldGenRegion_forge
[31Jul2026 16:05:27.209] [DH-World Gen Thread[1]/ERROR] [bettercaves/]: Liquid regions will not be generated for this chunk. This may be fatal!
[31Jul2026 16:05:27.320] [DH-World Gen Thread[5]/ERROR] [bettercaves/]: Better Caves expected a ServerLevel, but got: com.seibel.distanthorizons.common.wrappers.worldGeneration.mimicObject.DhLitWorldGenRegion_forge
[31Jul2026 16:05:27.322] [DH-World Gen Thread[5]/ERROR] [bettercaves/]: Liquid regions will not be generated for this chunk. This may be fatal!
[31Jul2026 16:05:27.539] [DH-World Gen Thread[3]/ERROR] [bettercaves/]: Better Caves expected a ServerLevel, but got: com.seibel.distanthorizons.common.wrappers.worldGeneration.mimicObject.DhLitWorldGenRegion_forge
[31Jul2026 16:05:27.539] [DH-World Gen Thread[3]/ERROR] [bettercaves/]: Liquid regions will not be generated for this chunk. This may be fatal!
[31Jul2026 16:05:27.544] [DH-World Gen Thread[3]/ERROR] [bettercaves/]: Better Caves expected a ServerLevel, but got: com.seibel.distanthorizons.common.wrappers.worldGeneration.mimicObject.DhLitWorldGenRegion_forge
[31Jul2026 16:05:27.551] [DH-World Gen Thread[3]/ERROR] [bettercaves/]: Liquid regions will not be generated for this chunk. This may be fatal!
[31Jul2026 16:05:27.554] [DH-World Gen Thread[3]/ERROR] [bettercaves/]: Better Caves expected a ServerLevel, but got: com.seibel.distanthorizons.common.wrappers.worldGeneration.mimicObject.DhLitWorldGenRegion_forge
[31Jul2026 16:05:27.561] [DH-World Gen Thread[3]/ERROR] [bettercaves/]: Liquid regions will not be generated for this chunk. This may be fatal!
[31Jul2026 16:05:27.839] [DH-World Gen Thread[1]/ERROR] [bettercaves/]: Better Caves expected a ServerLevel, but got: com.seibel.distanthorizons.common.wrappers.worldGeneration.mimicObject.DhLitWorldGenRegion_forge
[31Jul2026 16:05:27.840] [DH-World Gen Thread[1]/ERROR] [bettercaves/]: Liquid regions will not be generated for this chunk. This may be fatal!
[31Jul2026 16:05:27.840] [DH-World Gen Thread[1]/ERROR] [bettercaves/]: Better Caves expected a ServerLevel, but got: com.seibel.distanthorizons.common.wrappers.worldGeneration.mimicObject.DhLitWorldGenRegion_forge
[31Jul2026 16:05:27.840] [DH-World Gen Thread[1]/ERROR] [bettercaves/]: Liquid regions will not be generated for this chunk. This may be fatal!
[31Jul2026 16:05:27.844] [DH-World Gen Thread[1]/ERROR] [bettercaves/]: Better Caves expected a ServerLevel, but got: com.seibel.distanthorizons.common.wrappers.worldGeneration.mimicObject.DhLitWorldGenRegion_forge
[31Jul2026 16:05:27.849] [DH-World Gen Thread[1]/ERROR] [bettercaves/]: Liquid regions will not be generated for this chunk. This may be fatal!
[31Jul2026 16:05:28.025] [DH-World Gen Thread[3]/ERROR] [bettercaves/]: Better Caves expected a ServerLevel, but got: com.seibel.distanthorizons.common.wrappers.worldGeneration.mimicObject.DhLitWorldGenRegion_forge
[31Jul2026 16:05:28.025] [DH-World Gen Thread[3]/ERROR] [bettercaves/]: Liquid regions will not be generated for this chunk. This may be fatal!
[31Jul2026 16:05:28.033] [DH-World Gen Thread[3]/ERROR] [bettercaves/]: Better Caves expected a ServerLevel, but got: com.seibel.distanthorizons.common.wrappers.worldGeneration.mimicObject.DhLitWorldGenRegion_forge
[31Jul2026 16:05:28.034] [DH-World Gen Thread[3]/ERROR] [bettercaves/]: Liquid regions will not be generated for this chunk. This may be fatal!
[31Jul2026 16:05:28.039] [DH-World Gen Thread[3]/ERROR] [bettercaves/]: Better Caves expected a ServerLevel, but got: com.seibel.distanthorizons.common.wrappers.worldGeneration.mimicObject.DhLitWorldGenRegion_forge
[31Jul2026 16:05:28.063] [DH-World Gen Thread[3]/ERROR] [bettercaves/]: Liquid regions will not be generated for this chunk. This may be fatal!
[31Jul2026 16:05:28.479] [DH-World Gen Thread[0]/ERROR] [bettercaves/]: Better Caves expected a ServerLevel, but got: com.seibel.distanthorizons.common.wrappers.worldGeneration.mimicObject.DhLitWorldGenRegion_forge
[31Jul2026 16:05:28.504] [DH-World Gen Thread[0]/ERROR] [bettercaves/]: Liquid regions will not be generated for this chunk. This may be fatal!
[31Jul2026 16:05:28.504] [DH-World Gen Thread[0]/ERROR] [bettercaves/]: Better Caves expected a ServerLevel, but got: com.seibel.distanthorizons.common.wrappers.worldGeneration.mimicObject.DhLitWorldGenRegion_forge
[31Jul2026 16:05:28.567] [DH-World Gen Thread[0]/ERROR] [bettercaves/]: Liquid regions will not be generated for this chunk. This may be fatal!
[31Jul2026 16:05:28.598] [DH-World Gen Thread[0]/ERROR] [bettercaves/]: Better Caves expected a ServerLevel, but got: com.seibel.distanthorizons.common.wrappers.worldGeneration.mimicObject.DhLitWorldGenRegion_forge
[31Jul2026 16:05:28.620] [DH-World Gen Thread[0]/ERROR] [bettercaves/]: Liquid regions will not be generated for this chunk. This may be fatal!
[31Jul2026 16:05:28.620] [DH-World Gen Thread[0]/ERROR] [bettercaves/]: Better Caves expected a ServerLevel, but got: com.seibel.distanthorizons.common.wrappers.worldGeneration.mimicObject.DhLitWorldGenRegion_forge
[31Jul2026 16:05:28.620] [DH-World Gen Thread[0]/ERROR] [bettercaves/]: Liquid regions will not be generated for this chunk. This may be fatal!
[31Jul2026 16:05:28.621] [DH-World Gen Thread[0]/ERROR] [bettercaves/]: Better Caves expected a ServerLevel, but got: com.seibel.distanthorizons.common.wrappers.worldGeneration.mimicObject.DhLitWorldGenRegion_forge
[31Jul2026 16:05:28.621] [DH-World Gen Thread[0]/ERROR] [bettercaves/]: Liquid regions will not be generated for this chunk. This may be fatal!
[31Jul2026 16:05:28.621] [DH-World Gen Thread[0]/ERROR] [bettercaves/]: Better Caves expected a ServerLevel, but got: com.seibel.distanthorizons.common.wrappers.worldGeneration.mimicObject.DhLitWorldGenRegion_forge
[31Jul2026 16:05:28.621] [DH-World Gen Thread[0]/ERROR] [bettercaves/]: Liquid regions will not be generated for this chunk. This may be fatal!
[31Jul2026 16:05:28.621] [DH-World Gen Thread[0]/ERROR] [bettercaves/]: Better Caves expected a ServerLevel, but got: com.seibel.distanthorizons.common.wrappers.worldGeneration.mimicObject.DhLitWorldGenRegion_forge
[31Jul2026 16:05:28.621] [DH-World Gen Thread[0]/ERROR] [bettercaves/]: Liquid regions will not be generated for this chunk. This may be fatal!
[31Jul2026 16:05:28.621] [DH-World Gen Thread[0]/ERROR] [bettercaves/]: Better Caves expected a ServerLevel, but got: com.seibel.distanthorizons.common.wrappers.worldGeneration.mimicObject.DhLitWorldGenRegion_forge
[31Jul2026 16:05:28.621] [DH-World Gen Thread[0]/ERROR] [bettercaves/]: Liquid regions will not be generated for this chunk. This may be fatal!
[31Jul2026 16:05:28.621] [DH-World Gen Thread[1]/ERROR] [bettercaves/]: Better Caves expected a ServerLevel, but got: com.seibel.distanthorizons.common.wrappers.worldGeneration.mimicObject.DhLitWorldGenRegion_forge
[31Jul2026 16:05:28.624] [DH-World Gen Thread[1]/ERROR] [bettercaves/]: Liquid regions will not be generated for this chunk. This may be fatal!
[31Jul2026 16:05:28.654] [DH-World Gen Thread[4]/ERROR] [bettercaves/]: Better Caves expected a ServerLevel, but got: com.seibel.distanthorizons.common.wrappers.worldGeneration.mimicObject.DhLitWorldGenRegion_forge
[31Jul2026 16:05:28.655] [DH-World Gen Thread[4]/ERROR] [bettercaves/]: Liquid regions will not be generated for this chunk. This may be fatal!
[31Jul2026 16:05:28.675] [DH-World Gen Thread[4]/ERROR] [bettercaves/]: Better Caves expected a ServerLevel, but got: com.seibel.distanthorizons.common.wrappers.worldGeneration.mimicObject.DhLitWorldGenRegion_forge
[31Jul2026 16:05:28.676] [DH-World Gen Thread[4]/ERROR] [bettercaves/]: Liquid regions will not be generated for this chunk. This may be fatal!
[31Jul2026 16:05:28.684] [DH-World Gen Thread[4]/ERROR] [bettercaves/]: Better Caves expected a ServerLevel, but got: com.seibel.distanthorizons.common.wrappers.worldGeneration.mimicObject.DhLitWorldGenRegion_forge
[31Jul2026 16:05:28.689] [DH-World Gen Thread[4]/ERROR] [bettercaves/]: Liquid regions will not be generated for this chunk. This may be fatal!
[31Jul2026 16:05:28.813] [DH-World Gen Thread[4]/ERROR] [bettercaves/]: Better Caves expected a ServerLevel, but got: com.seibel.distanthorizons.common.wrappers.worldGeneration.mimicObject.DhLitWorldGenRegion_forge
[31Jul2026 16:05:28.831] [DH-World Gen Thread[4]/ERROR] [bettercaves/]: Liquid regions will not be generated for this chunk. This may be fatal!
[31Jul2026 16:05:28.833] [DH-World Gen Thread[4]/ERROR] [bettercaves/]: Better Caves expected a ServerLevel, but got: com.seibel.distanthorizons.common.wrappers.worldGeneration.mimicObject.DhLitWorldGenRegion_forge
[31Jul2026 16:05:28.833] [DH-World Gen Thread[4]/ERROR] [bettercaves/]: Liquid regions will not be generated for this chunk. This may be fatal!
[31Jul2026 16:05:28.833] [DH-World Gen Thread[4]/ERROR] [bettercaves/]: Better Caves expected a ServerLevel, but got: com.seibel.distanthorizons.common.wrappers.worldGeneration.mimicObject.DhLitWorldGenRegion_forge
[31Jul2026 16:05:28.845] [DH-World Gen Thread[4]/ERROR] [bettercaves/]: Liquid regions will not be generated for this chunk. This may be fatal!
[31Jul2026 16:05:28.955] [DH-World Gen Thread[4]/ERROR] [bettercaves/]: Better Caves expected a ServerLevel, but got: com.seibel.distanthorizons.common.wrappers.worldGeneration.mimicObject.DhLitWorldGenRegion_forge
[31Jul2026 16:05:28.955] [DH-World Gen Thread[4]/ERROR] [bettercaves/]: Liquid regions will not be generated for this chunk. This may be fatal!
[31Jul2026 16:05:28.956] [DH-World Gen Thread[4]/ERROR] [bettercaves/]: Better Caves expected a ServerLevel, but got: com.seibel.distanthorizons.common.wrappers.worldGeneration.mimicObject.DhLitWorldGenRegion_forge
[31Jul2026 16:05:28.956] [DH-World Gen Thread[4]/ERROR] [bettercaves/]: Liquid regions will not be generated for this chunk. This may be fatal!
[31Jul2026 16:05:28.956] [DH-World Gen Thread[4]/ERROR] [bettercaves/]: Better Caves expected a ServerLevel, but got: com.seibel.distanthorizons.common.wrappers.worldGeneration.mimicObject.DhLitWorldGenRegion_forge
[31Jul2026 16:05:28.957] [DH-World Gen Thread[4]/ERROR] [bettercaves/]: Liquid regions will not be generated for this chunk. This may be fatal!
[31Jul2026 16:05:28.963] [DH-World Gen Thread[0]/ERROR] [bettercaves/]: Better Caves expected a ServerLevel, but got: com.seibel.distanthorizons.common.wrappers.worldGeneration.mimicObject.DhLitWorldGenRegion_forge
[31Jul2026 16:05:28.965] [DH-World Gen Thread[0]/ERROR] [bettercaves/]: Liquid regions will not be generated for this chunk. This may be fatal!
[31Jul2026 16:05:29.182] [DH-World Gen Thread[3]/ERROR] [bettercaves/]: Better Caves expected a ServerLevel, but got: com.seibel.distanthorizons.common.wrappers.worldGeneration.mimicObject.DhLitWorldGenRegion_forge
[31Jul2026 16:05:29.183] [DH-World Gen Thread[3]/ERROR] [bettercaves/]: Liquid regions will not be generated for this chunk. This may be fatal!
[31Jul2026 16:05:29.234] [DH-World Gen Thread[2]/ERROR] [bettercaves/]: Better Caves expected a ServerLevel, but got: com.seibel.distanthorizons.common.wrappers.worldGeneration.mimicObject.DhLitWorldGenRegion_forge
[31Jul2026 16:05:29.243] [DH-World Gen Thread[2]/ERROR] [bettercaves/]: Liquid regions will not be generated for this chunk. This may be fatal!
[31Jul2026 16:05:29.244] [DH-World Gen Thread[2]/ERROR] [bettercaves/]: Better Caves expected a ServerLevel, but got: com.seibel.distanthorizons.common.wrappers.worldGeneration.mimicObject.DhLitWorldGenRegion_forge
[31Jul2026 16:05:29.244] [DH-World Gen Thread[2]/ERROR] [bettercaves/]: Liquid regions will not be generated for this chunk. This may be fatal!
[31Jul2026 16:05:29.244] [DH-World Gen Thread[2]/ERROR] [bettercaves/]: Better Caves expected a ServerLevel, but got: com.seibel.distanthorizons.common.wrappers.worldGeneration.mimicObject.DhLitWorldGenRegion_forge
[31Jul2026 16:05:29.253] [DH-World Gen Thread[2]/ERROR] [bettercaves/]: Liquid regions will not be generated for this chunk. This may be fatal!
[31Jul2026 16:05:29.257] [DH-World Gen Thread[2]/ERROR] [bettercaves/]: Better Caves expected a ServerLevel, but got: com.seibel.distanthorizons.common.wrappers.worldGeneration.mimicObject.DhLitWorldGenRegion_forge
[31Jul2026 16:05:29.259] [DH-World Gen Thread[2]/ERROR] [bettercaves/]: Liquid regions will not be generated for this chunk. This may be fatal!
[31Jul2026 16:05:29.259] [DH-World Gen Thread[2]/ERROR] [bettercaves/]: Better Caves expected a ServerLevel, but got: com.seibel.distanthorizons.common.wrappers.worldGeneration.mimicObject.DhLitWorldGenRegion_forge
[31Jul2026 16:05:29.264] [DH-World Gen Thread[2]/ERROR] [bettercaves/]: Liquid regions will not be generated for this chunk. This may be fatal!
[31Jul2026 16:05:29.265] [DH-World Gen Thread[2]/ERROR] [bettercaves/]: Better Caves expected a ServerLevel, but got: com.seibel.distanthorizons.common.wrappers.worldGeneration.mimicObject.DhLitWorldGenRegion_forge
[31Jul2026 16:05:29.265] [DH-World Gen Thread[2]/ERROR] [bettercaves/]: Liquid regions will not be generated for this chunk. This may be fatal!
[31Jul2026 16:05:29.295] [DH-World Gen Thread[2]/ERROR] [bettercaves/]: Better Caves expected a ServerLevel, but got: com.seibel.distanthorizons.common.wrappers.worldGeneration.mimicObject.DhLitWorldGenRegion_forge
[31Jul2026 16:05:29.297] [DH-World Gen Thread[2]/ERROR] [bettercaves/]: Liquid regions will not be generated for this chunk. This may be fatal!
[31Jul2026 16:05:29.310] [DH-World Gen Thread[2]/ERROR] [bettercaves/]: Better Caves expected a ServerLevel, but got: com.seibel.distanthorizons.common.wrappers.worldGeneration.mimicObject.DhLitWorldGenRegion_forge
[31Jul2026 16:05:29.310] [DH-World Gen Thread[2]/ERROR] [bettercaves/]: Liquid regions will not be generated for this chunk. This may be fatal!
[31Jul2026 16:05:29.310] [DH-World Gen Thread[2]/ERROR] [bettercaves/]: Better Caves expected a ServerLevel, but got: com.seibel.distanthorizons.common.wrappers.worldGeneration.mimicObject.DhLitWorldGenRegion_forge
[31Jul2026 16:05:29.310] [DH-World Gen Thread[2]/ERROR] [bettercaves/]: Liquid regions will not be generated for this chunk. This may be fatal!
[31Jul2026 16:05:30.611] [DH-World Gen Thread[4]/ERROR] [bettercaves/]: Better Caves expected a ServerLevel, but got: com.seibel.distanthorizons.common.wrappers.worldGeneration.mimicObject.DhLitWorldGenRegion_forge
[31Jul2026 16:05:30.612] [DH-World Gen Thread[4]/ERROR] [bettercaves/]: Liquid regions will not be generated for this chunk. This may be fatal!
[31Jul2026 16:05:30.612] [DH-World Gen Thread[4]/ERROR] [bettercaves/]: Better Caves expected a ServerLevel, but got: com.seibel.distanthorizons.common.wrappers.worldGeneration.mimicObject.DhLitWorldGenRegion_forge
[31Jul2026 16:05:30.613] [DH-World Gen Thread[4]/ERROR] [bettercaves/]: Liquid regions will not be generated for this chunk. This may be fatal!
[31Jul2026 16:05:30.613] [DH-World Gen Thread[4]/ERROR] [bettercaves/]: Better Caves expected a ServerLevel, but got: com.seibel.distanthorizons.common.wrappers.worldGeneration.mimicObject.DhLitWorldGenRegion_forge
[31Jul2026 16:05:30.622] [DH-World Gen Thread[4]/ERROR] [bettercaves/]: Liquid regions will not be generated for this chunk. This may be fatal!
[31Jul2026 16:05:30.727] [DH-World Gen Thread[5]/ERROR] [bettercaves/]: Better Caves expected a ServerLevel, but got: com.seibel.distanthorizons.common.wrappers.worldGeneration.mimicObject.DhLitWorldGenRegion_forge
[31Jul2026 16:05:30.727] [DH-World Gen Thread[5]/ERROR] [bettercaves/]: Liquid regions will not be generated for this chunk. This may be fatal!
[31Jul2026 16:05:30.727] [DH-World Gen Thread[5]/ERROR] [bettercaves/]: Better Caves expected a ServerLevel, but got: com.seibel.distanthorizons.common.wrappers.worldGeneration.mimicObject.DhLitWorldGenRegion_forge
[31Jul2026 16:05:30.727] [DH-World Gen Thread[5]/ERROR] [bettercaves/]: Liquid regions will not be generated for this chunk. This may be fatal!
[31Jul2026 16:05:30.728] [DH-World Gen Thread[5]/ERROR] [bettercaves/]: Better Caves expected a ServerLevel, but got: com.seibel.distanthorizons.common.wrappers.worldGeneration.mimicObject.DhLitWorldGenRegion_forge
[31Jul2026 16:05:30.728] [DH-World Gen Thread[5]/ERROR] [bettercaves/]: Liquid regions will not be generated for this chunk. This may be fatal!
[31Jul2026 16:05:30.728] [DH-World Gen Thread[5]/ERROR] [bettercaves/]: Better Caves expected a ServerLevel, but got: com.seibel.distanthorizons.common.wrappers.worldGeneration.mimicObject.DhLitWorldGenRegion_forge
[31Jul2026 16:05:30.728] [DH-World Gen Thread[5]/ERROR] [bettercaves/]: Liquid regions will not be generated for this chunk. This may be fatal!
[31Jul2026 16:05:30.728] [DH-World Gen Thread[5]/ERROR] [bettercaves/]: Better Caves expected a ServerLevel, but got: com.seibel.distanthorizons.common.wrappers.worldGeneration.mimicObject.DhLitWorldGenRegion_forge
[31Jul2026 16:05:30.728] [DH-World Gen Thread[5]/ERROR] [bettercaves/]: Liquid regions will not be generated for this chunk. This may be fatal!
[31Jul2026 16:05:30.728] [DH-World Gen Thread[5]/ERROR] [bettercaves/]: Better Caves expected a ServerLevel, but got: com.seibel.distanthorizons.common.wrappers.worldGeneration.mimicObject.DhLitWorldGenRegion_forge
[31Jul2026 16:05:30.728] [DH-World Gen Thread[5]/ERROR] [bettercaves/]: Liquid regions will not be generated for this chunk. This may be fatal!
[31Jul2026 16:05:30.728] [DH-World Gen Thread[5]/ERROR] [bettercaves/]: Better Caves expected a ServerLevel, but got: com.seibel.distanthorizons.common.wrappers.worldGeneration.mimicObject.DhLitWorldGenRegion_forge
[31Jul2026 16:05:30.728] [DH-World Gen Thread[5]/ERROR] [bettercaves/]: Liquid regions will not be generated for this chunk. This may be fatal!
[31Jul2026 16:05:30.740] [DH-World Gen Thread[5]/ERROR] [bettercaves/]: Better Caves expected a ServerLevel, but got: com.seibel.distanthorizons.common.wrappers.worldGeneration.mimicObject.DhLitWorldGenRegion_forge
[31Jul2026 16:05:30.740] [DH-World Gen Thread[5]/ERROR] [bettercaves/]: Liquid regions will not be generated for this chunk. This may be fatal!
[31Jul2026 16:05:30.744] [DH-World Gen Thread[5]/ERROR] [bettercaves/]: Better Caves expected a ServerLevel, but got: com.seibel.distanthorizons.common.wrappers.worldGeneration.mimicObject.DhLitWorldGenRegion_forge
[31Jul2026 16:05:30.745] [DH-World Gen Thread[5]/ERROR] [bettercaves/]: Liquid regions will not be generated for this chunk. This may be fatal!
[31Jul2026 16:05:30.745] [DH-World Gen Thread[1]/ERROR] [bettercaves/]: Better Caves expected a ServerLevel, but got: com.seibel.distanthorizons.common.wrappers.worldGeneration.mimicObject.DhLitWorldGenRegion_forge
[31Jul2026 16:05:30.748] [DH-World Gen Thread[1]/ERROR] [bettercaves/]: Liquid regions will not be generated for this chunk. This may be fatal!
[31Jul2026 16:05:30.752] [DH-World Gen Thread[1]/ERROR] [bettercaves/]: Better Caves expected a ServerLevel, but got: com.seibel.distanthorizons.common.wrappers.worldGeneration.mimicObject.DhLitWorldGenRegion_forge
[31Jul2026 16:05:30.752] [DH-World Gen Thread[1]/ERROR] [bettercaves/]: Liquid regions will not be generated for this chunk. This may be fatal!
[31Jul2026 16:05:30.770] [DH-World Gen Thread[1]/ERROR] [bettercaves/]: Better Caves expected a ServerLevel, but got: com.seibel.distanthorizons.common.wrappers.worldGeneration.mimicObject.DhLitWorldGenRegion_forge
[31Jul2026 16:05:30.771] [DH-World Gen Thread[1]/ERROR] [bettercaves/]: Liquid regions will not be generated for this chunk. This may be fatal!
[31Jul2026 16:05:30.771] [DH-World Gen Thread[1]/ERROR] [bettercaves/]: Better Caves expected a ServerLevel, but got: com.seibel.distanthorizons.common.wrappers.worldGeneration.mimicObject.DhLitWorldGenRegion_forge
[31Jul2026 16:05:30.771] [DH-World Gen Thread[1]/ERROR] [bettercaves/]: Liquid regions will not be generated for this chunk. This may be fatal!
[31Jul2026 16:05:30.782] [DH-World Gen Thread[1]/ERROR] [bettercaves/]: Better Caves expected a ServerLevel, but got: com.seibel.distanthorizons.common.wrappers.worldGeneration.mimicObject.DhLitWorldGenRegion_forge
[31Jul2026 16:05:30.783] [DH-World Gen Thread[1]/ERROR] [bettercaves/]: Liquid regions will not be generated for this chunk. This may be fatal!
[31Jul2026 16:05:30.794] [DH-World Gen Thread[1]/ERROR] [bettercaves/]: Better Caves expected a ServerLevel, but got: com.seibel.distanthorizons.common.wrappers.worldGeneration.mimicObject.DhLitWorldGenRegion_forge
[31Jul2026 16:05:30.812] [DH-World Gen Thread[1]/ERROR] [bettercaves/]: Liquid regions will not be generated for this chunk. This may be fatal!
[31Jul2026 16:05:30.858] [DH-World Gen Thread[1]/ERROR] [bettercaves/]: Better Caves expected a ServerLevel, but got: com.seibel.distanthorizons.common.wrappers.worldGeneration.mimicObject.DhLitWorldGenRegion_forge
[31Jul2026 16:05:30.888] [DH-World Gen Thread[1]/ERROR] [bettercaves/]: Liquid regions will not be generated for this chunk. This may be fatal!
[31Jul2026 16:05:30.896] [DH-World Gen Thread[1]/ERROR] [bettercaves/]: Better Caves expected a ServerLevel, but got: com.seibel.distanthorizons.common.wrappers.worldGeneration.mimicObject.DhLitWorldGenRegion_forge
[31Jul2026 16:05:30.901] [DH-World Gen Thread[1]/ERROR] [bettercaves/]: Liquid regions will not be generated for this chunk. This may be fatal!
[31Jul2026 16:05:30.910] [DH-World Gen Thread[1]/ERROR] [bettercaves/]: Better Caves expected a ServerLevel, but got: com.seibel.distanthorizons.common.wrappers.worldGeneration.mimicObject.DhLitWorldGenRegion_forge
[31Jul2026 16:05:30.912] [DH-World Gen Thread[1]/ERROR] [bettercaves/]: Liquid regions will not be generated for this chunk. This may be fatal!
[31Jul2026 16:05:31.085] [DH-World Gen Thread[0]/ERROR] [bettercaves/]: Better Caves expected a ServerLevel, but got: com.seibel.distanthorizons.common.wrappers.worldGeneration.mimicObject.DhLitWorldGenRegion_forge
[31Jul2026 16:05:31.108] [DH-World Gen Thread[0]/ERROR] [bettercaves/]: Liquid regions will not be generated for this chunk. This may be fatal!
[31Jul2026 16:05:31.108] [DH-World Gen Thread[0]/ERROR] [bettercaves/]: Better Caves expected a ServerLevel, but got: com.seibel.distanthorizons.common.wrappers.worldGeneration.mimicObject.DhLitWorldGenRegion_forge
[31Jul2026 16:05:31.108] [DH-World Gen Thread[0]/ERROR] [bettercaves/]: Liquid regions will not be generated for this chunk. This may be fatal!
[31Jul2026 16:05:31.340] [DH-World Gen Thread[0]/ERROR] [bettercaves/]: Better Caves expected a ServerLevel, but got: com.seibel.distanthorizons.common.wrappers.worldGeneration.mimicObject.DhLitWorldGenRegion_forge
[31Jul2026 16:05:31.341] [DH-World Gen Thread[0]/ERROR] [bettercaves/]: Liquid regions will not be generated for this chunk. This may be fatal!
[31Jul2026 16:05:31.341] [DH-World Gen Thread[4]/ERROR] [bettercaves/]: Better Caves expected a ServerLevel, but got: com.seibel.distanthorizons.common.wrappers.worldGeneration.mimicObject.DhLitWorldGenRegion_forge
[31Jul2026 16:05:31.412] [DH-World Gen Thread[4]/ERROR] [bettercaves/]: Liquid regions will not be generated for this chunk. This may be fatal!
[31Jul2026 16:05:31.562] [DH-World Gen Thread[4]/ERROR] [bettercaves/]: Better Caves expected a ServerLevel, but got: com.seibel.distanthorizons.common.wrappers.worldGeneration.mimicObject.DhLitWorldGenRegion_forge
[31Jul2026 16:05:31.563] [DH-World Gen Thread[4]/ERROR] [bettercaves/]: Liquid regions will not be generated for this chunk. This may be fatal!
[31Jul2026 16:05:31.571] [DH-World Gen Thread[4]/ERROR] [bettercaves/]: Better Caves expected a ServerLevel, but got: com.seibel.distanthorizons.common.wrappers.worldGeneration.mimicObject.DhLitWorldGenRegion_forge
[31Jul2026 16:05:31.571] [DH-World Gen Thread[4]/ERROR] [bettercaves/]: Liquid regions will not be generated for this chunk. This may be fatal!
[31Jul2026 16:05:31.572] [DH-World Gen Thread[2]/ERROR] [bettercaves/]: Better Caves expected a ServerLevel, but got: com.seibel.distanthorizons.common.wrappers.worldGeneration.mimicObject.DhLitWorldGenRegion_forge
[31Jul2026 16:05:31.576] [DH-World Gen Thread[2]/ERROR] [bettercaves/]: Liquid regions will not be generated for this chunk. This may be fatal!
[31Jul2026 16:05:31.576] [DH-World Gen Thread[2]/ERROR] [bettercaves/]: Better Caves expected a ServerLevel, but got: com.seibel.distanthorizons.common.wrappers.worldGeneration.mimicObject.DhLitWorldGenRegion_forge
[31Jul2026 16:05:31.577] [DH-World Gen Thread[2]/ERROR] [bettercaves/]: Liquid regions will not be generated for this chunk. This may be fatal!
[31Jul2026 16:05:31.577] [DH-World Gen Thread[2]/ERROR] [bettercaves/]: Better Caves expected a ServerLevel, but got: com.seibel.distanthorizons.common.wrappers.worldGeneration.mimicObject.DhLitWorldGenRegion_forge
[31Jul2026 16:05:31.581] [DH-World Gen Thread[2]/ERROR] [bettercaves/]: Liquid regions will not be generated for this chunk. This may be fatal!
[31Jul2026 16:05:32.008] [DH-World Gen Thread[0]/ERROR] [bettercaves/]: Better Caves expected a ServerLevel, but got: com.seibel.distanthorizons.common.wrappers.worldGeneration.mimicObject.DhLitWorldGenRegion_forge
[31Jul2026 16:05:32.009] [DH-World Gen Thread[0]/ERROR] [bettercaves/]: Liquid regions will not be generated for this chunk. This may be fatal!
[31Jul2026 16:05:32.009] [DH-World Gen Thread[0]/ERROR] [bettercaves/]: Better Caves expected a ServerLevel, but got: com.seibel.distanthorizons.common.wrappers.worldGeneration.mimicObject.DhLitWorldGenRegion_forge
[31Jul2026 16:05:32.009] [DH-World Gen Thread[0]/ERROR] [bettercaves/]: Liquid regions will not be generated for this chunk. This may be fatal!
[31Jul2026 16:05:32.009] [DH-World Gen Thread[0]/ERROR] [bettercaves/]: Better Caves expected a ServerLevel, but got: com.seibel.distanthorizons.common.wrappers.worldGeneration.mimicObject.DhLitWorldGenRegion_forge
[31Jul2026 16:05:32.009] [DH-World Gen Thread[0]/ERROR] [bettercaves/]: Liquid regions will not be generated for this chunk. This may be fatal!
[31Jul2026 16:05:32.063] [DH-World Gen Thread[2]/ERROR] [bettercaves/]: Better Caves expected a ServerLevel, but got: com.seibel.distanthorizons.common.wrappers.worldGeneration.mimicObject.DhLitWorldGenRegion_forge
[31Jul2026 16:05:32.065] [DH-World Gen Thread[2]/ERROR] [bettercaves/]: Liquid regions will not be generated for this chunk. This may be fatal!
[31Jul2026 16:05:32.065] [DH-World Gen Thread[2]/ERROR] [bettercaves/]: Better Caves expected a ServerLevel, but got: com.seibel.distanthorizons.common.wrappers.worldGeneration.mimicObject.DhLitWorldGenRegion_forge
[31Jul2026 16:05:32.065] [DH-World Gen Thread[2]/ERROR] [bettercaves/]: Liquid regions will not be generated for this chunk. This may be fatal!
[31Jul2026 16:05:32.066] [DH-World Gen Thread[2]/ERROR] [bettercaves/]: Better Caves expected a ServerLevel, but got: com.seibel.distanthorizons.common.wrappers.worldGeneration.mimicObject.DhLitWorldGenRegion_forge
[31Jul2026 16:05:32.066] [DH-World Gen Thread[2]/ERROR] [bettercaves/]: Liquid regions will not be generated for this chunk. This may be fatal!
[31Jul2026 16:05:32.073] [DH-World Gen Thread[4]/ERROR] [bettercaves/]: Better Caves expected a ServerLevel, but got: com.seibel.distanthorizons.common.wrappers.worldGeneration.mimicObject.DhLitWorldGenRegion_forge
[31Jul2026 16:05:32.075] [DH-World Gen Thread[4]/ERROR] [bettercaves/]: Liquid regions will not be generated for this chunk. This may be fatal!
[31Jul2026 16:05:32.434] [DH-World Gen Thread[0]/ERROR] [bettercaves/]: Better Caves expected a ServerLevel, but got: com.seibel.distanthorizons.common.wrappers.worldGeneration.mimicObject.DhLitWorldGenRegion_forge
[31Jul2026 16:05:32.435] [DH-World Gen Thread[0]/ERROR] [bettercaves/]: Liquid regions will not be generated for this chunk. This may be fatal!
[31Jul2026 16:05:32.549] [DH-World Gen Thread[2]/ERROR] [bettercaves/]: Better Caves expected a ServerLevel, but got: com.seibel.distanthorizons.common.wrappers.worldGeneration.mimicObject.DhLitWorldGenRegion_forge
[31Jul2026 16:05:32.552] [DH-World Gen Thread[2]/ERROR] [bettercaves/]: Liquid regions will not be generated for this chunk. This may be fatal!
[31Jul2026 16:05:32.615] [DH-World Gen Thread[5]/ERROR] [bettercaves/]: Better Caves expected a ServerLevel, but got: com.seibel.distanthorizons.common.wrappers.worldGeneration.mimicObject.DhLitWorldGenRegion_forge
[31Jul2026 16:05:32.615] [DH-World Gen Thread[5]/ERROR] [bettercaves/]: Liquid regions will not be generated for this chunk. This may be fatal!
[31Jul2026 16:05:32.616] [DH-World Gen Thread[5]/ERROR] [bettercaves/]: Better Caves expected a ServerLevel, but got: com.seibel.distanthorizons.common.wrappers.worldGeneration.mimicObject.DhLitWorldGenRegion_forge
[31Jul2026 16:05:32.616] [DH-World Gen Thread[5]/ERROR] [bettercaves/]: Liquid regions will not be generated for this chunk. This may be fatal!
[31Jul2026 16:05:32.616] [DH-World Gen Thread[5]/ERROR] [bettercaves/]: Better Caves expected a ServerLevel, but got: com.seibel.distanthorizons.common.wrappers.worldGeneration.mimicObject.DhLitWorldGenRegion_forge
[31Jul2026 16:05:32.618] [DH-World Gen Thread[5]/ERROR] [bettercaves/]: Liquid regions will not be generated for this chunk. This may be fatal!
[31Jul2026 16:05:32.703] [DH-World Gen Thread[1]/ERROR] [bettercaves/]: Better Caves expected a ServerLevel, but got: com.seibel.distanthorizons.common.wrappers.worldGeneration.mimicObject.DhLitWorldGenRegion_forge
[31Jul2026 16:05:32.706] [DH-World Gen Thread[1]/ERROR] [bettercaves/]: Liquid regions will not be generated for this chunk. This may be fatal!
[31Jul2026 16:05:32.708] [DH-World Gen Thread[1]/ERROR] [bettercaves/]: Better Caves expected a ServerLevel, but got: com.seibel.distanthorizons.common.wrappers.worldGeneration.mimicObject.DhLitWorldGenRegion_forge
[31Jul2026 16:05:32.708] [DH-World Gen Thread[1]/ERROR] [bettercaves/]: Liquid regions will not be generated for this chunk. This may be fatal!
[31Jul2026 16:05:32.708] [DH-World Gen Thread[1]/ERROR] [bettercaves/]: Better Caves expected a ServerLevel, but got: com.seibel.distanthorizons.common.wrappers.worldGeneration.mimicObject.DhLitWorldGenRegion_forge
[31Jul2026 16:05:32.708] [DH-World Gen Thread[1]/ERROR] [bettercaves/]: Liquid regions will not be generated for this chunk. This may be fatal!
[31Jul2026 16:05:32.783] [DH-World Gen Thread[3]/ERROR] [bettercaves/]: Better Caves expected a ServerLevel, but got: com.seibel.distanthorizons.common.wrappers.worldGeneration.mimicObject.DhLitWorldGenRegion_forge
[31Jul2026 16:05:32.784] [DH-World Gen Thread[3]/ERROR] [bettercaves/]: Liquid regions will not be generated for this chunk. This may be fatal!
[31Jul2026 16:05:32.784] [DH-World Gen Thread[3]/ERROR] [bettercaves/]: Better Caves expected a ServerLevel, but got: com.seibel.distanthorizons.common.wrappers.worldGeneration.mimicObject.DhLitWorldGenRegion_forge
[31Jul2026 16:05:32.784] [DH-World Gen Thread[3]/ERROR] [bettercaves/]: Liquid regions will not be generated for this chunk. This may be fatal!
[31Jul2026 16:05:32.784] [DH-World Gen Thread[3]/ERROR] [bettercaves/]: Better Caves expected a ServerLevel, but got: com.seibel.distanthorizons.common.wrappers.worldGeneration.mimicObject.DhLitWorldGenRegion_forge
[31Jul2026 16:05:32.784] [DH-World Gen Thread[3]/ERROR] [bettercaves/]: Liquid regions will not be generated for this chunk. This may be fatal!
[31Jul2026 16:05:32.784] [DH-World Gen Thread[3]/ERROR] [bettercaves/]: Better Caves expected a ServerLevel, but got: com.seibel.distanthorizons.common.wrappers.worldGeneration.mimicObject.DhLitWorldGenRegion_forge
[31Jul2026 16:05:32.784] [DH-World Gen Thread[3]/ERROR] [bettercaves/]: Liquid regions will not be generated for this chunk. This may be fatal!
[31Jul2026 16:05:32.784] [DH-World Gen Thread[3]/ERROR] [bettercaves/]: Better Caves expected a ServerLevel, but got: com.seibel.distanthorizons.common.wrappers.worldGeneration.mimicObject.DhLitWorldGenRegion_forge
[31Jul2026 16:05:32.784] [DH-World Gen Thread[3]/ERROR] [bettercaves/]: Liquid regions will not be generated for this chunk. This may be fatal!
[31Jul2026 16:05:32.784] [DH-World Gen Thread[3]/ERROR] [bettercaves/]: Better Caves expected a ServerLevel, but got: com.seibel.distanthorizons.common.wrappers.worldGeneration.mimicObject.DhLitWorldGenRegion_forge
[31Jul2026 16:05:32.784] [DH-World Gen Thread[3]/ERROR] [bettercaves/]: Liquid regions will not be generated for this chunk. This may be fatal!
[31Jul2026 16:05:32.785] [DH-World Gen Thread[3]/ERROR] [bettercaves/]: Better Caves expected a ServerLevel, but got: com.seibel.distanthorizons.common.wrappers.worldGeneration.mimicObject.DhLitWorldGenRegion_forge
[31Jul2026 16:05:32.785] [DH-World Gen Thread[3]/ERROR] [bettercaves/]: Liquid regions will not be generated for this chunk. This may be fatal!
[31Jul2026 16:05:32.786] [DH-World Gen Thread[3]/ERROR] [bettercaves/]: Better Caves expected a ServerLevel, but got: com.seibel.distanthorizons.common.wrappers.worldGeneration.mimicObject.DhLitWorldGenRegion_forge
[31Jul2026 16:05:32.787] [DH-World Gen Thread[3]/ERROR] [bettercaves/]: Liquid regions will not be generated for this chunk. This may be fatal!
[31Jul2026 16:05:32.787] [DH-World Gen Thread[3]/ERROR] [bettercaves/]: Better Caves expected a ServerLevel, but got: com.seibel.distanthorizons.common.wrappers.worldGeneration.mimicObject.DhLitWorldGenRegion_forge
[31Jul2026 16:05:32.787] [DH-World Gen Thread[3]/ERROR] [bettercaves/]: Liquid regions will not be generated for this chunk. This may be fatal!
[31Jul2026 16:05:32.799] [DH-World Gen Thread[4]/ERROR] [bettercaves/]: Better Caves expected a ServerLevel, but got: com.seibel.distanthorizons.common.wrappers.worldGeneration.mimicObject.DhLitWorldGenRegion_forge
[31Jul2026 16:05:32.801] [DH-World Gen Thread[4]/ERROR] [bettercaves/]: Liquid regions will not be generated for this chunk. This may be fatal!
[31Jul2026 16:05:32.804] [DH-World Gen Thread[4]/ERROR] [bettercaves/]: Better Caves expected a ServerLevel, but got: com.seibel.distanthorizons.common.wrappers.worldGeneration.mimicObject.DhLitWorldGenRegion_forge
[31Jul2026 16:05:32.804] [DH-World Gen Thread[4]/ERROR] [bettercaves/]: Liquid regions will not be generated for this chunk. This may be fatal!
[31Jul2026 16:05:32.804] [DH-World Gen Thread[4]/ERROR] [bettercaves/]: Better Caves expected a ServerLevel, but got: com.seibel.distanthorizons.common.wrappers.worldGeneration.mimicObject.DhLitWorldGenRegion_forge
[31Jul2026 16:05:32.804] [DH-World Gen Thread[4]/ERROR] [bettercaves/]: Liquid regions will not be generated for this chunk. This may be fatal!
[31Jul2026 16:05:32.804] [DH-World Gen Thread[4]/ERROR] [bettercaves/]: Better Caves expected a ServerLevel, but got: com.seibel.distanthorizons.common.wrappers.worldGeneration.mimicObject.DhLitWorldGenRegion_forge
[31Jul2026 16:05:32.806] [DH-World Gen Thread[4]/ERROR] [bettercaves/]: Liquid regions will not be generated for this chunk. This may be fatal!
[31Jul2026 16:05:32.806] [DH-World Gen Thread[4]/ERROR] [bettercaves/]: Better Caves expected a ServerLevel, but got: com.seibel.distanthorizons.common.wrappers.worldGeneration.mimicObject.DhLitWorldGenRegion_forge
[31Jul2026 16:05:32.806] [DH-World Gen Thread[4]/ERROR] [bettercaves/]: Liquid regions will not be generated for this chunk. This may be fatal!
[31Jul2026 16:05:32.806] [DH-World Gen Thread[4]/ERROR] [bettercaves/]: Better Caves expected a ServerLevel, but got: com.seibel.distanthorizons.common.wrappers.worldGeneration.mimicObject.DhLitWorldGenRegion_forge
[31Jul2026 16:05:32.806] [DH-World Gen Thread[4]/ERROR] [bettercaves/]: Liquid regions will not be generated for this chunk. This may be fatal!
[31Jul2026 16:05:32.806] [DH-World Gen Thread[4]/ERROR] [bettercaves/]: Better Caves expected a ServerLevel, but got: com.seibel.distanthorizons.common.wrappers.worldGeneration.mimicObject.DhLitWorldGenRegion_forge
[31Jul2026 16:05:32.806] [DH-World Gen Thread[4]/ERROR] [bettercaves/]: Liquid regions will not be generated for this chunk. This may be fatal!
[31Jul2026 16:05:32.806] [DH-World Gen Thread[4]/ERROR] [bettercaves/]: Better Caves expected a ServerLevel, but got: com.seibel.distanthorizons.common.wrappers.worldGeneration.mimicObject.DhLitWorldGenRegion_forge
[31Jul2026 16:05:32.806] [DH-World Gen Thread[4]/ERROR] [bettercaves/]: Liquid regions will not be generated for this chunk. This may be fatal!
[31Jul2026 16:05:32.816] [DH-World Gen Thread[4]/ERROR] [bettercaves/]: Better Caves expected a ServerLevel, but got: com.seibel.distanthorizons.common.wrappers.worldGeneration.mimicObject.DhLitWorldGenRegion_forge
[31Jul2026 16:05:32.816] [DH-World Gen Thread[4]/ERROR] [bettercaves/]: Liquid regions will not be generated for this chunk. This may be fatal!
[31Jul2026 16:05:32.976] [DH-World Gen Thread[0]/ERROR] [bettercaves/]: Better Caves expected a ServerLevel, but got: com.seibel.distanthorizons.common.wrappers.worldGeneration.mimicObject.DhLitWorldGenRegion_forge
[31Jul2026 16:05:32.976] [DH-World Gen Thread[0]/ERROR] [bettercaves/]: Liquid regions will not be generated for this chunk. This may be fatal!
[31Jul2026 16:05:32.977] [DH-World Gen Thread[0]/ERROR] [bettercaves/]: Better Caves expected a ServerLevel, but got: com.seibel.distanthorizons.common.wrappers.worldGeneration.mimicObject.DhLitWorldGenRegion_forge
[31Jul2026 16:05:32.977] [DH-World Gen Thread[0]/ERROR] [bettercaves/]: Liquid regions will not be generated for this chunk. This may be fatal!
[31Jul2026 16:05:32.977] [DH-World Gen Thread[0]/ERROR] [bettercaves/]: Better Caves expected a ServerLevel, but got: com.seibel.distanthorizons.common.wrappers.worldGeneration.mimicObject.DhLitWorldGenRegion_forge
[31Jul2026 16:05:32.977] [DH-World Gen Thread[0]/ERROR] [bettercaves/]: Liquid regions will not be generated for this chunk. This may be fatal!
[31Jul2026 16:05:32.979] [DH-World Gen Thread[0]/ERROR] [bettercaves/]: Better Caves expected a ServerLevel, but got: com.seibel.distanthorizons.common.wrappers.worldGeneration.mimicObject.DhLitWorldGenRegion_forge
[31Jul2026 16:05:32.979] [DH-World Gen Thread[0]/ERROR] [bettercaves/]: Liquid regions will not be generated for this chunk. This may be fatal!
[31Jul2026 16:05:32.979] [DH-World Gen Thread[0]/ERROR] [bettercaves/]: Better Caves expected a ServerLevel, but got: com.seibel.distanthorizons.common.wrappers.worldGeneration.mimicObject.DhLitWorldGenRegion_forge
[31Jul2026 16:05:32.979] [DH-World Gen Thread[0]/ERROR] [bettercaves/]: Liquid regions will not be generated for this chunk. This may be fatal!
[31Jul2026 16:05:32.979] [DH-World Gen Thread[0]/ERROR] [bettercaves/]: Better Caves expected a ServerLevel, but got: com.seibel.distanthorizons.common.wrappers.worldGeneration.mimicObject.DhLitWorldGenRegion_forge
[31Jul2026 16:05:32.979] [DH-World Gen Thread[0]/ERROR] [bettercaves/]: Liquid regions will not be generated for this chunk. This may be fatal!
[31Jul2026 16:05:32.979] [DH-World Gen Thread[0]/ERROR] [bettercaves/]: Better Caves expected a ServerLevel, but got: com.seibel.distanthorizons.common.wrappers.worldGeneration.mimicObject.DhLitWorldGenRegion_forge
[31Jul2026 16:05:32.979] [DH-World Gen Thread[0]/ERROR] [bettercaves/]: Liquid regions will not be generated for this chunk. This may be fatal!
[31Jul2026 16:05:32.979] [DH-World Gen Thread[0]/ERROR] [bettercaves/]: Better Caves expected a ServerLevel, but got: com.seibel.distanthorizons.common.wrappers.worldGeneration.mimicObject.DhLitWorldGenRegion_forge
[31Jul2026 16:05:32.979] [DH-World Gen Thread[0]/ERROR] [bettercaves/]: Liquid regions will not be generated for this chunk. This may be fatal!
[31Jul2026 16:05:32.979] [DH-World Gen Thread[0]/ERROR] [bettercaves/]: Better Caves expected a ServerLevel, but got: com.seibel.distanthorizons.common.wrappers.worldGeneration.mimicObject.DhLitWorldGenRegion_forge
[31Jul2026 16:05:32.979] [DH-World Gen Thread[0]/ERROR] [bettercaves/]: Liquid regions will not be generated for this chunk. This may be fatal!
[31Jul2026 16:05:33.004] [DH-World Gen Thread[2]/ERROR] [bettercaves/]: Better Caves expected a ServerLevel, but got: com.seibel.distanthorizons.common.wrappers.worldGeneration.mimicObject.DhLitWorldGenRegion_forge
[31Jul2026 16:05:33.011] [DH-World Gen Thread[2]/ERROR] [bettercaves/]: Liquid regions will not be generated for this chunk. This may be fatal!
[31Jul2026 16:05:33.012] [DH-World Gen Thread[2]/ERROR] [bettercaves/]: Better Caves expected a ServerLevel, but got: com.seibel.distanthorizons.common.wrappers.worldGeneration.mimicObject.DhLitWorldGenRegion_forge
[31Jul2026 16:05:33.023] [DH-World Gen Thread[2]/ERROR] [bettercaves/]: Liquid regions will not be generated for this chunk. This may be fatal!
[31Jul2026 16:05:33.033] [DH-World Gen Thread[2]/ERROR] [bettercaves/]: Better Caves expected a ServerLevel, but got: com.seibel.distanthorizons.common.wrappers.worldGeneration.mimicObject.DhLitWorldGenRegion_forge
[31Jul2026 16:05:33.035] [DH-World Gen Thread[2]/ERROR] [bettercaves/]: Liquid regions will not be generated for this chunk. This may be fatal!
[31Jul2026 16:05:33.040] [DH-World Gen Thread[2]/ERROR] [bettercaves/]: Better Caves expected a ServerLevel, but got: com.seibel.distanthorizons.common.wrappers.worldGeneration.mimicObject.DhLitWorldGenRegion_forge
[31Jul2026 16:05:33.041] [DH-World Gen Thread[2]/ERROR] [bettercaves/]: Liquid regions will not be generated for this chunk. This may be fatal!
[31Jul2026 16:05:33.042] [DH-World Gen Thread[2]/ERROR] [bettercaves/]: Better Caves expected a ServerLevel, but got: com.seibel.distanthorizons.common.wrappers.worldGeneration.mimicObject.DhLitWorldGenRegion_forge
[31Jul2026 16:05:33.045] [DH-World Gen Thread[2]/ERROR] [bettercaves/]: Liquid regions will not be generated for this chunk. This may be fatal!
[31Jul2026 16:05:33.050] [DH-World Gen Thread[2]/ERROR] [bettercaves/]: Better Caves expected a ServerLevel, but got: com.seibel.distanthorizons.common.wrappers.worldGeneration.mimicObject.DhLitWorldGenRegion_forge
[31Jul2026 16:05:33.053] [DH-World Gen Thread[2]/ERROR] [bettercaves/]: Liquid regions will not be generated for this chunk. This may be fatal!
[31Jul2026 16:05:33.053] [DH-World Gen Thread[2]/ERROR] [bettercaves/]: Better Caves expected a ServerLevel, but got: com.seibel.distanthorizons.common.wrappers.worldGeneration.mimicObject.DhLitWorldGenRegion_forge
[31Jul2026 16:05:33.055] [DH-World Gen Thread[2]/ERROR] [bettercaves/]: Liquid regions will not be generated for this chunk. This may be fatal!
[31Jul2026 16:05:33.056] [DH-World Gen Thread[2]/ERROR] [bettercaves/]: Better Caves expected a ServerLevel, but got: com.seibel.distanthorizons.common.wrappers.worldGeneration.mimicObject.DhLitWorldGenRegion_forge
[31Jul2026 16:05:33.056] [DH-World Gen Thread[2]/ERROR] [bettercaves/]: Liquid regions will not be generated for this chunk. This may be fatal!
[31Jul2026 16:05:33.056] [DH-World Gen Thread[2]/ERROR] [bettercaves/]: Better Caves expected a ServerLevel, but got: com.seibel.distanthorizons.common.wrappers.worldGeneration.mimicObject.DhLitWorldGenRegion_forge
[31Jul2026 16:05:33.056] [DH-World Gen Thread[2]/ERROR] [bettercaves/]: Liquid regions will not be generated for this chunk. This may be fatal!
[31Jul2026 16:05:33.056] [DH-World Gen Thread[5]/ERROR] [bettercaves/]: Better Caves expected a ServerLevel, but got: com.seibel.distanthorizons.common.wrappers.worldGeneration.mimicObject.DhLitWorldGenRegion_forge
[31Jul2026 16:05:33.056] [DH-World Gen Thread[5]/ERROR] [bettercaves/]: Liquid regions will not be generated for this chunk. This may be fatal!
[31Jul2026 16:05:33.056] [DH-World Gen Thread[5]/ERROR] [bettercaves/]: Better Caves expected a ServerLevel, but got: com.seibel.distanthorizons.common.wrappers.worldGeneration.mimicObject.DhLitWorldGenRegion_forge
[31Jul2026 16:05:33.056] [DH-World Gen Thread[5]/ERROR] [bettercaves/]: Liquid regions will not be generated for this chunk. This may be fatal!
[31Jul2026 16:05:33.056] [DH-World Gen Thread[5]/ERROR] [bettercaves/]: Better Caves expected a ServerLevel, but got: com.seibel.distanthorizons.common.wrappers.worldGeneration.mimicObject.DhLitWorldGenRegion_forge
[31Jul2026 16:05:33.056] [DH-World Gen Thread[5]/ERROR] [bettercaves/]: Liquid regions will not be generated for this chunk. This may be fatal!
[31Jul2026 16:05:33.287] [DH-World Gen Thread[1]/ERROR] [bettercaves/]: Better Caves expected a ServerLevel, but got: com.seibel.distanthorizons.common.wrappers.worldGeneration.mimicObject.DhLitWorldGenRegion_forge
[31Jul2026 16:05:33.290] [DH-World Gen Thread[1]/ERROR] [bettercaves/]: Liquid regions will not be generated for this chunk. This may be fatal!
[31Jul2026 16:05:33.300] [DH-World Gen Thread[1]/ERROR] [bettercaves/]: Better Caves expected a ServerLevel, but got: com.seibel.distanthorizons.common.wrappers.worldGeneration.mimicObject.DhLitWorldGenRegion_forge
[31Jul2026 16:05:33.300] [DH-World Gen Thread[1]/ERROR] [bettercaves/]: Liquid regions will not be generated for this chunk. This may be fatal!
[31Jul2026 16:05:33.300] [DH-World Gen Thread[1]/ERROR] [bettercaves/]: Better Caves expected a ServerLevel, but got: com.seibel.distanthorizons.common.wrappers.worldGeneration.mimicObject.DhLitWorldGenRegion_forge
[31Jul2026 16:05:33.301] [DH-World Gen Thread[1]/ERROR] [bettercaves/]: Liquid regions will not be generated for this chunk. This may be fatal!
[31Jul2026 16:05:33.532] [DH-World Gen Thread[5]/ERROR] [bettercaves/]: Better Caves expected a ServerLevel, but got: com.seibel.distanthorizons.common.wrappers.worldGeneration.mimicObject.DhLitWorldGenRegion_forge
[31Jul2026 16:05:33.532] [DH-World Gen Thread[5]/ERROR] [bettercaves/]: Liquid regions will not be generated for this chunk. This may be fatal!
[31Jul2026 16:05:33.618] [DH-World Gen Thread[1]/ERROR] [bettercaves/]: Better Caves expected a ServerLevel, but got: com.seibel.distanthorizons.common.wrappers.worldGeneration.mimicObject.DhLitWorldGenRegion_forge
[31Jul2026 16:05:33.619] [DH-World Gen Thread[1]/ERROR] [bettercaves/]: Liquid regions will not be generated for this chunk. This may be fatal!
[31Jul2026 16:05:33.895] [DH-World Gen Thread[5]/ERROR] [bettercaves/]: Better Caves expected a ServerLevel, but got: com.seibel.distanthorizons.common.wrappers.worldGeneration.mimicObject.DhLitWorldGenRegion_forge
[31Jul2026 16:05:33.903] [DH-World Gen Thread[5]/ERROR] [bettercaves/]: Liquid regions will not be generated for this chunk. This may be fatal!
[31Jul2026 16:05:33.903] [DH-World Gen Thread[5]/ERROR] [bettercaves/]: Better Caves expected a ServerLevel, but got: com.seibel.distanthorizons.common.wrappers.worldGeneration.mimicObject.DhLitWorldGenRegion_forge
[31Jul2026 16:05:33.903] [DH-World Gen Thread[5]/ERROR] [bettercaves/]: Liquid regions will not be generated for this chunk. This may be fatal!
[31Jul2026 16:05:33.903] [DH-World Gen Thread[5]/ERROR] [bettercaves/]: Better Caves expected a ServerLevel, but got: com.seibel.distanthorizons.common.wrappers.worldGeneration.mimicObject.DhLitWorldGenRegion_forge
[31Jul2026 16:05:33.903] [DH-World Gen Thread[5]/ERROR] [bettercaves/]: Liquid regions will not be generated for this chunk. This may be fatal!
[31Jul2026 16:05:33.914] [DH-World Gen Thread[5]/ERROR] [bettercaves/]: Better Caves expected a ServerLevel, but got: com.seibel.distanthorizons.common.wrappers.worldGeneration.mimicObject.DhLitWorldGenRegion_forge
[31Jul2026 16:05:33.914] [DH-World Gen Thread[5]/ERROR] [bettercaves/]: Liquid regions will not be generated for this chunk. This may be fatal!
[31Jul2026 16:05:33.915] [DH-World Gen Thread[5]/ERROR] [bettercaves/]: Better Caves expected a ServerLevel, but got: com.seibel.distanthorizons.common.wrappers.worldGeneration.mimicObject.DhLitWorldGenRegion_forge
[31Jul2026 16:05:33.916] [DH-World Gen Thread[5]/ERROR] [bettercaves/]: Liquid regions will not be generated for this chunk. This may be fatal!
[31Jul2026 16:05:33.916] [DH-World Gen Thread[5]/ERROR] [bettercaves/]: Better Caves expected a ServerLevel, but got: com.seibel.distanthorizons.common.wrappers.worldGeneration.mimicObject.DhLitWorldGenRegion_forge
[31Jul2026 16:05:33.916] [DH-World Gen Thread[5]/ERROR] [bettercaves/]: Liquid regions will not be generated for this chunk. This may be fatal!
[31Jul2026 16:05:33.916] [DH-World Gen Thread[5]/ERROR] [bettercaves/]: Better Caves expected a ServerLevel, but got: com.seibel.distanthorizons.common.wrappers.worldGeneration.mimicObject.DhLitWorldGenRegion_forge
[31Jul2026 16:05:33.917] [DH-World Gen Thread[5]/ERROR] [bettercaves/]: Liquid regions will not be generated for this chunk. This may be fatal!
[31Jul2026 16:05:33.917] [DH-World Gen Thread[5]/ERROR] [bettercaves/]: Better Caves expected a ServerLevel, but got: com.seibel.distanthorizons.common.wrappers.worldGeneration.mimicObject.DhLitWorldGenRegion_forge
[31Jul2026 16:05:33.917] [DH-World Gen Thread[5]/ERROR] [bettercaves/]: Liquid regions will not be generated for this chunk. This may be fatal!
[31Jul2026 16:05:33.917] [DH-World Gen Thread[5]/ERROR] [bettercaves/]: Better Caves expected a ServerLevel, but got: com.seibel.distanthorizons.common.wrappers.worldGeneration.mimicObject.DhLitWorldGenRegion_forge
[31Jul2026 16:05:33.917] [DH-World Gen Thread[5]/ERROR] [bettercaves/]: Liquid regions will not be generated for this chunk. This may be fatal!
[31Jul2026 16:05:33.955] [DH-World Gen Thread[4]/ERROR] [bettercaves/]: Better Caves expected a ServerLevel, but got: com.seibel.distanthorizons.common.wrappers.worldGeneration.mimicObject.DhLitWorldGenRegion_forge
[31Jul2026 16:05:33.955] [DH-World Gen Thread[4]/ERROR] [bettercaves/]: Liquid regions will not be generated for this chunk. This may be fatal!
[31Jul2026 16:05:33.955] [DH-World Gen Thread[4]/ERROR] [bettercaves/]: Better Caves expected a ServerLevel, but got: com.seibel.distanthorizons.common.wrappers.worldGeneration.mimicObject.DhLitWorldGenRegion_forge
[31Jul2026 16:05:33.955] [DH-World Gen Thread[4]/ERROR] [bettercaves/]: Liquid regions will not be generated for this chunk. This may be fatal!
[31Jul2026 16:05:33.955] [DH-World Gen Thread[4]/ERROR] [bettercaves/]: Better Caves expected a ServerLevel, but got: com.seibel.distanthorizons.common.wrappers.worldGeneration.mimicObject.DhLitWorldGenRegion_forge
[31Jul2026 16:05:33.955] [DH-World Gen Thread[4]/ERROR] [bettercaves/]: Liquid regions will not be generated for this chunk. This may be fatal!
[31Jul2026 16:05:34.008] [DH-World Gen Thread[1]/ERROR] [bettercaves/]: Better Caves expected a ServerLevel, but got: com.seibel.distanthorizons.common.wrappers.worldGeneration.mimicObject.DhLitWorldGenRegion_forge
[31Jul2026 16:05:34.025] [DH-World Gen Thread[1]/ERROR] [bettercaves/]: Liquid regions will not be generated for this chunk. This may be fatal!
[31Jul2026 16:05:34.060] [DH-World Gen Thread[1]/ERROR] [bettercaves/]: Better Caves expected a ServerLevel, but got: com.seibel.distanthorizons.common.wrappers.worldGeneration.mimicObject.DhLitWorldGenRegion_forge
[31Jul2026 16:05:34.065] [DH-World Gen Thread[1]/ERROR] [bettercaves/]: Liquid regions will not be generated for this chunk. This may be fatal!
[31Jul2026 16:05:34.072] [DH-World Gen Thread[1]/ERROR] [bettercaves/]: Better Caves expected a ServerLevel, but got: com.seibel.distanthorizons.common.wrappers.worldGeneration.mimicObject.DhLitWorldGenRegion_forge
[31Jul2026 16:05:34.075] [DH-World Gen Thread[1]/ERROR] [bettercaves/]: Liquid regions will not be generated for this chunk. This may be fatal!
[31Jul2026 16:05:34.077] [DH-World Gen Thread[1]/ERROR] [bettercaves/]: Better Caves expected a ServerLevel, but got: com.seibel.distanthorizons.common.wrappers.worldGeneration.mimicObject.DhLitWorldGenRegion_forge
[31Jul2026 16:05:34.079] [DH-World Gen Thread[1]/ERROR] [bettercaves/]: Liquid regions will not be generated for this chunk. This may be fatal!
[31Jul2026 16:05:34.096] [DH-World Gen Thread[1]/ERROR] [bettercaves/]: Better Caves expected a ServerLevel, but got: com.seibel.distanthorizons.common.wrappers.worldGeneration.mimicObject.DhLitWorldGenRegion_forge
[31Jul2026 16:05:34.127] [DH-World Gen Thread[1]/ERROR] [bettercaves/]: Liquid regions will not be generated for this chunk. This may be fatal!
[31Jul2026 16:05:34.153] [DH-World Gen Thread[1]/ERROR] [bettercaves/]: Better Caves expected a ServerLevel, but got: com.seibel.distanthorizons.common.wrappers.worldGeneration.mimicObject.DhLitWorldGenRegion_forge
[31Jul2026 16:05:34.154] [DH-World Gen Thread[1]/ERROR] [bettercaves/]: Liquid regions will not be generated for this chunk. This may be fatal!
[31Jul2026 16:05:34.154] [DH-World Gen Thread[1]/ERROR] [bettercaves/]: Better Caves expected a ServerLevel, but got: com.seibel.distanthorizons.common.wrappers.worldGeneration.mimicObject.DhLitWorldGenRegion_forge
[31Jul2026 16:05:34.154] [DH-World Gen Thread[1]/ERROR] [bettercaves/]: Liquid regions will not be generated for this chunk. This may be fatal!
[31Jul2026 16:05:34.162] [DH-World Gen Thread[1]/ERROR] [bettercaves/]: Better Caves expected a ServerLevel, but got: com.seibel.distanthorizons.common.wrappers.worldGeneration.mimicObject.DhLitWorldGenRegion_forge
[31Jul2026 16:05:34.164] [DH-World Gen Thread[1]/ERROR] [bettercaves/]: Liquid regions will not be generated for this chunk. This may be fatal!
[31Jul2026 16:05:34.165] [DH-World Gen Thread[1]/ERROR] [bettercaves/]: Better Caves expected a ServerLevel, but got: com.seibel.distanthorizons.common.wrappers.worldGeneration.mimicObject.DhLitWorldGenRegion_forge
[31Jul2026 16:05:34.165] [DH-World Gen Thread[1]/ERROR] [bettercaves/]: Liquid regions will not be generated for this chunk. This may be fatal!
[31Jul2026 16:05:34.179] [DH-World Gen Thread[3]/ERROR] [bettercaves/]: Better Caves expected a ServerLevel, but got: com.seibel.distanthorizons.common.wrappers.worldGeneration.mimicObject.DhLitWorldGenRegion_forge
[31Jul2026 16:05:34.179] [DH-World Gen Thread[3]/ERROR] [bettercaves/]: Liquid regions will not be generated for this chunk. This may be fatal!
[31Jul2026 16:05:34.179] [DH-World Gen Thread[3]/ERROR] [bettercaves/]: Better Caves expected a ServerLevel, but got: com.seibel.distanthorizons.common.wrappers.worldGeneration.mimicObject.DhLitWorldGenRegion_forge
[31Jul2026 16:05:34.179] [DH-World Gen Thread[3]/ERROR] [bettercaves/]: Liquid regions will not be generated for this chunk. This may be fatal!
[31Jul2026 16:05:34.179] [DH-World Gen Thread[3]/ERROR] [bettercaves/]: Better Caves expected a ServerLevel, but got: com.seibel.distanthorizons.common.wrappers.worldGeneration.mimicObject.DhLitWorldGenRegion_forge
[31Jul2026 16:05:34.179] [DH-World Gen Thread[3]/ERROR] [bettercaves/]: Liquid regions will not be generated for this chunk. This may be fatal!
[31Jul2026 16:05:34.179] [DH-World Gen Thread[2]/ERROR] [bettercaves/]: Better Caves expected a ServerLevel, but got: com.seibel.distanthorizons.common.wrappers.worldGeneration.mimicObject.DhLitWorldGenRegion_forge
[31Jul2026 16:05:34.179] [DH-World Gen Thread[2]/ERROR] [bettercaves/]: Liquid regions will not be generated for this chunk. This may be fatal!
[31Jul2026 16:05:34.180] [DH-World Gen Thread[2]/ERROR] [bettercaves/]: Better Caves expected a ServerLevel, but got: com.seibel.distanthorizons.common.wrappers.worldGeneration.mimicObject.DhLitWorldGenRegion_forge
[31Jul2026 16:05:34.180] [DH-World Gen Thread[2]/ERROR] [bettercaves/]: Liquid regions will not be generated for this chunk. This may be fatal!
[31Jul2026 16:05:34.180] [DH-World Gen Thread[2]/ERROR] [bettercaves/]: Better Caves expected a ServerLevel, but got: com.seibel.distanthorizons.common.wrappers.worldGeneration.mimicObject.DhLitWorldGenRegion_forge
[31Jul2026 16:05:34.180] [DH-World Gen Thread[2]/ERROR] [bettercaves/]: Liquid regions will not be generated for this chunk. This may be fatal!
[31Jul2026 16:05:34.181] [DH-World Gen Thread[0]/ERROR] [bettercaves/]: Better Caves expected a ServerLevel, but got: com.seibel.distanthorizons.common.wrappers.worldGeneration.mimicObject.DhLitWorldGenRegion_forge
[31Jul2026 16:05:34.181] [DH-World Gen Thread[0]/ERROR] [bettercaves/]: Liquid regions will not be generated for this chunk. This may be fatal!
[31Jul2026 16:05:34.181] [DH-World Gen Thread[0]/ERROR] [bettercaves/]: Better Caves expected a ServerLevel, but got: com.seibel.distanthorizons.common.wrappers.worldGeneration.mimicObject.DhLitWorldGenRegion_forge
[31Jul2026 16:05:34.181] [DH-World Gen Thread[0]/ERROR] [bettercaves/]: Liquid regions will not be generated for this chunk. This may be fatal!
[31Jul2026 16:05:34.188] [DH-World Gen Thread[0]/ERROR] [bettercaves/]: Better Caves expected a ServerLevel, but got: com.seibel.distanthorizons.common.wrappers.worldGeneration.mimicObject.DhLitWorldGenRegion_forge
[31Jul2026 16:05:34.188] [DH-World Gen Thread[0]/ERROR] [bettercaves/]: Liquid regions will not be generated for this chunk. This may be fatal!
[31Jul2026 16:05:34.561] [DH-World Gen Thread[0]/ERROR] [bettercaves/]: Better Caves expected a ServerLevel, but got: com.seibel.distanthorizons.common.wrappers.worldGeneration.mimicObject.DhLitWorldGenRegion_forge
[31Jul2026 16:05:34.561] [DH-World Gen Thread[0]/ERROR] [bettercaves/]: Liquid regions will not be generated for this chunk. This may be fatal!
[31Jul2026 16:05:34.562] [DH-World Gen Thread[0]/ERROR] [bettercaves/]: Better Caves expected a ServerLevel, but got: com.seibel.distanthorizons.common.wrappers.worldGeneration.mimicObject.DhLitWorldGenRegion_forge
[31Jul2026 16:05:34.562] [DH-World Gen Thread[0]/ERROR] [bettercaves/]: Liquid regions will not be generated for this chunk. This may be fatal!
[31Jul2026 16:05:34.562] [DH-World Gen Thread[0]/ERROR] [bettercaves/]: Better Caves expected a ServerLevel, but got: com.seibel.distanthorizons.common.wrappers.worldGeneration.mimicObject.DhLitWorldGenRegion_forge
[31Jul2026 16:05:34.562] [DH-World Gen Thread[0]/ERROR] [bettercaves/]: Liquid regions will not be generated for this chunk. This may be fatal!
[31Jul2026 16:05:34.639] [DH-World Gen Thread[4]/ERROR] [bettercaves/]: Better Caves expected a ServerLevel, but got: com.seibel.distanthorizons.common.wrappers.worldGeneration.mimicObject.DhLitWorldGenRegion_forge
[31Jul2026 16:05:34.642] [DH-World Gen Thread[4]/ERROR] [bettercaves/]: Liquid regions will not be generated for this chunk. This may be fatal!
[31Jul2026 16:05:34.651] [DH-World Gen Thread[4]/ERROR] [bettercaves/]: Better Caves expected a ServerLevel, but got: com.seibel.distanthorizons.common.wrappers.worldGeneration.mimicObject.DhLitWorldGenRegion_forge
[31Jul2026 16:05:34.664] [DH-World Gen Thread[4]/ERROR] [bettercaves/]: Liquid regions will not be generated for this chunk. This may be fatal!
[31Jul2026 16:05:34.666] [DH-World Gen Thread[4]/ERROR] [bettercaves/]: Better Caves expected a ServerLevel, but got: com.seibel.distanthorizons.common.wrappers.worldGeneration.mimicObject.DhLitWorldGenRegion_forge
[31Jul2026 16:05:34.666] [DH-World Gen Thread[4]/ERROR] [bettercaves/]: Liquid regions will not be generated for this chunk. This may be fatal!
[31Jul2026 16:05:34.680] [DH-World Gen Thread[2]/ERROR] [bettercaves/]: Better Caves expected a ServerLevel, but got: com.seibel.distanthorizons.common.wrappers.worldGeneration.mimicObject.DhLitWorldGenRegion_forge
[31Jul2026 16:05:34.684] [DH-World Gen Thread[2]/ERROR] [bettercaves/]: Liquid regions will not be generated for this chunk. This may be fatal!
[31Jul2026 16:05:34.691] [DH-World Gen Thread[2]/ERROR] [bettercaves/]: Better Caves expected a ServerLevel, but got: com.seibel.distanthorizons.common.wrappers.worldGeneration.mimicObject.DhLitWorldGenRegion_forge
[31Jul2026 16:05:34.691] [DH-World Gen Thread[2]/ERROR] [bettercaves/]: Liquid regions will not be generated for this chunk. This may be fatal!
[31Jul2026 16:05:34.693] [DH-World Gen Thread[2]/ERROR] [bettercaves/]: Better Caves expected a ServerLevel, but got: com.seibel.distanthorizons.common.wrappers.worldGeneration.mimicObject.DhLitWorldGenRegion_forge
[31Jul2026 16:05:34.695] [DH-World Gen Thread[2]/ERROR] [bettercaves/]: Liquid regions will not be generated for this chunk. This may be fatal!
[31Jul2026 16:05:34.796] [DH-World Gen Thread[3]/ERROR] [bettercaves/]: Better Caves expected a ServerLevel, but got: com.seibel.distanthorizons.common.wrappers.worldGeneration.mimicObject.DhLitWorldGenRegion_forge
[31Jul2026 16:05:34.796] [DH-World Gen Thread[3]/ERROR] [bettercaves/]: Liquid regions will not be generated for this chunk. This may be fatal!
[31Jul2026 16:05:34.797] [DH-World Gen Thread[3]/ERROR] [bettercaves/]: Better Caves expected a ServerLevel, but got: com.seibel.distanthorizons.common.wrappers.worldGeneration.mimicObject.DhLitWorldGenRegion_forge
[31Jul2026 16:05:34.797] [DH-World Gen Thread[3]/ERROR] [bettercaves/]: Liquid regions will not be generated for this chunk. This may be fatal!
[31Jul2026 16:05:34.797] [DH-World Gen Thread[3]/ERROR] [bettercaves/]: Better Caves expected a ServerLevel, but got: com.seibel.distanthorizons.common.wrappers.worldGeneration.mimicObject.DhLitWorldGenRegion_forge
[31Jul2026 16:05:34.797] [DH-World Gen Thread[3]/ERROR] [bettercaves/]: Liquid regions will not be generated for this chunk. This may be fatal!
[31Jul2026 16:05:34.928] [DH-World Gen Thread[0]/ERROR] [bettercaves/]: Better Caves expected a ServerLevel, but got: com.seibel.distanthorizons.common.wrappers.worldGeneration.mimicObject.DhLitWorldGenRegion_forge
[31Jul2026 16:05:34.928] [DH-World Gen Thread[0]/ERROR] [bettercaves/]: Liquid regions will not be generated for this chunk. This may be fatal!
[31Jul2026 16:05:35.037] [DH-World Gen Thread[2]/ERROR] [bettercaves/]: Better Caves expected a ServerLevel, but got: com.seibel.distanthorizons.common.wrappers.worldGeneration.mimicObject.DhLitWorldGenRegion_forge
[31Jul2026 16:05:35.051] [DH-World Gen Thread[2]/ERROR] [bettercaves/]: Liquid regions will not be generated for this chunk. This may be fatal!
[31Jul2026 16:05:35.073] [DH-World Gen Thread[4]/ERROR] [bettercaves/]: Better Caves expected a ServerLevel, but got: com.seibel.distanthorizons.common.wrappers.worldGeneration.mimicObject.DhLitWorldGenRegion_forge
[31Jul2026 16:05:35.085] [DH-World Gen Thread[4]/ERROR] [bettercaves/]: Liquid regions will not be generated for this chunk. This may be fatal!
[31Jul2026 16:05:35.314] [DH-World Gen Thread[3]/ERROR] [bettercaves/]: Better Caves expected a ServerLevel, but got: com.seibel.distanthorizons.common.wrappers.worldGeneration.mimicObject.DhLitWorldGenRegion_forge
[31Jul2026 16:05:35.332] [DH-World Gen Thread[3]/ERROR] [bettercaves/]: Liquid regions will not be generated for this chunk. This may be fatal!
[31Jul2026 16:05:35.689] [DH-World Gen Thread[5]/ERROR] [bettercaves/]: Better Caves expected a ServerLevel, but got: com.seibel.distanthorizons.common.wrappers.worldGeneration.mimicObject.DhLitWorldGenRegion_forge
[31Jul2026 16:05:35.690] [DH-World Gen Thread[5]/ERROR] [bettercaves/]: Liquid regions will not be generated for this chunk. This may be fatal!
[31Jul2026 16:05:35.700] [DH-World Gen Thread[5]/ERROR] [bettercaves/]: Better Caves expected a ServerLevel, but got: com.seibel.distanthorizons.common.wrappers.worldGeneration.mimicObject.DhLitWorldGenRegion_forge
[31Jul2026 16:05:35.700] [DH-World Gen Thread[5]/ERROR] [bettercaves/]: Liquid regions will not be generated for this chunk. This may be fatal!
[31Jul2026 16:05:35.700] [DH-World Gen Thread[5]/ERROR] [bettercaves/]: Better Caves expected a ServerLevel, but got: com.seibel.distanthorizons.common.wrappers.worldGeneration.mimicObject.DhLitWorldGenRegion_forge
[31Jul2026 16:05:35.700] [DH-World Gen Thread[5]/ERROR] [bettercaves/]: Liquid regions will not be generated for this chunk. This may be fatal!
[31Jul2026 16:05:36.231] [DH-World Gen Thread[1]/ERROR] [bettercaves/]: Better Caves expected a ServerLevel, but got: com.seibel.distanthorizons.common.wrappers.worldGeneration.mimicObject.DhLitWorldGenRegion_forge
[31Jul2026 16:05:36.245] [DH-World Gen Thread[1]/ERROR] [bettercaves/]: Liquid regions will not be generated for this chunk. This may be fatal!
[31Jul2026 16:05:36.251] [DH-World Gen Thread[1]/ERROR] [bettercaves/]: Better Caves expected a ServerLevel, but got: com.seibel.distanthorizons.common.wrappers.worldGeneration.mimicObject.DhLitWorldGenRegion_forge
[31Jul2026 16:05:36.252] [DH-World Gen Thread[1]/ERROR] [bettercaves/]: Liquid regions will not be generated for this chunk. This may be fatal!
[31Jul2026 16:05:36.252] [DH-World Gen Thread[1]/ERROR] [bettercaves/]: Better Caves expected a ServerLevel, but got: com.seibel.distanthorizons.common.wrappers.worldGeneration.mimicObject.DhLitWorldGenRegion_forge
[31Jul2026 16:05:36.257] [DH-World Gen Thread[1]/ERROR] [bettercaves/]: Liquid regions will not be generated for this chunk. This may be fatal!
[31Jul2026 16:05:36.286] [DH-World Gen Thread[0]/ERROR] [bettercaves/]: Better Caves expected a ServerLevel, but got: com.seibel.distanthorizons.common.wrappers.worldGeneration.mimicObject.DhLitWorldGenRegion_forge
[31Jul2026 16:05:36.326] [DH-World Gen Thread[0]/ERROR] [bettercaves/]: Liquid regions will not be generated for this chunk. This may be fatal!
[31Jul2026 16:05:36.326] [DH-World Gen Thread[0]/ERROR] [bettercaves/]: Better Caves expected a ServerLevel, but got: com.seibel.distanthorizons.common.wrappers.worldGeneration.mimicObject.DhLitWorldGenRegion_forge
[31Jul2026 16:05:36.326] [DH-World Gen Thread[0]/ERROR] [bettercaves/]: Liquid regions will not be generated for this chunk. This may be fatal!
[31Jul2026 16:05:36.326] [DH-World Gen Thread[0]/ERROR] [bettercaves/]: Better Caves expected a ServerLevel, but got: com.seibel.distanthorizons.common.wrappers.worldGeneration.mimicObject.DhLitWorldGenRegion_forge
[31Jul2026 16:05:36.326] [DH-World Gen Thread[0]/ERROR] [bettercaves/]: Liquid regions will not be generated for this chunk. This may be fatal!
[31Jul2026 16:05:36.326] [DH-World Gen Thread[0]/ERROR] [bettercaves/]: Better Caves expected a ServerLevel, but got: com.seibel.distanthorizons.common.wrappers.worldGeneration.mimicObject.DhLitWorldGenRegion_forge
[31Jul2026 16:05:36.326] [DH-World Gen Thread[0]/ERROR] [bettercaves/]: Liquid regions will not be generated for this chunk. This may be fatal!
[31Jul2026 16:05:36.326] [DH-World Gen Thread[0]/ERROR] [bettercaves/]: Better Caves expected a ServerLevel, but got: com.seibel.distanthorizons.common.wrappers.worldGeneration.mimicObject.DhLitWorldGenRegion_forge
[31Jul2026 16:05:36.326] [DH-World Gen Thread[0]/ERROR] [bettercaves/]: Liquid regions will not be generated for this chunk. This may be fatal!
[31Jul2026 16:05:36.326] [DH-World Gen Thread[0]/ERROR] [bettercaves/]: Better Caves expected a ServerLevel, but got: com.seibel.distanthorizons.common.wrappers.worldGeneration.mimicObject.DhLitWorldGenRegion_forge
[31Jul2026 16:05:36.326] [DH-World Gen Thread[0]/ERROR] [bettercaves/]: Liquid regions will not be generated for this chunk. This may be fatal!
[31Jul2026 16:05:36.326] [DH-World Gen Thread[0]/ERROR] [bettercaves/]: Better Caves expected a ServerLevel, but got: com.seibel.distanthorizons.common.wrappers.worldGeneration.mimicObject.DhLitWorldGenRegion_forge
[31Jul2026 16:05:36.326] [DH-World Gen Thread[0]/ERROR] [bettercaves/]: Liquid regions will not be generated for this chunk. This may be fatal!
[31Jul2026 16:05:36.326] [DH-World Gen Thread[0]/ERROR] [bettercaves/]: Better Caves expected a ServerLevel, but got: com.seibel.distanthorizons.common.wrappers.worldGeneration.mimicObject.DhLitWorldGenRegion_forge
[31Jul2026 16:05:36.326] [DH-World Gen Thread[0]/ERROR] [bettercaves/]: Liquid regions will not be generated for this chunk. This may be fatal!
[31Jul2026 16:05:36.326] [DH-World Gen Thread[0]/ERROR] [bettercaves/]: Better Caves expected a ServerLevel, but got: com.seibel.distanthorizons.common.wrappers.worldGeneration.mimicObject.DhLitWorldGenRegion_forge
[31Jul2026 16:05:36.327] [DH-World Gen Thread[0]/ERROR] [bettercaves/]: Liquid regions will not be generated for this chunk. This may be fatal!
[31Jul2026 16:05:36.327] [DH-World Gen Thread[2]/ERROR] [bettercaves/]: Better Caves expected a ServerLevel, but got: com.seibel.distanthorizons.common.wrappers.worldGeneration.mimicObject.DhLitWorldGenRegion_forge
[31Jul2026 16:05:36.329] [DH-World Gen Thread[2]/ERROR] [bettercaves/]: Liquid regions will not be generated for this chunk. This may be fatal!
[31Jul2026 16:05:36.330] [DH-World Gen Thread[2]/ERROR] [bettercaves/]: Better Caves expected a ServerLevel, but got: com.seibel.distanthorizons.common.wrappers.worldGeneration.mimicObject.DhLitWorldGenRegion_forge
[31Jul2026 16:05:36.333] [DH-World Gen Thread[2]/ERROR] [bettercaves/]: Liquid regions will not be generated for this chunk. This may be fatal!
[31Jul2026 16:05:36.345] [DH-World Gen Thread[2]/ERROR] [bettercaves/]: Better Caves expected a ServerLevel, but got: com.seibel.distanthorizons.common.wrappers.worldGeneration.mimicObject.DhLitWorldGenRegion_forge
[31Jul2026 16:05:36.359] [DH-World Gen Thread[2]/ERROR] [bettercaves/]: Liquid regions will not be generated for this chunk. This may be fatal!
[31Jul2026 16:05:36.360] [DH-World Gen Thread[2]/ERROR] [bettercaves/]: Better Caves expected a ServerLevel, but got: com.seibel.distanthorizons.common.wrappers.worldGeneration.mimicObject.DhLitWorldGenRegion_forge
[31Jul2026 16:05:36.361] [DH-World Gen Thread[2]/ERROR] [bettercaves/]: Liquid regions will not be generated for this chunk. This may be fatal!
[31Jul2026 16:05:36.366] [DH-World Gen Thread[2]/ERROR] [bettercaves/]: Better Caves expected a ServerLevel, but got: com.seibel.distanthorizons.common.wrappers.worldGeneration.mimicObject.DhLitWorldGenRegion_forge
[31Jul2026 16:05:36.370] [DH-World Gen Thread[2]/ERROR] [bettercaves/]: Liquid regions will not be generated for this chunk. This may be fatal!
[31Jul2026 16:05:36.370] [DH-World Gen Thread[2]/ERROR] [bettercaves/]: Better Caves expected a ServerLevel, but got: com.seibel.distanthorizons.common.wrappers.worldGeneration.mimicObject.DhLitWorldGenRegion_forge
[31Jul2026 16:05:36.370] [DH-World Gen Thread[2]/ERROR] [bettercaves/]: Liquid regions will not be generated for this chunk. This may be fatal!
[31Jul2026 16:05:36.370] [DH-World Gen Thread[2]/ERROR] [bettercaves/]: Better Caves expected a ServerLevel, but got: com.seibel.distanthorizons.common.wrappers.worldGeneration.mimicObject.DhLitWorldGenRegion_forge
[31Jul2026 16:05:36.370] [DH-World Gen Thread[2]/ERROR] [bettercaves/]: Liquid regions will not be generated for this chunk. This may be fatal!
[31Jul2026 16:05:36.372] [DH-World Gen Thread[2]/ERROR] [bettercaves/]: Better Caves expected a ServerLevel, but got: com.seibel.distanthorizons.common.wrappers.worldGeneration.mimicObject.DhLitWorldGenRegion_forge
[31Jul2026 16:05:36.381] [DH-World Gen Thread[2]/ERROR] [bettercaves/]: Liquid regions will not be generated for this chunk. This may be fatal!
[31Jul2026 16:05:36.383] [DH-World Gen Thread[2]/ERROR] [bettercaves/]: Better Caves expected a ServerLevel, but got: com.seibel.distanthorizons.common.wrappers.worldGeneration.mimicObject.DhLitWorldGenRegion_forge
[31Jul2026 16:05:36.385] [DH-World Gen Thread[2]/ERROR] [bettercaves/]: Liquid regions will not be generated for this chunk. This may be fatal!
[31Jul2026 16:05:36.389] [DH-World Gen Thread[4]/ERROR] [bettercaves/]: Better Caves expected a ServerLevel, but got: com.seibel.distanthorizons.common.wrappers.worldGeneration.mimicObject.DhLitWorldGenRegion_forge
[31Jul2026 16:05:36.390] [DH-World Gen Thread[4]/ERROR] [bettercaves/]: Liquid regions will not be generated for this chunk. This may be fatal!
[31Jul2026 16:05:36.407] [DH-World Gen Thread[4]/ERROR] [bettercaves/]: Better Caves expected a ServerLevel, but got: com.seibel.distanthorizons.common.wrappers.worldGeneration.mimicObject.DhLitWorldGenRegion_forge
[31Jul2026 16:05:36.409] [DH-World Gen Thread[4]/ERROR] [bettercaves/]: Liquid regions will not be generated for this chunk. This may be fatal!
[31Jul2026 16:05:36.409] [DH-World Gen Thread[4]/ERROR] [bettercaves/]: Better Caves expected a ServerLevel, but got: com.seibel.distanthorizons.common.wrappers.worldGeneration.mimicObject.DhLitWorldGenRegion_forge
[31Jul2026 16:05:36.409] [DH-World Gen Thread[4]/ERROR] [bettercaves/]: Liquid regions will not be generated for this chunk. This may be fatal!
[31Jul2026 16:05:36.409] [DH-World Gen Thread[4]/ERROR] [bettercaves/]: Better Caves expected a ServerLevel, but got: com.seibel.distanthorizons.common.wrappers.worldGeneration.mimicObject.DhLitWorldGenRegion_forge
[31Jul2026 16:05:36.409] [DH-World Gen Thread[4]/ERROR] [bettercaves/]: Liquid regions will not be generated for this chunk. This may be fatal!
[31Jul2026 16:05:36.413] [DH-World Gen Thread[4]/ERROR] [bettercaves/]: Better Caves expected a ServerLevel, but got: com.seibel.distanthorizons.common.wrappers.worldGeneration.mimicObject.DhLitWorldGenRegion_forge
[31Jul2026 16:05:36.413] [DH-World Gen Thread[4]/ERROR] [bettercaves/]: Liquid regions will not be generated for this chunk. This may be fatal!
[31Jul2026 16:05:36.414] [DH-World Gen Thread[4]/ERROR] [bettercaves/]: Better Caves expected a ServerLevel, but got: com.seibel.distanthorizons.common.wrappers.worldGeneration.mimicObject.DhLitWorldGenRegion_forge
[31Jul2026 16:05:36.414] [DH-World Gen Thread[4]/ERROR] [bettercaves/]: Liquid regions will not be generated for this chunk. This may be fatal!
[31Jul2026 16:05:36.415] [DH-World Gen Thread[4]/ERROR] [bettercaves/]: Better Caves expected a ServerLevel, but got: com.seibel.distanthorizons.common.wrappers.worldGeneration.mimicObject.DhLitWorldGenRegion_forge
[31Jul2026 16:05:36.415] [DH-World Gen Thread[4]/ERROR] [bettercaves/]: Liquid regions will not be generated for this chunk. This may be fatal!
[31Jul2026 16:05:36.415] [DH-World Gen Thread[4]/ERROR] [bettercaves/]: Better Caves expected a ServerLevel, but got: com.seibel.distanthorizons.common.wrappers.worldGeneration.mimicObject.DhLitWorldGenRegion_forge
[31Jul2026 16:05:36.415] [DH-World Gen Thread[4]/ERROR] [bettercaves/]: Liquid regions will not be generated for this chunk. This may be fatal!
[31Jul2026 16:05:36.415] [DH-World Gen Thread[4]/ERROR] [bettercaves/]: Better Caves expected a ServerLevel, but got: com.seibel.distanthorizons.common.wrappers.worldGeneration.mimicObject.DhLitWorldGenRegion_forge
[31Jul2026 16:05:36.415] [DH-World Gen Thread[4]/ERROR] [bettercaves/]: Liquid regions will not be generated for this chunk. This may be fatal!
[31Jul2026 16:05:36.415] [DH-World Gen Thread[3]/ERROR] [bettercaves/]: Better Caves expected a ServerLevel, but got: com.seibel.distanthorizons.common.wrappers.worldGeneration.mimicObject.DhLitWorldGenRegion_forge
[31Jul2026 16:05:36.419] [DH-World Gen Thread[3]/ERROR] [bettercaves/]: Liquid regions will not be generated for this chunk. This may be fatal!
[31Jul2026 16:05:36.421] [DH-World Gen Thread[3]/ERROR] [bettercaves/]: Better Caves expected a ServerLevel, but got: com.seibel.distanthorizons.common.wrappers.worldGeneration.mimicObject.DhLitWorldGenRegion_forge
[31Jul2026 16:05:36.421] [DH-World Gen Thread[3]/ERROR] [bettercaves/]: Liquid regions will not be generated for this chunk. This may be fatal!
[31Jul2026 16:05:36.424] [DH-World Gen Thread[3]/ERROR] [bettercaves/]: Better Caves expected a ServerLevel, but got: com.seibel.distanthorizons.common.wrappers.worldGeneration.mimicObject.DhLitWorldGenRegion_forge
[31Jul2026 16:05:36.426] [DH-World Gen Thread[3]/ERROR] [bettercaves/]: Liquid regions will not be generated for this chunk. This may be fatal!
[31Jul2026 16:05:36.426] [DH-World Gen Thread[3]/ERROR] [bettercaves/]: Better Caves expected a ServerLevel, but got: com.seibel.distanthorizons.common.wrappers.worldGeneration.mimicObject.DhLitWorldGenRegion_forge
[31Jul2026 16:05:36.427] [DH-World Gen Thread[3]/ERROR] [bettercaves/]: Liquid regions will not be generated for this chunk. This may be fatal!
[31Jul2026 16:05:36.439] [DH-World Gen Thread[3]/ERROR] [bettercaves/]: Better Caves expected a ServerLevel, but got: com.seibel.distanthorizons.common.wrappers.worldGeneration.mimicObject.DhLitWorldGenRegion_forge
[31Jul2026 16:05:36.445] [DH-World Gen Thread[3]/ERROR] [bettercaves/]: Liquid regions will not be generated for this chunk. This may be fatal!
[31Jul2026 16:05:36.447] [DH-World Gen Thread[3]/ERROR] [bettercaves/]: Better Caves expected a ServerLevel, but got: com.seibel.distanthorizons.common.wrappers.worldGeneration.mimicObject.DhLitWorldGenRegion_forge
[31Jul2026 16:05:36.447] [DH-World Gen Thread[3]/ERROR] [bettercaves/]: Liquid regions will not be generated for this chunk. This may be fatal!
[31Jul2026 16:05:36.447] [DH-World Gen Thread[3]/ERROR] [bettercaves/]: Better Caves expected a ServerLevel, but got: com.seibel.distanthorizons.common.wrappers.worldGeneration.mimicObject.DhLitWorldGenRegion_forge
[31Jul2026 16:05:36.447] [DH-World Gen Thread[3]/ERROR] [bettercaves/]: Liquid regions will not be generated for this chunk. This may be fatal!
[31Jul2026 16:05:36.447] [DH-World Gen Thread[3]/ERROR] [bettercaves/]: Better Caves expected a ServerLevel, but got: com.seibel.distanthorizons.common.wrappers.worldGeneration.mimicObject.DhLitWorldGenRegion_forge
[31Jul2026 16:05:36.447] [DH-World Gen Thread[3]/ERROR] [bettercaves/]: Liquid regions will not be generated for this chunk. This may be fatal!
[31Jul2026 16:05:36.447] [DH-World Gen Thread[3]/ERROR] [bettercaves/]: Better Caves expected a ServerLevel, but got: com.seibel.distanthorizons.common.wrappers.worldGeneration.mimicObject.DhLitWorldGenRegion_forge
[31Jul2026 16:05:36.447] [DH-World Gen Thread[3]/ERROR] [bettercaves/]: Liquid regions will not be generated for this chunk. This may be fatal!
[31Jul2026 16:05:36.449] [DH-World Gen Thread[5]/ERROR] [bettercaves/]: Better Caves expected a ServerLevel, but got: com.seibel.distanthorizons.common.wrappers.worldGeneration.mimicObject.DhLitWorldGenRegion_forge
[31Jul2026 16:05:36.449] [DH-World Gen Thread[5]/ERROR] [bettercaves/]: Liquid regions will not be generated for this chunk. This may be fatal!
[31Jul2026 16:05:36.449] [DH-World Gen Thread[5]/ERROR] [bettercaves/]: Better Caves expected a ServerLevel, but got: com.seibel.distanthorizons.common.wrappers.worldGeneration.mimicObject.DhLitWorldGenRegion_forge
[31Jul2026 16:05:36.449] [DH-World Gen Thread[5]/ERROR] [bettercaves/]: Liquid regions will not be generated for this chunk. This may be fatal!
[31Jul2026 16:05:36.449] [DH-World Gen Thread[5]/ERROR] [bettercaves/]: Better Caves expected a ServerLevel, but got: com.seibel.distanthorizons.common.wrappers.worldGeneration.mimicObject.DhLitWorldGenRegion_forge
[31Jul2026 16:05:36.449] [DH-World Gen Thread[5]/ERROR] [bettercaves/]: Liquid regions will not be generated for this chunk. This may be fatal!
[31Jul2026 16:05:36.836] [DH-World Gen Thread[1]/ERROR] [bettercaves/]: Better Caves expected a ServerLevel, but got: com.seibel.distanthorizons.common.wrappers.worldGeneration.mimicObject.DhLitWorldGenRegion_forge
[31Jul2026 16:05:36.836] [DH-World Gen Thread[1]/ERROR] [bettercaves/]: Liquid regions will not be generated for this chunk. This may be fatal!
[31Jul2026 16:05:36.847] [DH-World Gen Thread[1]/ERROR] [bettercaves/]: Better Caves expected a ServerLevel, but got: com.seibel.distanthorizons.common.wrappers.worldGeneration.mimicObject.DhLitWorldGenRegion_forge
[31Jul2026 16:05:36.847] [DH-World Gen Thread[1]/ERROR] [bettercaves/]: Liquid regions will not be generated for this chunk. This may be fatal!
[31Jul2026 16:05:36.848] [DH-World Gen Thread[1]/ERROR] [bettercaves/]: Better Caves expected a ServerLevel, but got: com.seibel.distanthorizons.common.wrappers.worldGeneration.mimicObject.DhLitWorldGenRegion_forge
[31Jul2026 16:05:36.852] [DH-World Gen Thread[1]/ERROR] [bettercaves/]: Liquid regions will not be generated for this chunk. This may be fatal!
[31Jul2026 16:05:36.876] [DH-World Gen Thread[5]/ERROR] [bettercaves/]: Better Caves expected a ServerLevel, but got: com.seibel.distanthorizons.common.wrappers.worldGeneration.mimicObject.DhLitWorldGenRegion_forge
[31Jul2026 16:05:36.876] [DH-World Gen Thread[5]/ERROR] [bettercaves/]: Liquid regions will not be generated for this chunk. This may be fatal!
[31Jul2026 16:05:37.367] [DH-World Gen Thread[1]/ERROR] [bettercaves/]: Better Caves expected a ServerLevel, but got: com.seibel.distanthorizons.common.wrappers.worldGeneration.mimicObject.DhLitWorldGenRegion_forge
[31Jul2026 16:05:37.423] [DH-World Gen Thread[1]/ERROR] [bettercaves/]: Liquid regions will not be generated for this chunk. This may be fatal!
[31Jul2026 16:05:37.607] [DH-World Gen Thread[2]/ERROR] [bettercaves/]: Better Caves expected a ServerLevel, but got: com.seibel.distanthorizons.common.wrappers.worldGeneration.mimicObject.DhLitWorldGenRegion_forge
[31Jul2026 16:05:37.609] [DH-World Gen Thread[2]/ERROR] [bettercaves/]: Liquid regions will not be generated for this chunk. This may be fatal!
[31Jul2026 16:05:37.624] [DH-World Gen Thread[2]/ERROR] [bettercaves/]: Better Caves expected a ServerLevel, but got: com.seibel.distanthorizons.common.wrappers.worldGeneration.mimicObject.DhLitWorldGenRegion_forge
[31Jul2026 16:05:37.624] [DH-World Gen Thread[2]/ERROR] [bettercaves/]: Liquid regions will not be generated for this chunk. This may be fatal!
[31Jul2026 16:05:37.625] [DH-World Gen Thread[2]/ERROR] [bettercaves/]: Better Caves expected a ServerLevel, but got: com.seibel.distanthorizons.common.wrappers.worldGeneration.mimicObject.DhLitWorldGenRegion_forge
[31Jul2026 16:05:37.627] [DH-World Gen Thread[2]/ERROR] [bettercaves/]: Liquid regions will not be generated for this chunk. This may be fatal!
[31Jul2026 16:05:37.757] [DH-World Gen Thread[3]/ERROR] [bettercaves/]: Better Caves expected a ServerLevel, but got: com.seibel.distanthorizons.common.wrappers.worldGeneration.mimicObject.DhLitWorldGenRegion_forge
[31Jul2026 16:05:37.773] [DH-World Gen Thread[3]/ERROR] [bettercaves/]: Liquid regions will not be generated for this chunk. This may be fatal!
[31Jul2026 16:05:37.809] [DH-World Gen Thread[3]/ERROR] [bettercaves/]: Better Caves expected a ServerLevel, but got: com.seibel.distanthorizons.common.wrappers.worldGeneration.mimicObject.DhLitWorldGenRegion_forge
[31Jul2026 16:05:37.831] [DH-World Gen Thread[3]/ERROR] [bettercaves/]: Liquid regions will not be generated for this chunk. This may be fatal!
[31Jul2026 16:05:37.834] [DH-World Gen Thread[3]/ERROR] [bettercaves/]: Better Caves expected a ServerLevel, but got: com.seibel.distanthorizons.common.wrappers.worldGeneration.mimicObject.DhLitWorldGenRegion_forge
[31Jul2026 16:05:37.834] [DH-World Gen Thread[3]/ERROR] [bettercaves/]: Liquid regions will not be generated for this chunk. This may be fatal!
[31Jul2026 16:05:38.103] [DH-World Gen Thread[2]/ERROR] [bettercaves/]: Better Caves expected a ServerLevel, but got: com.seibel.distanthorizons.common.wrappers.worldGeneration.mimicObject.DhLitWorldGenRegion_forge
[31Jul2026 16:05:38.105] [DH-World Gen Thread[2]/ERROR] [bettercaves/]: Liquid regions will not be generated for this chunk. This may be fatal!
[31Jul2026 16:05:38.105] [DH-World Gen Thread[2]/ERROR] [bettercaves/]: Better Caves expected a ServerLevel, but got: com.seibel.distanthorizons.common.wrappers.worldGeneration.mimicObject.DhLitWorldGenRegion_forge
[31Jul2026 16:05:38.107] [DH-World Gen Thread[2]/ERROR] [bettercaves/]: Liquid regions will not be generated for this chunk. This may be fatal!
[31Jul2026 16:05:38.107] [DH-World Gen Thread[2]/ERROR] [bettercaves/]: Better Caves expected a ServerLevel, but got: com.seibel.distanthorizons.common.wrappers.worldGeneration.mimicObject.DhLitWorldGenRegion_forge
[31Jul2026 16:05:38.107] [DH-World Gen Thread[2]/ERROR] [bettercaves/]: Liquid regions will not be generated for this chunk. This may be fatal!
[31Jul2026 16:05:38.251] [DH-World Gen Thread[0]/ERROR] [bettercaves/]: Better Caves expected a ServerLevel, but got: com.seibel.distanthorizons.common.wrappers.worldGeneration.mimicObject.DhLitWorldGenRegion_forge
[31Jul2026 16:05:38.252] [DH-World Gen Thread[0]/ERROR] [bettercaves/]: Liquid regions will not be generated for this chunk. This may be fatal!
[31Jul2026 16:05:38.252] [DH-World Gen Thread[0]/ERROR] [bettercaves/]: Better Caves expected a ServerLevel, but got: com.seibel.distanthorizons.common.wrappers.worldGeneration.mimicObject.DhLitWorldGenRegion_forge
[31Jul2026 16:05:38.252] [DH-World Gen Thread[0]/ERROR] [bettercaves/]: Liquid regions will not be generated for this chunk. This may be fatal!
[31Jul2026 16:05:38.254] [DH-World Gen Thread[0]/ERROR] [bettercaves/]: Better Caves expected a ServerLevel, but got: com.seibel.distanthorizons.common.wrappers.worldGeneration.mimicObject.DhLitWorldGenRegion_forge
[31Jul2026 16:05:38.255] [DH-World Gen Thread[0]/ERROR] [bettercaves/]: Liquid regions will not be generated for this chunk. This may be fatal!
[31Jul2026 16:05:38.301] [DH-World Gen Thread[3]/ERROR] [bettercaves/]: Better Caves expected a ServerLevel, but got: com.seibel.distanthorizons.common.wrappers.worldGeneration.mimicObject.DhLitWorldGenRegion_forge
[31Jul2026 16:05:38.301] [DH-World Gen Thread[3]/ERROR] [bettercaves/]: Liquid regions will not be generated for this chunk. This may be fatal!
[31Jul2026 16:05:38.303] [DH-World Gen Thread[3]/ERROR] [bettercaves/]: Better Caves expected a ServerLevel, but got: com.seibel.distanthorizons.common.wrappers.worldGeneration.mimicObject.DhLitWorldGenRegion_forge
[31Jul2026 16:05:38.303] [DH-World Gen Thread[3]/ERROR] [bettercaves/]: Liquid regions will not be generated for this chunk. This may be fatal!
[31Jul2026 16:05:38.303] [DH-World Gen Thread[3]/ERROR] [bettercaves/]: Better Caves expected a ServerLevel, but got: com.seibel.distanthorizons.common.wrappers.worldGeneration.mimicObject.DhLitWorldGenRegion_forge
[31Jul2026 16:05:38.303] [DH-World Gen Thread[3]/ERROR] [bettercaves/]: Liquid regions will not be generated for this chunk. This may be fatal!
[31Jul2026 16:05:38.304] [DH-World Gen Thread[5]/ERROR] [bettercaves/]: Better Caves expected a ServerLevel, but got: com.seibel.distanthorizons.common.wrappers.worldGeneration.mimicObject.DhLitWorldGenRegion_forge
[31Jul2026 16:05:38.304] [DH-World Gen Thread[5]/ERROR] [bettercaves/]: Liquid regions will not be generated for this chunk. This may be fatal!
[31Jul2026 16:05:38.304] [DH-World Gen Thread[5]/ERROR] [bettercaves/]: Better Caves expected a ServerLevel, but got: com.seibel.distanthorizons.common.wrappers.worldGeneration.mimicObject.DhLitWorldGenRegion_forge
[31Jul2026 16:05:38.304] [DH-World Gen Thread[5]/ERROR] [bettercaves/]: Liquid regions will not be generated for this chunk. This may be fatal!
[31Jul2026 16:05:38.304] [DH-World Gen Thread[5]/ERROR] [bettercaves/]: Better Caves expected a ServerLevel, but got: com.seibel.distanthorizons.common.wrappers.worldGeneration.mimicObject.DhLitWorldGenRegion_forge
[31Jul2026 16:05:38.304] [DH-World Gen Thread[5]/ERROR] [bettercaves/]: Liquid regions will not be generated for this chunk. This may be fatal!
[31Jul2026 16:05:38.304] [DH-World Gen Thread[5]/ERROR] [bettercaves/]: Better Caves expected a ServerLevel, but got: com.seibel.distanthorizons.common.wrappers.worldGeneration.mimicObject.DhLitWorldGenRegion_forge
[31Jul2026 16:05:38.305] [DH-World Gen Thread[5]/ERROR] [bettercaves/]: Liquid regions will not be generated for this chunk. This may be fatal!
[31Jul2026 16:05:38.305] [DH-World Gen Thread[5]/ERROR] [bettercaves/]: Better Caves expected a ServerLevel, but got: com.seibel.distanthorizons.common.wrappers.worldGeneration.mimicObject.DhLitWorldGenRegion_forge
[31Jul2026 16:05:38.305] [DH-World Gen Thread[5]/ERROR] [bettercaves/]: Liquid regions will not be generated for this chunk. This may be fatal!
[31Jul2026 16:05:38.305] [DH-World Gen Thread[5]/ERROR] [bettercaves/]: Better Caves expected a ServerLevel, but got: com.seibel.distanthorizons.common.wrappers.worldGeneration.mimicObject.DhLitWorldGenRegion_forge
[31Jul2026 16:05:38.305] [DH-World Gen Thread[5]/ERROR] [bettercaves/]: Liquid regions will not be generated for this chunk. This may be fatal!
[31Jul2026 16:05:38.305] [DH-World Gen Thread[5]/ERROR] [bettercaves/]: Better Caves expected a ServerLevel, but got: com.seibel.distanthorizons.common.wrappers.worldGeneration.mimicObject.DhLitWorldGenRegion_forge
[31Jul2026 16:05:38.305] [DH-World Gen Thread[5]/ERROR] [bettercaves/]: Liquid regions will not be generated for this chunk. This may be fatal!
[31Jul2026 16:05:38.305] [DH-World Gen Thread[5]/ERROR] [bettercaves/]: Better Caves expected a ServerLevel, but got: com.seibel.distanthorizons.common.wrappers.worldGeneration.mimicObject.DhLitWorldGenRegion_forge
[31Jul2026 16:05:38.305] [DH-World Gen Thread[5]/ERROR] [bettercaves/]: Liquid regions will not be generated for this chunk. This may be fatal!
[31Jul2026 16:05:38.305] [DH-World Gen Thread[5]/ERROR] [bettercaves/]: Better Caves expected a ServerLevel, but got: com.seibel.distanthorizons.common.wrappers.worldGeneration.mimicObject.DhLitWorldGenRegion_forge
[31Jul2026 16:05:38.305] [DH-World Gen Thread[5]/ERROR] [bettercaves/]: Liquid regions will not be generated for this chunk. This may be fatal!
[31Jul2026 16:05:38.347] [DH-World Gen Thread[1]/ERROR] [bettercaves/]: Better Caves expected a ServerLevel, but got: com.seibel.distanthorizons.common.wrappers.worldGeneration.mimicObject.DhLitWorldGenRegion_forge
[31Jul2026 16:05:38.349] [DH-World Gen Thread[1]/ERROR] [bettercaves/]: Liquid regions will not be generated for this chunk. This may be fatal!
[31Jul2026 16:05:38.350] [DH-World Gen Thread[1]/ERROR] [bettercaves/]: Better Caves expected a ServerLevel, but got: com.seibel.distanthorizons.common.wrappers.worldGeneration.mimicObject.DhLitWorldGenRegion_forge
[31Jul2026 16:05:38.350] [DH-World Gen Thread[1]/ERROR] [bettercaves/]: Liquid regions will not be generated for this chunk. This may be fatal!
[31Jul2026 16:05:38.351] [DH-World Gen Thread[1]/ERROR] [bettercaves/]: Better Caves expected a ServerLevel, but got: com.seibel.distanthorizons.common.wrappers.worldGeneration.mimicObject.DhLitWorldGenRegion_forge
[31Jul2026 16:05:38.351] [DH-World Gen Thread[1]/ERROR] [bettercaves/]: Liquid regions will not be generated for this chunk. This may be fatal!
[31Jul2026 16:05:38.351] [DH-World Gen Thread[1]/ERROR] [bettercaves/]: Better Caves expected a ServerLevel, but got: com.seibel.distanthorizons.common.wrappers.worldGeneration.mimicObject.DhLitWorldGenRegion_forge
[31Jul2026 16:05:38.352] [DH-World Gen Thread[1]/ERROR] [bettercaves/]: Liquid regions will not be generated for this chunk. This may be fatal!
[31Jul2026 16:05:38.352] [DH-World Gen Thread[1]/ERROR] [bettercaves/]: Better Caves expected a ServerLevel, but got: com.seibel.distanthorizons.common.wrappers.worldGeneration.mimicObject.DhLitWorldGenRegion_forge
[31Jul2026 16:05:38.352] [DH-World Gen Thread[1]/ERROR] [bettercaves/]: Liquid regions will not be generated for this chunk. This may be fatal!
[31Jul2026 16:05:38.352] [DH-World Gen Thread[1]/ERROR] [bettercaves/]: Better Caves expected a ServerLevel, but got: com.seibel.distanthorizons.common.wrappers.worldGeneration.mimicObject.DhLitWorldGenRegion_forge
[31Jul2026 16:05:38.352] [DH-World Gen Thread[1]/ERROR] [bettercaves/]: Liquid regions will not be generated for this chunk. This may be fatal!
[31Jul2026 16:05:38.352] [DH-World Gen Thread[1]/ERROR] [bettercaves/]: Better Caves expected a ServerLevel, but got: com.seibel.distanthorizons.common.wrappers.worldGeneration.mimicObject.DhLitWorldGenRegion_forge
[31Jul2026 16:05:38.352] [DH-World Gen Thread[1]/ERROR] [bettercaves/]: Liquid regions will not be generated for this chunk. This may be fatal!
[31Jul2026 16:05:38.352] [DH-World Gen Thread[1]/ERROR] [bettercaves/]: Better Caves expected a ServerLevel, but got: com.seibel.distanthorizons.common.wrappers.worldGeneration.mimicObject.DhLitWorldGenRegion_forge
[31Jul2026 16:05:38.352] [DH-World Gen Thread[1]/ERROR] [bettercaves/]: Liquid regions will not be generated for this chunk. This may be fatal!
[31Jul2026 16:05:38.352] [DH-World Gen Thread[1]/ERROR] [bettercaves/]: Better Caves expected a ServerLevel, but got: com.seibel.distanthorizons.common.wrappers.worldGeneration.mimicObject.DhLitWorldGenRegion_forge
[31Jul2026 16:05:38.353] [DH-World Gen Thread[1]/ERROR] [bettercaves/]: Liquid regions will not be generated for this chunk. This may be fatal!
[31Jul2026 16:05:38.380] [DH-World Gen Thread[4]/ERROR] [bettercaves/]: Better Caves expected a ServerLevel, but got: com.seibel.distanthorizons.common.wrappers.worldGeneration.mimicObject.DhLitWorldGenRegion_forge
[31Jul2026 16:05:38.425] [DH-World Gen Thread[4]/ERROR] [bettercaves/]: Liquid regions will not be generated for this chunk. This may be fatal!
[31Jul2026 16:05:38.455] [DH-World Gen Thread[4]/ERROR] [bettercaves/]: Better Caves expected a ServerLevel, but got: com.seibel.distanthorizons.common.wrappers.worldGeneration.mimicObject.DhLitWorldGenRegion_forge
[31Jul2026 16:05:38.457] [DH-World Gen Thread[4]/ERROR] [bettercaves/]: Liquid regions will not be generated for this chunk. This may be fatal!
[31Jul2026 16:05:38.459] [DH-World Gen Thread[4]/ERROR] [bettercaves/]: Better Caves expected a ServerLevel, but got: com.seibel.distanthorizons.common.wrappers.worldGeneration.mimicObject.DhLitWorldGenRegion_forge
[31Jul2026 16:05:38.471] [DH-World Gen Thread[4]/ERROR] [bettercaves/]: Liquid regions will not be generated for this chunk. This may be fatal!
[31Jul2026 16:05:38.515] [DH-World Gen Thread[2]/ERROR] [bettercaves/]: Better Caves expected a ServerLevel, but got: com.seibel.distanthorizons.common.wrappers.worldGeneration.mimicObject.DhLitWorldGenRegion_forge
[31Jul2026 16:05:38.521] [DH-World Gen Thread[2]/ERROR] [bettercaves/]: Liquid regions will not be generated for this chunk. This may be fatal!
[31Jul2026 16:05:38.783] [DH-World Gen Thread[3]/ERROR] [bettercaves/]: Better Caves expected a ServerLevel, but got: com.seibel.distanthorizons.common.wrappers.worldGeneration.mimicObject.DhLitWorldGenRegion_forge
[31Jul2026 16:05:38.784] [DH-World Gen Thread[3]/ERROR] [bettercaves/]: Liquid regions will not be generated for this chunk. This may be fatal!
[31Jul2026 16:05:38.805] [DH-World Gen Thread[0]/ERROR] [bettercaves/]: Better Caves expected a ServerLevel, but got: com.seibel.distanthorizons.common.wrappers.worldGeneration.mimicObject.DhLitWorldGenRegion_forge
[31Jul2026 16:05:38.806] [DH-World Gen Thread[0]/ERROR] [bettercaves/]: Liquid regions will not be generated for this chunk. This may be fatal!
[31Jul2026 16:05:38.807] [DH-World Gen Thread[0]/ERROR] [bettercaves/]: Better Caves expected a ServerLevel, but got: com.seibel.distanthorizons.common.wrappers.worldGeneration.mimicObject.DhLitWorldGenRegion_forge
[31Jul2026 16:05:38.807] [DH-World Gen Thread[0]/ERROR] [bettercaves/]: Liquid regions will not be generated for this chunk. This may be fatal!
[31Jul2026 16:05:38.807] [DH-World Gen Thread[0]/ERROR] [bettercaves/]: Better Caves expected a ServerLevel, but got: com.seibel.distanthorizons.common.wrappers.worldGeneration.mimicObject.DhLitWorldGenRegion_forge
[31Jul2026 16:05:38.808] [DH-World Gen Thread[0]/ERROR] [bettercaves/]: Liquid regions will not be generated for this chunk. This may be fatal!
[31Jul2026 16:05:39.140] [DH-World Gen Thread[4]/ERROR] [bettercaves/]: Better Caves expected a ServerLevel, but got: com.seibel.distanthorizons.common.wrappers.worldGeneration.mimicObject.DhLitWorldGenRegion_forge
[31Jul2026 16:05:39.141] [DH-World Gen Thread[4]/ERROR] [bettercaves/]: Liquid regions will not be generated for this chunk. This may be fatal!
[31Jul2026 16:05:39.141] [DH-World Gen Thread[4]/ERROR] [bettercaves/]: Better Caves expected a ServerLevel, but got: com.seibel.distanthorizons.common.wrappers.worldGeneration.mimicObject.DhLitWorldGenRegion_forge
[31Jul2026 16:05:39.141] [DH-World Gen Thread[4]/ERROR] [bettercaves/]: Liquid regions will not be generated for this chunk. This may be fatal!
[31Jul2026 16:05:39.141] [DH-World Gen Thread[4]/ERROR] [bettercaves/]: Better Caves expected a ServerLevel, but got: com.seibel.distanthorizons.common.wrappers.worldGeneration.mimicObject.DhLitWorldGenRegion_forge
[31Jul2026 16:05:39.142] [DH-World Gen Thread[4]/ERROR] [bettercaves/]: Liquid regions will not be generated for this chunk. This may be fatal!
[31Jul2026 16:05:39.524] [DH-World Gen Thread[0]/ERROR] [bettercaves/]: Better Caves expected a ServerLevel, but got: com.seibel.distanthorizons.common.wrappers.worldGeneration.mimicObject.DhLitWorldGenRegion_forge
[31Jul2026 16:05:39.525] [DH-World Gen Thread[0]/ERROR] [bettercaves/]: Liquid regions will not be generated for this chunk. This may be fatal!
[31Jul2026 16:05:39.699] [DH-World Gen Thread[2]/ERROR] [bettercaves/]: Better Caves expected a ServerLevel, but got: com.seibel.distanthorizons.common.wrappers.worldGeneration.mimicObject.DhLitWorldGenRegion_forge
[31Jul2026 16:05:39.701] [DH-World Gen Thread[2]/ERROR] [bettercaves/]: Liquid regions will not be generated for this chunk. This may be fatal!
[31Jul2026 16:05:39.702] [DH-World Gen Thread[2]/ERROR] [bettercaves/]: Better Caves expected a ServerLevel, but got: com.seibel.distanthorizons.common.wrappers.worldGeneration.mimicObject.DhLitWorldGenRegion_forge
[31Jul2026 16:05:39.703] [DH-World Gen Thread[2]/ERROR] [bettercaves/]: Liquid regions will not be generated for this chunk. This may be fatal!
[31Jul2026 16:05:39.704] [DH-World Gen Thread[2]/ERROR] [bettercaves/]: Better Caves expected a ServerLevel, but got: com.seibel.distanthorizons.common.wrappers.worldGeneration.mimicObject.DhLitWorldGenRegion_forge
[31Jul2026 16:05:39.707] [DH-World Gen Thread[2]/ERROR] [bettercaves/]: Liquid regions will not be generated for this chunk. This may be fatal!
[31Jul2026 16:05:39.711] [DH-World Gen Thread[2]/ERROR] [bettercaves/]: Better Caves expected a ServerLevel, but got: com.seibel.distanthorizons.common.wrappers.worldGeneration.mimicObject.DhLitWorldGenRegion_forge
[31Jul2026 16:05:39.711] [DH-World Gen Thread[2]/ERROR] [bettercaves/]: Liquid regions will not be generated for this chunk. This may be fatal!
[31Jul2026 16:05:39.711] [DH-World Gen Thread[2]/ERROR] [bettercaves/]: Better Caves expected a ServerLevel, but got: com.seibel.distanthorizons.common.wrappers.worldGeneration.mimicObject.DhLitWorldGenRegion_forge
[31Jul2026 16:05:39.711] [DH-World Gen Thread[2]/ERROR] [bettercaves/]: Liquid regions will not be generated for this chunk. This may be fatal!
[31Jul2026 16:05:39.711] [DH-World Gen Thread[2]/ERROR] [bettercaves/]: Better Caves expected a ServerLevel, but got: com.seibel.distanthorizons.common.wrappers.worldGeneration.mimicObject.DhLitWorldGenRegion_forge
[31Jul2026 16:05:39.711] [DH-World Gen Thread[2]/ERROR] [bettercaves/]: Liquid regions will not be generated for this chunk. This may be fatal!
[31Jul2026 16:05:39.711] [DH-World Gen Thread[2]/ERROR] [bettercaves/]: Better Caves expected a ServerLevel, but got: com.seibel.distanthorizons.common.wrappers.worldGeneration.mimicObject.DhLitWorldGenRegion_forge
[31Jul2026 16:05:39.711] [DH-World Gen Thread[2]/ERROR] [bettercaves/]: Liquid regions will not be generated for this chunk. This may be fatal!
[31Jul2026 16:05:39.711] [DH-World Gen Thread[2]/ERROR] [bettercaves/]: Better Caves expected a ServerLevel, but got: com.seibel.distanthorizons.common.wrappers.worldGeneration.mimicObject.DhLitWorldGenRegion_forge
[31Jul2026 16:05:39.711] [DH-World Gen Thread[2]/ERROR] [bettercaves/]: Liquid regions will not be generated for this chunk. This may be fatal!
[31Jul2026 16:05:39.711] [DH-World Gen Thread[2]/ERROR] [bettercaves/]: Better Caves expected a ServerLevel, but got: com.seibel.distanthorizons.common.wrappers.worldGeneration.mimicObject.DhLitWorldGenRegion_forge
[31Jul2026 16:05:39.719] [DH-World Gen Thread[2]/ERROR] [bettercaves/]: Liquid regions will not be generated for this chunk. This may be fatal!
[31Jul2026 16:05:39.733] [DH-World Gen Thread[3]/ERROR] [bettercaves/]: Better Caves expected a ServerLevel, but got: com.seibel.distanthorizons.common.wrappers.worldGeneration.mimicObject.DhLitWorldGenRegion_forge
[31Jul2026 16:05:39.733] [DH-World Gen Thread[3]/ERROR] [bettercaves/]: Liquid regions will not be generated for this chunk. This may be fatal!
[31Jul2026 16:05:39.733] [DH-World Gen Thread[3]/ERROR] [bettercaves/]: Better Caves expected a ServerLevel, but got: com.seibel.distanthorizons.common.wrappers.worldGeneration.mimicObject.DhLitWorldGenRegion_forge
[31Jul2026 16:05:39.734] [DH-World Gen Thread[3]/ERROR] [bettercaves/]: Liquid regions will not be generated for this chunk. This may be fatal!
[31Jul2026 16:05:39.734] [DH-World Gen Thread[3]/ERROR] [bettercaves/]: Better Caves expected a ServerLevel, but got: com.seibel.distanthorizons.common.wrappers.worldGeneration.mimicObject.DhLitWorldGenRegion_forge
[31Jul2026 16:05:39.734] [DH-World Gen Thread[3]/ERROR] [bettercaves/]: Liquid regions will not be generated for this chunk. This may be fatal!
[31Jul2026 16:05:39.734] [DH-World Gen Thread[3]/ERROR] [bettercaves/]: Better Caves expected a ServerLevel, but got: com.seibel.distanthorizons.common.wrappers.worldGeneration.mimicObject.DhLitWorldGenRegion_forge
[31Jul2026 16:05:39.735] [DH-World Gen Thread[3]/ERROR] [bettercaves/]: Liquid regions will not be generated for this chunk. This may be fatal!
[31Jul2026 16:05:39.742] [DH-World Gen Thread[3]/ERROR] [bettercaves/]: Better Caves expected a ServerLevel, but got: com.seibel.distanthorizons.common.wrappers.worldGeneration.mimicObject.DhLitWorldGenRegion_forge
[31Jul2026 16:05:39.747] [DH-World Gen Thread[3]/ERROR] [bettercaves/]: Liquid regions will not be generated for this chunk. This may be fatal!
[31Jul2026 16:05:39.747] [DH-World Gen Thread[3]/ERROR] [bettercaves/]: Better Caves expected a ServerLevel, but got: com.seibel.distanthorizons.common.wrappers.worldGeneration.mimicObject.DhLitWorldGenRegion_forge
[31Jul2026 16:05:39.749] [DH-World Gen Thread[3]/ERROR] [bettercaves/]: Liquid regions will not be generated for this chunk. This may be fatal!
[31Jul2026 16:05:39.749] [DH-World Gen Thread[3]/ERROR] [bettercaves/]: Better Caves expected a ServerLevel, but got: com.seibel.distanthorizons.common.wrappers.worldGeneration.mimicObject.DhLitWorldGenRegion_forge
[31Jul2026 16:05:39.753] [DH-World Gen Thread[3]/ERROR] [bettercaves/]: Liquid regions will not be generated for this chunk. This may be fatal!
[31Jul2026 16:05:39.754] [DH-World Gen Thread[3]/ERROR] [bettercaves/]: Better Caves expected a ServerLevel, but got: com.seibel.distanthorizons.common.wrappers.worldGeneration.mimicObject.DhLitWorldGenRegion_forge
[31Jul2026 16:05:39.755] [DH-World Gen Thread[3]/ERROR] [bettercaves/]: Liquid regions will not be generated for this chunk. This may be fatal!
[31Jul2026 16:05:39.755] [DH-World Gen Thread[3]/ERROR] [bettercaves/]: Better Caves expected a ServerLevel, but got: com.seibel.distanthorizons.common.wrappers.worldGeneration.mimicObject.DhLitWorldGenRegion_forge
[31Jul2026 16:05:39.755] [DH-World Gen Thread[3]/ERROR] [bettercaves/]: Liquid regions will not be generated for this chunk. This may be fatal!
[31Jul2026 16:05:39.759] [DH-World Gen Thread[5]/ERROR] [bettercaves/]: Better Caves expected a ServerLevel, but got: com.seibel.distanthorizons.common.wrappers.worldGeneration.mimicObject.DhLitWorldGenRegion_forge
[31Jul2026 16:05:39.760] [DH-World Gen Thread[5]/ERROR] [bettercaves/]: Liquid regions will not be generated for this chunk. This may be fatal!
[31Jul2026 16:05:39.760] [DH-World Gen Thread[5]/ERROR] [bettercaves/]: Better Caves expected a ServerLevel, but got: com.seibel.distanthorizons.common.wrappers.worldGeneration.mimicObject.DhLitWorldGenRegion_forge
[31Jul2026 16:05:39.760] [DH-World Gen Thread[5]/ERROR] [bettercaves/]: Liquid regions will not be generated for this chunk. This may be fatal!
[31Jul2026 16:05:39.773] [DH-World Gen Thread[5]/ERROR] [bettercaves/]: Better Caves expected a ServerLevel, but got: com.seibel.distanthorizons.common.wrappers.worldGeneration.mimicObject.DhLitWorldGenRegion_forge
[31Jul2026 16:05:39.773] [DH-World Gen Thread[5]/ERROR] [bettercaves/]: Liquid regions will not be generated for this chunk. This may be fatal!
[31Jul2026 16:05:39.892] [DH-World Gen Thread[4]/ERROR] [bettercaves/]: Better Caves expected a ServerLevel, but got: com.seibel.distanthorizons.common.wrappers.worldGeneration.mimicObject.DhLitWorldGenRegion_forge
[31Jul2026 16:05:39.901] [DH-World Gen Thread[4]/ERROR] [bettercaves/]: Liquid regions will not be generated for this chunk. This may be fatal!
[31Jul2026 16:05:39.980] [DH-World Gen Thread[1]/ERROR] [bettercaves/]: Better Caves expected a ServerLevel, but got: com.seibel.distanthorizons.common.wrappers.worldGeneration.mimicObject.DhLitWorldGenRegion_forge
[31Jul2026 16:05:39.983] [DH-World Gen Thread[1]/ERROR] [bettercaves/]: Liquid regions will not be generated for this chunk. This may be fatal!
[31Jul2026 16:05:39.983] [DH-World Gen Thread[1]/ERROR] [bettercaves/]: Better Caves expected a ServerLevel, but got: com.seibel.distanthorizons.common.wrappers.worldGeneration.mimicObject.DhLitWorldGenRegion_forge
[31Jul2026 16:05:39.983] [DH-World Gen Thread[1]/ERROR] [bettercaves/]: Liquid regions will not be generated for this chunk. This may be fatal!
[31Jul2026 16:05:39.983] [DH-World Gen Thread[1]/ERROR] [bettercaves/]: Better Caves expected a ServerLevel, but got: com.seibel.distanthorizons.common.wrappers.worldGeneration.mimicObject.DhLitWorldGenRegion_forge
[31Jul2026 16:05:39.983] [DH-World Gen Thread[1]/ERROR] [bettercaves/]: Liquid regions will not be generated for this chunk. This may be fatal!
[31Jul2026 16:05:40.158] [DH-World Gen Thread[5]/ERROR] [bettercaves/]: Better Caves expected a ServerLevel, but got: com.seibel.distanthorizons.common.wrappers.worldGeneration.mimicObject.DhLitWorldGenRegion_forge
[31Jul2026 16:05:40.158] [DH-World Gen Thread[5]/ERROR] [bettercaves/]: Liquid regions will not be generated for this chunk. This may be fatal!
[31Jul2026 16:05:40.160] [DH-World Gen Thread[5]/ERROR] [bettercaves/]: Better Caves expected a ServerLevel, but got: com.seibel.distanthorizons.common.wrappers.worldGeneration.mimicObject.DhLitWorldGenRegion_forge
[31Jul2026 16:05:40.160] [DH-World Gen Thread[5]/ERROR] [bettercaves/]: Liquid regions will not be generated for this chunk. This may be fatal!
[31Jul2026 16:05:40.160] [DH-World Gen Thread[5]/ERROR] [bettercaves/]: Better Caves expected a ServerLevel, but got: com.seibel.distanthorizons.common.wrappers.worldGeneration.mimicObject.DhLitWorldGenRegion_forge
[31Jul2026 16:05:40.160] [DH-World Gen Thread[5]/ERROR] [bettercaves/]: Liquid regions will not be generated for this chunk. This may be fatal!
[31Jul2026 16:05:40.548] [DH-World Gen Thread[1]/ERROR] [bettercaves/]: Better Caves expected a ServerLevel, but got: com.seibel.distanthorizons.common.wrappers.worldGeneration.mimicObject.DhLitWorldGenRegion_forge
[31Jul2026 16:05:40.580] [DH-World Gen Thread[1]/ERROR] [bettercaves/]: Liquid regions will not be generated for this chunk. This may be fatal!
[31Jul2026 16:05:40.596] [DH-World Gen Thread[1]/ERROR] [bettercaves/]: Better Caves expected a ServerLevel, but got: com.seibel.distanthorizons.common.wrappers.worldGeneration.mimicObject.DhLitWorldGenRegion_forge
[31Jul2026 16:05:40.604] [DH-World Gen Thread[1]/ERROR] [bettercaves/]: Liquid regions will not be generated for this chunk. This may be fatal!
[31Jul2026 16:05:40.604] [DH-World Gen Thread[1]/ERROR] [bettercaves/]: Better Caves expected a ServerLevel, but got: com.seibel.distanthorizons.common.wrappers.worldGeneration.mimicObject.DhLitWorldGenRegion_forge
[31Jul2026 16:05:40.616] [DH-World Gen Thread[1]/ERROR] [bettercaves/]: Liquid regions will not be generated for this chunk. This may be fatal!
[31Jul2026 16:05:40.817] [DH-World Gen Thread[5]/ERROR] [bettercaves/]: Better Caves expected a ServerLevel, but got: com.seibel.distanthorizons.common.wrappers.worldGeneration.mimicObject.DhLitWorldGenRegion_forge
[31Jul2026 16:05:40.818] [DH-World Gen Thread[5]/ERROR] [bettercaves/]: Liquid regions will not be generated for this chunk. This may be fatal!
[31Jul2026 16:05:41.004] [DH-World Gen Thread[1]/ERROR] [bettercaves/]: Better Caves expected a ServerLevel, but got: com.seibel.distanthorizons.common.wrappers.worldGeneration.mimicObject.DhLitWorldGenRegion_forge
[31Jul2026 16:05:41.005] [DH-World Gen Thread[1]/ERROR] [bettercaves/]: Liquid regions will not be generated for this chunk. This may be fatal!
[31Jul2026 16:05:41.009] [DH-World Gen Thread[2]/ERROR] [bettercaves/]: Better Caves expected a ServerLevel, but got: com.seibel.distanthorizons.common.wrappers.worldGeneration.mimicObject.DhLitWorldGenRegion_forge
[31Jul2026 16:05:41.012] [DH-World Gen Thread[2]/ERROR] [bettercaves/]: Liquid regions will not be generated for this chunk. This may be fatal!
[31Jul2026 16:05:41.023] [DH-World Gen Thread[2]/ERROR] [bettercaves/]: Better Caves expected a ServerLevel, but got: com.seibel.distanthorizons.common.wrappers.worldGeneration.mimicObject.DhLitWorldGenRegion_forge
[31Jul2026 16:05:41.035] [DH-World Gen Thread[2]/ERROR] [bettercaves/]: Liquid regions will not be generated for this chunk. This may be fatal!
[31Jul2026 16:05:41.047] [DH-World Gen Thread[2]/ERROR] [bettercaves/]: Better Caves expected a ServerLevel, but got: com.seibel.distanthorizons.common.wrappers.worldGeneration.mimicObject.DhLitWorldGenRegion_forge
[31Jul2026 16:05:41.049] [DH-World Gen Thread[2]/ERROR] [bettercaves/]: Liquid regions will not be generated for this chunk. This may be fatal!
[31Jul2026 16:05:41.054] [DH-World Gen Thread[0]/ERROR] [bettercaves/]: Better Caves expected a ServerLevel, but got: com.seibel.distanthorizons.common.wrappers.worldGeneration.mimicObject.DhLitWorldGenRegion_forge
[31Jul2026 16:05:41.055] [DH-World Gen Thread[0]/ERROR] [bettercaves/]: Liquid regions will not be generated for this chunk. This may be fatal!
[31Jul2026 16:05:41.057] [DH-World Gen Thread[0]/ERROR] [bettercaves/]: Better Caves expected a ServerLevel, but got: com.seibel.distanthorizons.common.wrappers.worldGeneration.mimicObject.DhLitWorldGenRegion_forge
[31Jul2026 16:05:41.057] [DH-World Gen Thread[0]/ERROR] [bettercaves/]: Liquid regions will not be generated for this chunk. This may be fatal!
[31Jul2026 16:05:41.062] [DH-World Gen Thread[0]/ERROR] [bettercaves/]: Better Caves expected a ServerLevel, but got: com.seibel.distanthorizons.common.wrappers.worldGeneration.mimicObject.DhLitWorldGenRegion_forge
[31Jul2026 16:05:41.062] [DH-World Gen Thread[0]/ERROR] [bettercaves/]: Liquid regions will not be generated for this chunk. This may be fatal!
[31Jul2026 16:05:41.062] [DH-World Gen Thread[0]/ERROR] [bettercaves/]: Better Caves expected a ServerLevel, but got: com.seibel.distanthorizons.common.wrappers.worldGeneration.mimicObject.DhLitWorldGenRegion_forge
[31Jul2026 16:05:41.063] [DH-World Gen Thread[0]/ERROR] [bettercaves/]: Liquid regions will not be generated for this chunk. This may be fatal!
[31Jul2026 16:05:41.063] [DH-World Gen Thread[0]/ERROR] [bettercaves/]: Better Caves expected a ServerLevel, but got: com.seibel.distanthorizons.common.wrappers.worldGeneration.mimicObject.DhLitWorldGenRegion_forge
[31Jul2026 16:05:41.063] [DH-World Gen Thread[0]/ERROR] [bettercaves/]: Liquid regions will not be generated for this chunk. This may be fatal!
[31Jul2026 16:05:41.063] [DH-World Gen Thread[0]/ERROR] [bettercaves/]: Better Caves expected a ServerLevel, but got: com.seibel.distanthorizons.common.wrappers.worldGeneration.mimicObject.DhLitWorldGenRegion_forge
[31Jul2026 16:05:41.063] [DH-World Gen Thread[0]/ERROR] [bettercaves/]: Liquid regions will not be generated for this chunk. This may be fatal!
[31Jul2026 16:05:41.064] [DH-World Gen Thread[0]/ERROR] [bettercaves/]: Better Caves expected a ServerLevel, but got: com.seibel.distanthorizons.common.wrappers.worldGeneration.mimicObject.DhLitWorldGenRegion_forge
[31Jul2026 16:05:41.064] [DH-World Gen Thread[0]/ERROR] [bettercaves/]: Liquid regions will not be generated for this chunk. This may be fatal!
[31Jul2026 16:05:41.064] [DH-World Gen Thread[0]/ERROR] [bettercaves/]: Better Caves expected a ServerLevel, but got: com.seibel.distanthorizons.common.wrappers.worldGeneration.mimicObject.DhLitWorldGenRegion_forge
[31Jul2026 16:05:41.064] [DH-World Gen Thread[0]/ERROR] [bettercaves/]: Liquid regions will not be generated for this chunk. This may be fatal!
[31Jul2026 16:05:41.065] [DH-World Gen Thread[0]/ERROR] [bettercaves/]: Better Caves expected a ServerLevel, but got: com.seibel.distanthorizons.common.wrappers.worldGeneration.mimicObject.DhLitWorldGenRegion_forge
[31Jul2026 16:05:41.065] [DH-World Gen Thread[0]/ERROR] [bettercaves/]: Liquid regions will not be generated for this chunk. This may be fatal!
[31Jul2026 16:05:41.065] [DH-World Gen Thread[4]/ERROR] [bettercaves/]: Better Caves expected a ServerLevel, but got: com.seibel.distanthorizons.common.wrappers.worldGeneration.mimicObject.DhLitWorldGenRegion_forge
[31Jul2026 16:05:41.069] [DH-World Gen Thread[4]/ERROR] [bettercaves/]: Liquid regions will not be generated for this chunk. This may be fatal!
[31Jul2026 16:05:41.074] [DH-World Gen Thread[4]/ERROR] [bettercaves/]: Better Caves expected a ServerLevel, but got: com.seibel.distanthorizons.common.wrappers.worldGeneration.mimicObject.DhLitWorldGenRegion_forge
[31Jul2026 16:05:41.074] [DH-World Gen Thread[4]/ERROR] [bettercaves/]: Liquid regions will not be generated for this chunk. This may be fatal!
[31Jul2026 16:05:41.077] [DH-World Gen Thread[4]/ERROR] [bettercaves/]: Better Caves expected a ServerLevel, but got: com.seibel.distanthorizons.common.wrappers.worldGeneration.mimicObject.DhLitWorldGenRegion_forge
[31Jul2026 16:05:41.079] [DH-World Gen Thread[4]/ERROR] [bettercaves/]: Liquid regions will not be generated for this chunk. This may be fatal!
[31Jul2026 16:05:41.079] [DH-World Gen Thread[4]/ERROR] [bettercaves/]: Better Caves expected a ServerLevel, but got: com.seibel.distanthorizons.common.wrappers.worldGeneration.mimicObject.DhLitWorldGenRegion_forge
[31Jul2026 16:05:41.080] [DH-World Gen Thread[4]/ERROR] [bettercaves/]: Liquid regions will not be generated for this chunk. This may be fatal!
[31Jul2026 16:05:41.080] [DH-World Gen Thread[4]/ERROR] [bettercaves/]: Better Caves expected a ServerLevel, but got: com.seibel.distanthorizons.common.wrappers.worldGeneration.mimicObject.DhLitWorldGenRegion_forge
[31Jul2026 16:05:41.080] [DH-World Gen Thread[4]/ERROR] [bettercaves/]: Liquid regions will not be generated for this chunk. This may be fatal!
[31Jul2026 16:05:41.080] [DH-World Gen Thread[4]/ERROR] [bettercaves/]: Better Caves expected a ServerLevel, but got: com.seibel.distanthorizons.common.wrappers.worldGeneration.mimicObject.DhLitWorldGenRegion_forge
[31Jul2026 16:05:41.080] [DH-World Gen Thread[4]/ERROR] [bettercaves/]: Liquid regions will not be generated for this chunk. This may be fatal!
[31Jul2026 16:05:41.080] [DH-World Gen Thread[4]/ERROR] [bettercaves/]: Better Caves expected a ServerLevel, but got: com.seibel.distanthorizons.common.wrappers.worldGeneration.mimicObject.DhLitWorldGenRegion_forge
[31Jul2026 16:05:41.080] [DH-World Gen Thread[4]/ERROR] [bettercaves/]: Liquid regions will not be generated for this chunk. This may be fatal!
[31Jul2026 16:05:41.081] [DH-World Gen Thread[4]/ERROR] [bettercaves/]: Better Caves expected a ServerLevel, but got: com.seibel.distanthorizons.common.wrappers.worldGeneration.mimicObject.DhLitWorldGenRegion_forge
[31Jul2026 16:05:41.081] [DH-World Gen Thread[4]/ERROR] [bettercaves/]: Liquid regions will not be generated for this chunk. This may be fatal!
[31Jul2026 16:05:41.081] [DH-World Gen Thread[4]/ERROR] [bettercaves/]: Better Caves expected a ServerLevel, but got: com.seibel.distanthorizons.common.wrappers.worldGeneration.mimicObject.DhLitWorldGenRegion_forge
[31Jul2026 16:05:41.081] [DH-World Gen Thread[4]/ERROR] [bettercaves/]: Liquid regions will not be generated for this chunk. This may be fatal!
[31Jul2026 16:05:41.084] [DH-World Gen Thread[5]/ERROR] [bettercaves/]: Better Caves expected a ServerLevel, but got: com.seibel.distanthorizons.common.wrappers.worldGeneration.mimicObject.DhLitWorldGenRegion_forge
[31Jul2026 16:05:41.086] [DH-World Gen Thread[5]/ERROR] [bettercaves/]: Liquid regions will not be generated for this chunk. This may be fatal!
[31Jul2026 16:05:41.091] [DH-World Gen Thread[5]/ERROR] [bettercaves/]: Better Caves expected a ServerLevel, but got: com.seibel.distanthorizons.common.wrappers.worldGeneration.mimicObject.DhLitWorldGenRegion_forge
[31Jul2026 16:05:41.091] [DH-World Gen Thread[5]/ERROR] [bettercaves/]: Liquid regions will not be generated for this chunk. This may be fatal!
[31Jul2026 16:05:41.092] [DH-World Gen Thread[5]/ERROR] [bettercaves/]: Better Caves expected a ServerLevel, but got: com.seibel.distanthorizons.common.wrappers.worldGeneration.mimicObject.DhLitWorldGenRegion_forge
[31Jul2026 16:05:41.092] [DH-World Gen Thread[5]/ERROR] [bettercaves/]: Liquid regions will not be generated for this chunk. This may be fatal!
[31Jul2026 16:05:41.092] [DH-World Gen Thread[5]/ERROR] [bettercaves/]: Better Caves expected a ServerLevel, but got: com.seibel.distanthorizons.common.wrappers.worldGeneration.mimicObject.DhLitWorldGenRegion_forge
[31Jul2026 16:05:41.092] [DH-World Gen Thread[5]/ERROR] [bettercaves/]: Liquid regions will not be generated for this chunk. This may be fatal!
[31Jul2026 16:05:41.092] [DH-World Gen Thread[5]/ERROR] [bettercaves/]: Better Caves expected a ServerLevel, but got: com.seibel.distanthorizons.common.wrappers.worldGeneration.mimicObject.DhLitWorldGenRegion_forge
[31Jul2026 16:05:41.092] [DH-World Gen Thread[5]/ERROR] [bettercaves/]: Liquid regions will not be generated for this chunk. This may be fatal!
[31Jul2026 16:05:41.093] [DH-World Gen Thread[5]/ERROR] [bettercaves/]: Better Caves expected a ServerLevel, but got: com.seibel.distanthorizons.common.wrappers.worldGeneration.mimicObject.DhLitWorldGenRegion_forge
[31Jul2026 16:05:41.093] [DH-World Gen Thread[5]/ERROR] [bettercaves/]: Liquid regions will not be generated for this chunk. This may be fatal!
[31Jul2026 16:05:41.093] [DH-World Gen Thread[5]/ERROR] [bettercaves/]: Better Caves expected a ServerLevel, but got: com.seibel.distanthorizons.common.wrappers.worldGeneration.mimicObject.DhLitWorldGenRegion_forge
[31Jul2026 16:05:41.093] [DH-World Gen Thread[5]/ERROR] [bettercaves/]: Liquid regions will not be generated for this chunk. This may be fatal!
[31Jul2026 16:05:41.093] [DH-World Gen Thread[5]/ERROR] [bettercaves/]: Better Caves expected a ServerLevel, but got: com.seibel.distanthorizons.common.wrappers.worldGeneration.mimicObject.DhLitWorldGenRegion_forge
[31Jul2026 16:05:41.093] [DH-World Gen Thread[5]/ERROR] [bettercaves/]: Liquid regions will not be generated for this chunk. This may be fatal!
[31Jul2026 16:05:41.093] [DH-World Gen Thread[5]/ERROR] [bettercaves/]: Better Caves expected a ServerLevel, but got: com.seibel.distanthorizons.common.wrappers.worldGeneration.mimicObject.DhLitWorldGenRegion_forge
[31Jul2026 16:05:41.093] [DH-World Gen Thread[5]/ERROR] [bettercaves/]: Liquid regions will not be generated for this chunk. This may be fatal!
[31Jul2026 16:05:41.474] [DH-World Gen Thread[3]/ERROR] [bettercaves/]: Better Caves expected a ServerLevel, but got: com.seibel.distanthorizons.common.wrappers.worldGeneration.mimicObject.DhLitWorldGenRegion_forge
[31Jul2026 16:05:41.479] [DH-World Gen Thread[3]/ERROR] [bettercaves/]: Liquid regions will not be generated for this chunk. This may be fatal!
[31Jul2026 16:05:41.484] [DH-World Gen Thread[3]/ERROR] [bettercaves/]: Better Caves expected a ServerLevel, but got: com.seibel.distanthorizons.common.wrappers.worldGeneration.mimicObject.DhLitWorldGenRegion_forge
[31Jul2026 16:05:41.486] [DH-World Gen Thread[3]/ERROR] [bettercaves/]: Liquid regions will not be generated for this chunk. This may be fatal!
[31Jul2026 16:05:41.521] [DH-World Gen Thread[3]/ERROR] [bettercaves/]: Better Caves expected a ServerLevel, but got: com.seibel.distanthorizons.common.wrappers.worldGeneration.mimicObject.DhLitWorldGenRegion_forge
[31Jul2026 16:05:41.541] [DH-World Gen Thread[3]/ERROR] [bettercaves/]: Liquid regions will not be generated for this chunk. This may be fatal!
[31Jul2026 16:05:41.580] [DH-World Gen Thread[2]/ERROR] [bettercaves/]: Better Caves expected a ServerLevel, but got: com.seibel.distanthorizons.common.wrappers.worldGeneration.mimicObject.DhLitWorldGenRegion_forge
[31Jul2026 16:05:41.623] [DH-World Gen Thread[2]/ERROR] [bettercaves/]: Liquid regions will not be generated for this chunk. This may be fatal!
[31Jul2026 16:05:41.674] [DH-World Gen Thread[2]/ERROR] [bettercaves/]: Better Caves expected a ServerLevel, but got: com.seibel.distanthorizons.common.wrappers.worldGeneration.mimicObject.DhLitWorldGenRegion_forge
[31Jul2026 16:05:41.680] [DH-World Gen Thread[2]/ERROR] [bettercaves/]: Liquid regions will not be generated for this chunk. This may be fatal!
[31Jul2026 16:05:41.685] [DH-World Gen Thread[2]/ERROR] [bettercaves/]: Better Caves expected a ServerLevel, but got: com.seibel.distanthorizons.common.wrappers.worldGeneration.mimicObject.DhLitWorldGenRegion_forge
[31Jul2026 16:05:41.697] [DH-World Gen Thread[2]/ERROR] [bettercaves/]: Liquid regions will not be generated for this chunk. This may be fatal!
[31Jul2026 16:05:42.019] [DH-World Gen Thread[3]/ERROR] [bettercaves/]: Better Caves expected a ServerLevel, but got: com.seibel.distanthorizons.common.wrappers.worldGeneration.mimicObject.DhLitWorldGenRegion_forge
[31Jul2026 16:05:42.171] [DH-World Gen Thread[3]/ERROR] [bettercaves/]: Liquid regions will not be generated for this chunk. This may be fatal!
[31Jul2026 16:05:42.198] [DH-World Gen Thread[3]/ERROR] [bettercaves/]: Better Caves expected a ServerLevel, but got: com.seibel.distanthorizons.common.wrappers.worldGeneration.mimicObject.DhLitWorldGenRegion_forge
[31Jul2026 16:05:42.255] [DH-World Gen Thread[3]/ERROR] [bettercaves/]: Liquid regions will not be generated for this chunk. This may be fatal!
[31Jul2026 16:05:42.286] [DH-World Gen Thread[3]/ERROR] [bettercaves/]: Better Caves expected a ServerLevel, but got: com.seibel.distanthorizons.common.wrappers.worldGeneration.mimicObject.DhLitWorldGenRegion_forge
[31Jul2026 16:05:42.320] [DH-World Gen Thread[3]/ERROR] [bettercaves/]: Liquid regions will not be generated for this chunk. This may be fatal!
[31Jul2026 16:05:42.324] [DH-World Gen Thread[2]/ERROR] [bettercaves/]: Better Caves expected a ServerLevel, but got: com.seibel.distanthorizons.common.wrappers.worldGeneration.mimicObject.DhLitWorldGenRegion_forge
[31Jul2026 16:05:42.324] [DH-World Gen Thread[2]/ERROR] [bettercaves/]: Liquid regions will not be generated for this chunk. This may be fatal!
[31Jul2026 16:05:42.631] [DH-World Gen Thread[5]/ERROR] [bettercaves/]: Better Caves expected a ServerLevel, but got: com.seibel.distanthorizons.common.wrappers.worldGeneration.mimicObject.DhLitWorldGenRegion_forge
[31Jul2026 16:05:42.631] [DH-World Gen Thread[5]/ERROR] [bettercaves/]: Liquid regions will not be generated for this chunk. This may be fatal!
[31Jul2026 16:05:42.631] [DH-World Gen Thread[5]/ERROR] [bettercaves/]: Better Caves expected a ServerLevel, but got: com.seibel.distanthorizons.common.wrappers.worldGeneration.mimicObject.DhLitWorldGenRegion_forge
[31Jul2026 16:05:42.631] [DH-World Gen Thread[5]/ERROR] [bettercaves/]: Liquid regions will not be generated for this chunk. This may be fatal!
[31Jul2026 16:05:42.646] [DH-World Gen Thread[5]/ERROR] [bettercaves/]: Better Caves expected a ServerLevel, but got: com.seibel.distanthorizons.common.wrappers.worldGeneration.mimicObject.DhLitWorldGenRegion_forge
[31Jul2026 16:05:42.652] [DH-World Gen Thread[5]/ERROR] [bettercaves/]: Liquid regions will not be generated for this chunk. This may be fatal!
[31Jul2026 16:05:42.896] [DH-World Gen Thread[3]/ERROR] [bettercaves/]: Better Caves expected a ServerLevel, but got: com.seibel.distanthorizons.common.wrappers.worldGeneration.mimicObject.DhLitWorldGenRegion_forge
[31Jul2026 16:05:42.906] [DH-World Gen Thread[3]/ERROR] [bettercaves/]: Liquid regions will not be generated for this chunk. This may be fatal!
[31Jul2026 16:05:43.222] [DH-World Gen Thread[5]/ERROR] [bettercaves/]: Better Caves expected a ServerLevel, but got: com.seibel.distanthorizons.common.wrappers.worldGeneration.mimicObject.DhLitWorldGenRegion_forge
[31Jul2026 16:05:43.222] [DH-World Gen Thread[5]/ERROR] [bettercaves/]: Liquid regions will not be generated for this chunk. This may be fatal!
[31Jul2026 16:05:43.223] [DH-World Gen Thread[5]/ERROR] [bettercaves/]: Better Caves expected a ServerLevel, but got: com.seibel.distanthorizons.common.wrappers.worldGeneration.mimicObject.DhLitWorldGenRegion_forge
[31Jul2026 16:05:43.223] [DH-World Gen Thread[5]/ERROR] [bettercaves/]: Liquid regions will not be generated for this chunk. This may be fatal!
[31Jul2026 16:05:43.223] [DH-World Gen Thread[5]/ERROR] [bettercaves/]: Better Caves expected a ServerLevel, but got: com.seibel.distanthorizons.common.wrappers.worldGeneration.mimicObject.DhLitWorldGenRegion_forge
[31Jul2026 16:05:43.223] [DH-World Gen Thread[5]/ERROR] [bettercaves/]: Liquid regions will not be generated for this chunk. This may be fatal!
[31Jul2026 16:05:43.237] [DH-World Gen Thread[0]/ERROR] [bettercaves/]: Better Caves expected a ServerLevel, but got: com.seibel.distanthorizons.common.wrappers.worldGeneration.mimicObject.DhLitWorldGenRegion_forge
[31Jul2026 16:05:43.250] [DH-World Gen Thread[0]/ERROR] [bettercaves/]: Liquid regions will not be generated for this chunk. This may be fatal!
[31Jul2026 16:05:43.298] [DH-World Gen Thread[0]/ERROR] [bettercaves/]: Better Caves expected a ServerLevel, but got: com.seibel.distanthorizons.common.wrappers.worldGeneration.mimicObject.DhLitWorldGenRegion_forge
[31Jul2026 16:05:43.300] [DH-World Gen Thread[0]/ERROR] [bettercaves/]: Liquid regions will not be generated for this chunk. This may be fatal!
[31Jul2026 16:05:43.300] [DH-World Gen Thread[0]/ERROR] [bettercaves/]: Better Caves expected a ServerLevel, but got: com.seibel.distanthorizons.common.wrappers.worldGeneration.mimicObject.DhLitWorldGenRegion_forge
[31Jul2026 16:05:43.300] [DH-World Gen Thread[0]/ERROR] [bettercaves/]: Liquid regions will not be generated for this chunk. This may be fatal!
[31Jul2026 16:05:43.312] [DH-World Gen Thread[4]/ERROR] [bettercaves/]: Better Caves expected a ServerLevel, but got: com.seibel.distanthorizons.common.wrappers.worldGeneration.mimicObject.DhLitWorldGenRegion_forge
[31Jul2026 16:05:43.316] [DH-World Gen Thread[4]/ERROR] [bettercaves/]: Liquid regions will not be generated for this chunk. This may be fatal!
[31Jul2026 16:05:43.316] [DH-World Gen Thread[4]/ERROR] [bettercaves/]: Better Caves expected a ServerLevel, but got: com.seibel.distanthorizons.common.wrappers.worldGeneration.mimicObject.DhLitWorldGenRegion_forge
[31Jul2026 16:05:43.316] [DH-World Gen Thread[4]/ERROR] [bettercaves/]: Liquid regions will not be generated for this chunk. This may be fatal!
[31Jul2026 16:05:43.317] [DH-World Gen Thread[4]/ERROR] [bettercaves/]: Better Caves expected a ServerLevel, but got: com.seibel.distanthorizons.common.wrappers.worldGeneration.mimicObject.DhLitWorldGenRegion_forge
[31Jul2026 16:05:43.321] [DH-World Gen Thread[4]/ERROR] [bettercaves/]: Liquid regions will not be generated for this chunk. This may be fatal!
[31Jul2026 16:05:43.431] [DH-World Gen Thread[1]/ERROR] [bettercaves/]: Better Caves expected a ServerLevel, but got: com.seibel.distanthorizons.common.wrappers.worldGeneration.mimicObject.DhLitWorldGenRegion_forge
[31Jul2026 16:05:43.434] [DH-World Gen Thread[1]/ERROR] [bettercaves/]: Liquid regions will not be generated for this chunk. This may be fatal!
[31Jul2026 16:05:43.482] [DH-World Gen Thread[1]/ERROR] [bettercaves/]: Better Caves expected a ServerLevel, but got: com.seibel.distanthorizons.common.wrappers.worldGeneration.mimicObject.DhLitWorldGenRegion_forge
[31Jul2026 16:05:43.484] [DH-World Gen Thread[1]/ERROR] [bettercaves/]: Liquid regions will not be generated for this chunk. This may be fatal!
[31Jul2026 16:05:43.485] [DH-World Gen Thread[1]/ERROR] [bettercaves/]: Better Caves expected a ServerLevel, but got: com.seibel.distanthorizons.common.wrappers.worldGeneration.mimicObject.DhLitWorldGenRegion_forge
[31Jul2026 16:05:43.485] [DH-World Gen Thread[1]/ERROR] [bettercaves/]: Liquid regions will not be generated for this chunk. This may be fatal!
[31Jul2026 16:05:43.485] [DH-World Gen Thread[1]/ERROR] [bettercaves/]: Better Caves expected a ServerLevel, but got: com.seibel.distanthorizons.common.wrappers.worldGeneration.mimicObject.DhLitWorldGenRegion_forge
[31Jul2026 16:05:43.505] [DH-World Gen Thread[1]/ERROR] [bettercaves/]: Liquid regions will not be generated for this chunk. This may be fatal!
[31Jul2026 16:05:43.507] [DH-World Gen Thread[1]/ERROR] [bettercaves/]: Better Caves expected a ServerLevel, but got: com.seibel.distanthorizons.common.wrappers.worldGeneration.mimicObject.DhLitWorldGenRegion_forge
[31Jul2026 16:05:43.541] [DH-World Gen Thread[1]/ERROR] [bettercaves/]: Liquid regions will not be generated for this chunk. This may be fatal!
[31Jul2026 16:05:43.554] [DH-World Gen Thread[1]/ERROR] [bettercaves/]: Better Caves expected a ServerLevel, but got: com.seibel.distanthorizons.common.wrappers.worldGeneration.mimicObject.DhLitWorldGenRegion_forge
[31Jul2026 16:05:43.566] [DH-World Gen Thread[1]/ERROR] [bettercaves/]: Liquid regions will not be generated for this chunk. This may be fatal!
[31Jul2026 16:05:43.580] [DH-World Gen Thread[1]/ERROR] [bettercaves/]: Better Caves expected a ServerLevel, but got: com.seibel.distanthorizons.common.wrappers.worldGeneration.mimicObject.DhLitWorldGenRegion_forge
[31Jul2026 16:05:43.590] [DH-World Gen Thread[1]/ERROR] [bettercaves/]: Liquid regions will not be generated for this chunk. This may be fatal!
[31Jul2026 16:05:43.599] [DH-World Gen Thread[1]/ERROR] [bettercaves/]: Better Caves expected a ServerLevel, but got: com.seibel.distanthorizons.common.wrappers.worldGeneration.mimicObject.DhLitWorldGenRegion_forge
[31Jul2026 16:05:43.623] [DH-World Gen Thread[1]/ERROR] [bettercaves/]: Liquid regions will not be generated for this chunk. This may be fatal!
[31Jul2026 16:05:43.630] [DH-World Gen Thread[1]/ERROR] [bettercaves/]: Better Caves expected a ServerLevel, but got: com.seibel.distanthorizons.common.wrappers.worldGeneration.mimicObject.DhLitWorldGenRegion_forge
[31Jul2026 16:05:43.631] [DH-World Gen Thread[1]/ERROR] [bettercaves/]: Liquid regions will not be generated for this chunk. This may be fatal!
[31Jul2026 16:05:43.685] [DH-World Gen Thread[5]/ERROR] [bettercaves/]: Better Caves expected a ServerLevel, but got: com.seibel.distanthorizons.common.wrappers.worldGeneration.mimicObject.DhLitWorldGenRegion_forge
[31Jul2026 16:05:43.689] [DH-World Gen Thread[5]/ERROR] [bettercaves/]: Liquid regions will not be generated for this chunk. This may be fatal!
[31Jul2026 16:05:43.924] [DH-World Gen Thread[0]/ERROR] [bettercaves/]: Better Caves expected a ServerLevel, but got: com.seibel.distanthorizons.common.wrappers.worldGeneration.mimicObject.DhLitWorldGenRegion_forge
[31Jul2026 16:05:43.925] [DH-World Gen Thread[0]/ERROR] [bettercaves/]: Liquid regions will not be generated for this chunk. This may be fatal!
[31Jul2026 16:05:43.928] [DH-World Gen Thread[0]/ERROR] [bettercaves/]: Better Caves expected a ServerLevel, but got: com.seibel.distanthorizons.common.wrappers.worldGeneration.mimicObject.DhLitWorldGenRegion_forge
[31Jul2026 16:05:43.928] [DH-World Gen Thread[0]/ERROR] [bettercaves/]: Liquid regions will not be generated for this chunk. This may be fatal!
[31Jul2026 16:05:43.928] [DH-World Gen Thread[0]/ERROR] [bettercaves/]: Better Caves expected a ServerLevel, but got: com.seibel.distanthorizons.common.wrappers.worldGeneration.mimicObject.DhLitWorldGenRegion_forge
[31Jul2026 16:05:43.929] [DH-World Gen Thread[0]/ERROR] [bettercaves/]: Liquid regions will not be generated for this chunk. This may be fatal!
[31Jul2026 16:05:43.976] [DH-World Gen Thread[4]/ERROR] [bettercaves/]: Better Caves expected a ServerLevel, but got: com.seibel.distanthorizons.common.wrappers.worldGeneration.mimicObject.DhLitWorldGenRegion_forge
[31Jul2026 16:05:43.977] [DH-World Gen Thread[4]/ERROR] [bettercaves/]: Liquid regions will not be generated for this chunk. This may be fatal!
[31Jul2026 16:05:43.977] [DH-World Gen Thread[4]/ERROR] [bettercaves/]: Better Caves expected a ServerLevel, but got: com.seibel.distanthorizons.common.wrappers.worldGeneration.mimicObject.DhLitWorldGenRegion_forge
[31Jul2026 16:05:43.978] [DH-World Gen Thread[4]/ERROR] [bettercaves/]: Liquid regions will not be generated for this chunk. This may be fatal!
[31Jul2026 16:05:43.978] [DH-World Gen Thread[4]/ERROR] [bettercaves/]: Better Caves expected a ServerLevel, but got: com.seibel.distanthorizons.common.wrappers.worldGeneration.mimicObject.DhLitWorldGenRegion_forge
[31Jul2026 16:05:43.978] [DH-World Gen Thread[4]/ERROR] [bettercaves/]: Liquid regions will not be generated for this chunk. This may be fatal!
[31Jul2026 16:05:44.111] [DH-World Gen Thread[2]/ERROR] [bettercaves/]: Better Caves expected a ServerLevel, but got: com.seibel.distanthorizons.common.wrappers.worldGeneration.mimicObject.DhLitWorldGenRegion_forge
[31Jul2026 16:05:44.111] [DH-World Gen Thread[2]/ERROR] [bettercaves/]: Liquid regions will not be generated for this chunk. This may be fatal!
[31Jul2026 16:05:44.112] [DH-World Gen Thread[2]/ERROR] [bettercaves/]: Better Caves expected a ServerLevel, but got: com.seibel.distanthorizons.common.wrappers.worldGeneration.mimicObject.DhLitWorldGenRegion_forge
[31Jul2026 16:05:44.112] [DH-World Gen Thread[2]/ERROR] [bettercaves/]: Liquid regions will not be generated for this chunk. This may be fatal!
[31Jul2026 16:05:44.112] [DH-World Gen Thread[2]/ERROR] [bettercaves/]: Better Caves expected a ServerLevel, but got: com.seibel.distanthorizons.common.wrappers.worldGeneration.mimicObject.DhLitWorldGenRegion_forge
[31Jul2026 16:05:44.112] [DH-World Gen Thread[2]/ERROR] [bettercaves/]: Liquid regions will not be generated for this chunk. This may be fatal!
[31Jul2026 16:05:44.112] [DH-World Gen Thread[2]/ERROR] [bettercaves/]: Better Caves expected a ServerLevel, but got: com.seibel.distanthorizons.common.wrappers.worldGeneration.mimicObject.DhLitWorldGenRegion_forge
[31Jul2026 16:05:44.112] [DH-World Gen Thread[2]/ERROR] [bettercaves/]: Liquid regions will not be generated for this chunk. This may be fatal!
[31Jul2026 16:05:44.112] [DH-World Gen Thread[2]/ERROR] [bettercaves/]: Better Caves expected a ServerLevel, but got: com.seibel.distanthorizons.common.wrappers.worldGeneration.mimicObject.DhLitWorldGenRegion_forge
[31Jul2026 16:05:44.112] [DH-World Gen Thread[2]/ERROR] [bettercaves/]: Liquid regions will not be generated for this chunk. This may be fatal!
[31Jul2026 16:05:44.112] [DH-World Gen Thread[2]/ERROR] [bettercaves/]: Better Caves expected a ServerLevel, but got: com.seibel.distanthorizons.common.wrappers.worldGeneration.mimicObject.DhLitWorldGenRegion_forge
[31Jul2026 16:05:44.112] [DH-World Gen Thread[2]/ERROR] [bettercaves/]: Liquid regions will not be generated for this chunk. This may be fatal!
[31Jul2026 16:05:44.112] [DH-World Gen Thread[2]/ERROR] [bettercaves/]: Better Caves expected a ServerLevel, but got: com.seibel.distanthorizons.common.wrappers.worldGeneration.mimicObject.DhLitWorldGenRegion_forge
[31Jul2026 16:05:44.112] [DH-World Gen Thread[2]/ERROR] [bettercaves/]: Liquid regions will not be generated for this chunk. This may be fatal!
[31Jul2026 16:05:44.123] [DH-World Gen Thread[2]/ERROR] [bettercaves/]: Better Caves expected a ServerLevel, but got: com.seibel.distanthorizons.common.wrappers.worldGeneration.mimicObject.DhLitWorldGenRegion_forge
[31Jul2026 16:05:44.124] [DH-World Gen Thread[2]/ERROR] [bettercaves/]: Liquid regions will not be generated for this chunk. This may be fatal!
[31Jul2026 16:05:44.124] [DH-World Gen Thread[2]/ERROR] [bettercaves/]: Better Caves expected a ServerLevel, but got: com.seibel.distanthorizons.common.wrappers.worldGeneration.mimicObject.DhLitWorldGenRegion_forge
[31Jul2026 16:05:44.124] [DH-World Gen Thread[2]/ERROR] [bettercaves/]: Liquid regions will not be generated for this chunk. This may be fatal!
[31Jul2026 16:05:44.127] [DH-World Gen Thread[3]/ERROR] [bettercaves/]: Better Caves expected a ServerLevel, but got: com.seibel.distanthorizons.common.wrappers.worldGeneration.mimicObject.DhLitWorldGenRegion_forge
[31Jul2026 16:05:44.130] [DH-World Gen Thread[3]/ERROR] [bettercaves/]: Liquid regions will not be generated for this chunk. This may be fatal!
[31Jul2026 16:05:44.133] [DH-World Gen Thread[3]/ERROR] [bettercaves/]: Better Caves expected a ServerLevel, but got: com.seibel.distanthorizons.common.wrappers.worldGeneration.mimicObject.DhLitWorldGenRegion_forge
[31Jul2026 16:05:44.138] [DH-World Gen Thread[3]/ERROR] [bettercaves/]: Liquid regions will not be generated for this chunk. This may be fatal!
[31Jul2026 16:05:44.140] [DH-World Gen Thread[3]/ERROR] [bettercaves/]: Better Caves expected a ServerLevel, but got: com.seibel.distanthorizons.common.wrappers.worldGeneration.mimicObject.DhLitWorldGenRegion_forge
[31Jul2026 16:05:44.154] [DH-World Gen Thread[3]/ERROR] [bettercaves/]: Liquid regions will not be generated for this chunk. This may be fatal!
[31Jul2026 16:05:44.171] [DH-World Gen Thread[3]/ERROR] [bettercaves/]: Better Caves expected a ServerLevel, but got: com.seibel.distanthorizons.common.wrappers.worldGeneration.mimicObject.DhLitWorldGenRegion_forge
[31Jul2026 16:05:44.173] [DH-World Gen Thread[3]/ERROR] [bettercaves/]: Liquid regions will not be generated for this chunk. This may be fatal!
[31Jul2026 16:05:44.174] [DH-World Gen Thread[3]/ERROR] [bettercaves/]: Better Caves expected a ServerLevel, but got: com.seibel.distanthorizons.common.wrappers.worldGeneration.mimicObject.DhLitWorldGenRegion_forge
[31Jul2026 16:05:44.180] [DH-World Gen Thread[3]/ERROR] [bettercaves/]: Liquid regions will not be generated for this chunk. This may be fatal!
[31Jul2026 16:05:44.180] [DH-World Gen Thread[3]/ERROR] [bettercaves/]: Better Caves expected a ServerLevel, but got: com.seibel.distanthorizons.common.wrappers.worldGeneration.mimicObject.DhLitWorldGenRegion_forge
[31Jul2026 16:05:44.180] [DH-World Gen Thread[3]/ERROR] [bettercaves/]: Liquid regions will not be generated for this chunk. This may be fatal!
[31Jul2026 16:05:44.180] [DH-World Gen Thread[3]/ERROR] [bettercaves/]: Better Caves expected a ServerLevel, but got: com.seibel.distanthorizons.common.wrappers.worldGeneration.mimicObject.DhLitWorldGenRegion_forge
[31Jul2026 16:05:44.180] [DH-World Gen Thread[3]/ERROR] [bettercaves/]: Liquid regions will not be generated for this chunk. This may be fatal!
[31Jul2026 16:05:44.189] [DH-World Gen Thread[3]/ERROR] [bettercaves/]: Better Caves expected a ServerLevel, but got: com.seibel.distanthorizons.common.wrappers.worldGeneration.mimicObject.DhLitWorldGenRegion_forge
[31Jul2026 16:05:44.193] [DH-World Gen Thread[3]/ERROR] [bettercaves/]: Liquid regions will not be generated for this chunk. This may be fatal!
[31Jul2026 16:05:44.193] [DH-World Gen Thread[3]/ERROR] [bettercaves/]: Better Caves expected a ServerLevel, but got: com.seibel.distanthorizons.common.wrappers.worldGeneration.mimicObject.DhLitWorldGenRegion_forge
[31Jul2026 16:05:44.196] [DH-World Gen Thread[3]/ERROR] [bettercaves/]: Liquid regions will not be generated for this chunk. This may be fatal!
[31Jul2026 16:05:44.196] [DH-World Gen Thread[5]/ERROR] [bettercaves/]: Better Caves expected a ServerLevel, but got: com.seibel.distanthorizons.common.wrappers.worldGeneration.mimicObject.DhLitWorldGenRegion_forge
[31Jul2026 16:05:44.204] [DH-World Gen Thread[5]/ERROR] [bettercaves/]: Liquid regions will not be generated for this chunk. This may be fatal!
[31Jul2026 16:05:44.204] [DH-World Gen Thread[5]/ERROR] [bettercaves/]: Better Caves expected a ServerLevel, but got: com.seibel.distanthorizons.common.wrappers.worldGeneration.mimicObject.DhLitWorldGenRegion_forge
[31Jul2026 16:05:44.204] [DH-World Gen Thread[5]/ERROR] [bettercaves/]: Liquid regions will not be generated for this chunk. This may be fatal!
[31Jul2026 16:05:44.204] [DH-World Gen Thread[5]/ERROR] [bettercaves/]: Better Caves expected a ServerLevel, but got: com.seibel.distanthorizons.common.wrappers.worldGeneration.mimicObject.DhLitWorldGenRegion_forge
[31Jul2026 16:05:44.204] [DH-World Gen Thread[5]/ERROR] [bettercaves/]: Liquid regions will not be generated for this chunk. This may be fatal!
[31Jul2026 16:05:44.204] [DH-World Gen Thread[5]/ERROR] [bettercaves/]: Better Caves expected a ServerLevel, but got: com.seibel.distanthorizons.common.wrappers.worldGeneration.mimicObject.DhLitWorldGenRegion_forge
[31Jul2026 16:05:44.204] [DH-World Gen Thread[5]/ERROR] [bettercaves/]: Liquid regions will not be generated for this chunk. This may be fatal!
[31Jul2026 16:05:44.204] [DH-World Gen Thread[5]/ERROR] [bettercaves/]: Better Caves expected a ServerLevel, but got: com.seibel.distanthorizons.common.wrappers.worldGeneration.mimicObject.DhLitWorldGenRegion_forge
[31Jul2026 16:05:44.204] [DH-World Gen Thread[5]/ERROR] [bettercaves/]: Liquid regions will not be generated for this chunk. This may be fatal!
[31Jul2026 16:05:44.204] [DH-World Gen Thread[5]/ERROR] [bettercaves/]: Better Caves expected a ServerLevel, but got: com.seibel.distanthorizons.common.wrappers.worldGeneration.mimicObject.DhLitWorldGenRegion_forge
[31Jul2026 16:05:44.204] [DH-World Gen Thread[5]/ERROR] [bettercaves/]: Liquid regions will not be generated for this chunk. This may be fatal!
[31Jul2026 16:05:44.204] [DH-World Gen Thread[5]/ERROR] [bettercaves/]: Better Caves expected a ServerLevel, but got: com.seibel.distanthorizons.common.wrappers.worldGeneration.mimicObject.DhLitWorldGenRegion_forge
[31Jul2026 16:05:44.205] [DH-World Gen Thread[5]/ERROR] [bettercaves/]: Liquid regions will not be generated for this chunk. This may be fatal!
[31Jul2026 16:05:44.205] [DH-World Gen Thread[5]/ERROR] [bettercaves/]: Better Caves expected a ServerLevel, but got: com.seibel.distanthorizons.common.wrappers.worldGeneration.mimicObject.DhLitWorldGenRegion_forge
[31Jul2026 16:05:44.205] [DH-World Gen Thread[5]/ERROR] [bettercaves/]: Liquid regions will not be generated for this chunk. This may be fatal!
[31Jul2026 16:05:44.219] [DH-World Gen Thread[5]/ERROR] [bettercaves/]: Better Caves expected a ServerLevel, but got: com.seibel.distanthorizons.common.wrappers.worldGeneration.mimicObject.DhLitWorldGenRegion_forge
[31Jul2026 16:05:44.220] [DH-World Gen Thread[5]/ERROR] [bettercaves/]: Liquid regions will not be generated for this chunk. This may be fatal!
[31Jul2026 16:05:44.472] [DH-World Gen Thread[0]/ERROR] [bettercaves/]: Better Caves expected a ServerLevel, but got: com.seibel.distanthorizons.common.wrappers.worldGeneration.mimicObject.DhLitWorldGenRegion_forge
[31Jul2026 16:05:44.472] [DH-World Gen Thread[0]/ERROR] [bettercaves/]: Liquid regions will not be generated for this chunk. This may be fatal!
[31Jul2026 16:05:44.652] [DH-World Gen Thread[4]/ERROR] [bettercaves/]: Better Caves expected a ServerLevel, but got: com.seibel.distanthorizons.common.wrappers.worldGeneration.mimicObject.DhLitWorldGenRegion_forge
[31Jul2026 16:05:44.652] [DH-World Gen Thread[4]/ERROR] [bettercaves/]: Liquid regions will not be generated for this chunk. This may be fatal!
[31Jul2026 16:05:45.270] [DH-World Gen Thread[1]/ERROR] [bettercaves/]: Better Caves expected a ServerLevel, but got: com.seibel.distanthorizons.common.wrappers.worldGeneration.mimicObject.DhLitWorldGenRegion_forge
[31Jul2026 16:05:45.272] [DH-World Gen Thread[1]/ERROR] [bettercaves/]: Liquid regions will not be generated for this chunk. This may be fatal!
[31Jul2026 16:05:45.274] [DH-World Gen Thread[1]/ERROR] [bettercaves/]: Better Caves expected a ServerLevel, but got: com.seibel.distanthorizons.common.wrappers.worldGeneration.mimicObject.DhLitWorldGenRegion_forge
[31Jul2026 16:05:45.274] [DH-World Gen Thread[1]/ERROR] [bettercaves/]: Liquid regions will not be generated for this chunk. This may be fatal!
[31Jul2026 16:05:45.285] [DH-World Gen Thread[1]/ERROR] [bettercaves/]: Better Caves expected a ServerLevel, but got: com.seibel.distanthorizons.common.wrappers.worldGeneration.mimicObject.DhLitWorldGenRegion_forge
[31Jul2026 16:05:45.286] [DH-World Gen Thread[1]/ERROR] [bettercaves/]: Liquid regions will not be generated for this chunk. This may be fatal!
[31Jul2026 16:05:45.541] [DH-World Gen Thread[2]/ERROR] [bettercaves/]: Better Caves expected a ServerLevel, but got: com.seibel.distanthorizons.common.wrappers.worldGeneration.mimicObject.DhLitWorldGenRegion_forge
[31Jul2026 16:05:45.568] [DH-World Gen Thread[2]/ERROR] [bettercaves/]: Liquid regions will not be generated for this chunk. This may be fatal!
[31Jul2026 16:05:45.594] [DH-World Gen Thread[2]/ERROR] [bettercaves/]: Better Caves expected a ServerLevel, but got: com.seibel.distanthorizons.common.wrappers.worldGeneration.mimicObject.DhLitWorldGenRegion_forge
[31Jul2026 16:05:45.600] [DH-World Gen Thread[2]/ERROR] [bettercaves/]: Liquid regions will not be generated for this chunk. This may be fatal!
[31Jul2026 16:05:45.615] [DH-World Gen Thread[2]/ERROR] [bettercaves/]: Better Caves expected a ServerLevel, but got: com.seibel.distanthorizons.common.wrappers.worldGeneration.mimicObject.DhLitWorldGenRegion_forge
[31Jul2026 16:05:45.629] [DH-World Gen Thread[2]/ERROR] [bettercaves/]: Liquid regions will not be generated for this chunk. This may be fatal!
[31Jul2026 16:05:45.750] [DH-World Gen Thread[5]/ERROR] [bettercaves/]: Better Caves expected a ServerLevel, but got: com.seibel.distanthorizons.common.wrappers.worldGeneration.mimicObject.DhLitWorldGenRegion_forge
[31Jul2026 16:05:45.761] [DH-World Gen Thread[5]/ERROR] [bettercaves/]: Liquid regions will not be generated for this chunk. This may be fatal!
[31Jul2026 16:05:45.761] [DH-World Gen Thread[5]/ERROR] [bettercaves/]: Better Caves expected a ServerLevel, but got: com.seibel.distanthorizons.common.wrappers.worldGeneration.mimicObject.DhLitWorldGenRegion_forge
[31Jul2026 16:05:45.770] [DH-World Gen Thread[5]/ERROR] [bettercaves/]: Liquid regions will not be generated for this chunk. This may be fatal!
[31Jul2026 16:05:45.803] [DH-World Gen Thread[5]/ERROR] [bettercaves/]: Better Caves expected a ServerLevel, but got: com.seibel.distanthorizons.common.wrappers.worldGeneration.mimicObject.DhLitWorldGenRegion_forge
[31Jul2026 16:05:45.840] [DH-World Gen Thread[5]/ERROR] [bettercaves/]: Liquid regions will not be generated for this chunk. This may be fatal!
[31Jul2026 16:05:45.889] [DH-World Gen Thread[1]/ERROR] [bettercaves/]: Better Caves expected a ServerLevel, but got: com.seibel.distanthorizons.common.wrappers.worldGeneration.mimicObject.DhLitWorldGenRegion_forge
[31Jul2026 16:05:45.915] [DH-World Gen Thread[1]/ERROR] [bettercaves/]: Liquid regions will not be generated for this chunk. This may be fatal!
[31Jul2026 16:05:45.924] [DH-World Gen Thread[1]/ERROR] [bettercaves/]: Better Caves expected a ServerLevel, but got: com.seibel.distanthorizons.common.wrappers.worldGeneration.mimicObject.DhLitWorldGenRegion_forge
[31Jul2026 16:05:45.929] [DH-World Gen Thread[1]/ERROR] [bettercaves/]: Liquid regions will not be generated for this chunk. This may be fatal!
[31Jul2026 16:05:45.948] [DH-World Gen Thread[1]/ERROR] [bettercaves/]: Better Caves expected a ServerLevel, but got: com.seibel.distanthorizons.common.wrappers.worldGeneration.mimicObject.DhLitWorldGenRegion_forge
[31Jul2026 16:05:45.955] [DH-World Gen Thread[1]/ERROR] [bettercaves/]: Liquid regions will not be generated for this chunk. This may be fatal!
[31Jul2026 16:05:46.092] [DH-World Gen Thread[2]/ERROR] [bettercaves/]: Better Caves expected a ServerLevel, but got: com.seibel.distanthorizons.common.wrappers.worldGeneration.mimicObject.DhLitWorldGenRegion_forge
[31Jul2026 16:05:46.126] [DH-World Gen Thread[2]/ERROR] [bettercaves/]: Liquid regions will not be generated for this chunk. This may be fatal!
[31Jul2026 16:05:46.128] [DH-World Gen Thread[2]/ERROR] [bettercaves/]: Better Caves expected a ServerLevel, but got: com.seibel.distanthorizons.common.wrappers.worldGeneration.mimicObject.DhLitWorldGenRegion_forge
[31Jul2026 16:05:46.160] [DH-World Gen Thread[2]/ERROR] [bettercaves/]: Liquid regions will not be generated for this chunk. This may be fatal!
[31Jul2026 16:05:46.180] [DH-World Gen Thread[2]/ERROR] [bettercaves/]: Better Caves expected a ServerLevel, but got: com.seibel.distanthorizons.common.wrappers.worldGeneration.mimicObject.DhLitWorldGenRegion_forge
[31Jul2026 16:05:46.218] [DH-World Gen Thread[2]/ERROR] [bettercaves/]: Liquid regions will not be generated for this chunk. This may be fatal!
[31Jul2026 16:05:46.230] [DH-World Gen Thread[3]/ERROR] [bettercaves/]: Better Caves expected a ServerLevel, but got: com.seibel.distanthorizons.common.wrappers.worldGeneration.mimicObject.DhLitWorldGenRegion_forge
[31Jul2026 16:05:46.231] [DH-World Gen Thread[3]/ERROR] [bettercaves/]: Liquid regions will not be generated for this chunk. This may be fatal!
[31Jul2026 16:05:46.246] [DH-World Gen Thread[3]/ERROR] [bettercaves/]: Better Caves expected a ServerLevel, but got: com.seibel.distanthorizons.common.wrappers.worldGeneration.mimicObject.DhLitWorldGenRegion_forge
[31Jul2026 16:05:46.252] [DH-World Gen Thread[3]/ERROR] [bettercaves/]: Liquid regions will not be generated for this chunk. This may be fatal!
[31Jul2026 16:05:46.252] [DH-World Gen Thread[3]/ERROR] [bettercaves/]: Better Caves expected a ServerLevel, but got: com.seibel.distanthorizons.common.wrappers.worldGeneration.mimicObject.DhLitWorldGenRegion_forge
[31Jul2026 16:05:46.252] [DH-World Gen Thread[3]/ERROR] [bettercaves/]: Liquid regions will not be generated for this chunk. This may be fatal!
[31Jul2026 16:05:46.306] [DH-World Gen Thread[0]/ERROR] [bettercaves/]: Better Caves expected a ServerLevel, but got: com.seibel.distanthorizons.common.wrappers.worldGeneration.mimicObject.DhLitWorldGenRegion_forge
[31Jul2026 16:05:46.307] [DH-World Gen Thread[0]/ERROR] [bettercaves/]: Liquid regions will not be generated for this chunk. This may be fatal!
[31Jul2026 16:05:46.319] [DH-World Gen Thread[0]/ERROR] [bettercaves/]: Better Caves expected a ServerLevel, but got: com.seibel.distanthorizons.common.wrappers.worldGeneration.mimicObject.DhLitWorldGenRegion_forge
[31Jul2026 16:05:46.319] [DH-World Gen Thread[0]/ERROR] [bettercaves/]: Liquid regions will not be generated for this chunk. This may be fatal!
[31Jul2026 16:05:46.319] [DH-World Gen Thread[0]/ERROR] [bettercaves/]: Better Caves expected a ServerLevel, but got: com.seibel.distanthorizons.common.wrappers.worldGeneration.mimicObject.DhLitWorldGenRegion_forge
[31Jul2026 16:05:46.319] [DH-World Gen Thread[0]/ERROR] [bettercaves/]: Liquid regions will not be generated for this chunk. This may be fatal!
[31Jul2026 16:05:46.319] [DH-World Gen Thread[0]/ERROR] [bettercaves/]: Better Caves expected a ServerLevel, but got: com.seibel.distanthorizons.common.wrappers.worldGeneration.mimicObject.DhLitWorldGenRegion_forge
[31Jul2026 16:05:46.319] [DH-World Gen Thread[0]/ERROR] [bettercaves/]: Liquid regions will not be generated for this chunk. This may be fatal!
[31Jul2026 16:05:46.319] [DH-World Gen Thread[0]/ERROR] [bettercaves/]: Better Caves expected a ServerLevel, but got: com.seibel.distanthorizons.common.wrappers.worldGeneration.mimicObject.DhLitWorldGenRegion_forge
[31Jul2026 16:05:46.319] [DH-World Gen Thread[0]/ERROR] [bettercaves/]: Liquid regions will not be generated for this chunk. This may be fatal!
[31Jul2026 16:05:46.319] [DH-World Gen Thread[0]/ERROR] [bettercaves/]: Better Caves expected a ServerLevel, but got: com.seibel.distanthorizons.common.wrappers.worldGeneration.mimicObject.DhLitWorldGenRegion_forge
[31Jul2026 16:05:46.319] [DH-World Gen Thread[0]/ERROR] [bettercaves/]: Liquid regions will not be generated for this chunk. This may be fatal!
[31Jul2026 16:05:46.319] [DH-World Gen Thread[0]/ERROR] [bettercaves/]: Better Caves expected a ServerLevel, but got: com.seibel.distanthorizons.common.wrappers.worldGeneration.mimicObject.DhLitWorldGenRegion_forge
[31Jul2026 16:05:46.319] [DH-World Gen Thread[0]/ERROR] [bettercaves/]: Liquid regions will not be generated for this chunk. This may be fatal!
[31Jul2026 16:05:46.319] [DH-World Gen Thread[0]/ERROR] [bettercaves/]: Better Caves expected a ServerLevel, but got: com.seibel.distanthorizons.common.wrappers.worldGeneration.mimicObject.DhLitWorldGenRegion_forge
[31Jul2026 16:05:46.319] [DH-World Gen Thread[0]/ERROR] [bettercaves/]: Liquid regions will not be generated for this chunk. This may be fatal!
[31Jul2026 16:05:46.320] [DH-World Gen Thread[0]/ERROR] [bettercaves/]: Better Caves expected a ServerLevel, but got: com.seibel.distanthorizons.common.wrappers.worldGeneration.mimicObject.DhLitWorldGenRegion_forge
[31Jul2026 16:05:46.320] [DH-World Gen Thread[0]/ERROR] [bettercaves/]: Liquid regions will not be generated for this chunk. This may be fatal!
[31Jul2026 16:05:46.325] [DH-World Gen Thread[5]/ERROR] [bettercaves/]: Better Caves expected a ServerLevel, but got: com.seibel.distanthorizons.common.wrappers.worldGeneration.mimicObject.DhLitWorldGenRegion_forge
[31Jul2026 16:05:46.327] [DH-World Gen Thread[5]/ERROR] [bettercaves/]: Liquid regions will not be generated for this chunk. This may be fatal!
[31Jul2026 16:05:46.327] [DH-World Gen Thread[5]/ERROR] [bettercaves/]: Better Caves expected a ServerLevel, but got: com.seibel.distanthorizons.common.wrappers.worldGeneration.mimicObject.DhLitWorldGenRegion_forge
[31Jul2026 16:05:46.327] [DH-World Gen Thread[5]/ERROR] [bettercaves/]: Liquid regions will not be generated for this chunk. This may be fatal!
[31Jul2026 16:05:46.327] [DH-World Gen Thread[5]/ERROR] [bettercaves/]: Better Caves expected a ServerLevel, but got: com.seibel.distanthorizons.common.wrappers.worldGeneration.mimicObject.DhLitWorldGenRegion_forge
[31Jul2026 16:05:46.327] [DH-World Gen Thread[5]/ERROR] [bettercaves/]: Liquid regions will not be generated for this chunk. This may be fatal!
[31Jul2026 16:05:46.837] [DH-World Gen Thread[1]/ERROR] [bettercaves/]: Better Caves expected a ServerLevel, but got: com.seibel.distanthorizons.common.wrappers.worldGeneration.mimicObject.DhLitWorldGenRegion_forge
[31Jul2026 16:05:46.875] [DH-World Gen Thread[1]/ERROR] [bettercaves/]: Liquid regions will not be generated for this chunk. This may be fatal!
[31Jul2026 16:05:46.927] [DH-World Gen Thread[2]/ERROR] [bettercaves/]: Better Caves expected a ServerLevel, but got: com.seibel.distanthorizons.common.wrappers.worldGeneration.mimicObject.DhLitWorldGenRegion_forge
[31Jul2026 16:05:46.932] [DH-World Gen Thread[2]/ERROR] [bettercaves/]: Liquid regions will not be generated for this chunk. This may be fatal!
[31Jul2026 16:05:47.042] [DH-World Gen Thread[5]/ERROR] [bettercaves/]: Better Caves expected a ServerLevel, but got: com.seibel.distanthorizons.common.wrappers.worldGeneration.mimicObject.DhLitWorldGenRegion_forge
[31Jul2026 16:05:47.111] [DH-World Gen Thread[5]/ERROR] [bettercaves/]: Liquid regions will not be generated for this chunk. This may be fatal!
[31Jul2026 16:05:47.155] [DH-World Gen Thread[3]/ERROR] [bettercaves/]: Better Caves expected a ServerLevel, but got: com.seibel.distanthorizons.common.wrappers.worldGeneration.mimicObject.DhLitWorldGenRegion_forge
[31Jul2026 16:05:47.167] [DH-World Gen Thread[3]/ERROR] [bettercaves/]: Liquid regions will not be generated for this chunk. This may be fatal!
[31Jul2026 16:05:47.169] [DH-World Gen Thread[3]/ERROR] [bettercaves/]: Better Caves expected a ServerLevel, but got: com.seibel.distanthorizons.common.wrappers.worldGeneration.mimicObject.DhLitWorldGenRegion_forge
[31Jul2026 16:05:47.175] [DH-World Gen Thread[3]/ERROR] [bettercaves/]: Liquid regions will not be generated for this chunk. This may be fatal!
[31Jul2026 16:05:47.178] [DH-World Gen Thread[3]/ERROR] [bettercaves/]: Better Caves expected a ServerLevel, but got: com.seibel.distanthorizons.common.wrappers.worldGeneration.mimicObject.DhLitWorldGenRegion_forge
[31Jul2026 16:05:47.179] [DH-World Gen Thread[3]/ERROR] [bettercaves/]: Liquid regions will not be generated for this chunk. This may be fatal!
[31Jul2026 16:05:47.333] [DH-World Gen Thread[4]/ERROR] [bettercaves/]: Better Caves expected a ServerLevel, but got: com.seibel.distanthorizons.common.wrappers.worldGeneration.mimicObject.DhLitWorldGenRegion_forge
[31Jul2026 16:05:47.334] [DH-World Gen Thread[4]/ERROR] [bettercaves/]: Liquid regions will not be generated for this chunk. This may be fatal!
[31Jul2026 16:05:47.335] [DH-World Gen Thread[4]/ERROR] [bettercaves/]: Better Caves expected a ServerLevel, but got: com.seibel.distanthorizons.common.wrappers.worldGeneration.mimicObject.DhLitWorldGenRegion_forge
[31Jul2026 16:05:47.337] [DH-World Gen Thread[4]/ERROR] [bettercaves/]: Liquid regions will not be generated for this chunk. This may be fatal!
[31Jul2026 16:05:47.338] [DH-World Gen Thread[4]/ERROR] [bettercaves/]: Better Caves expected a ServerLevel, but got: com.seibel.distanthorizons.common.wrappers.worldGeneration.mimicObject.DhLitWorldGenRegion_forge
[31Jul2026 16:05:47.338] [DH-World Gen Thread[4]/ERROR] [bettercaves/]: Liquid regions will not be generated for this chunk. This may be fatal!
[31Jul2026 16:05:47.339] [DH-World Gen Thread[4]/ERROR] [bettercaves/]: Better Caves expected a ServerLevel, but got: com.seibel.distanthorizons.common.wrappers.worldGeneration.mimicObject.DhLitWorldGenRegion_forge
[31Jul2026 16:05:47.349] [DH-World Gen Thread[4]/ERROR] [bettercaves/]: Liquid regions will not be generated for this chunk. This may be fatal!
[31Jul2026 16:05:47.349] [DH-World Gen Thread[4]/ERROR] [bettercaves/]: Better Caves expected a ServerLevel, but got: com.seibel.distanthorizons.common.wrappers.worldGeneration.mimicObject.DhLitWorldGenRegion_forge
[31Jul2026 16:05:47.350] [DH-World Gen Thread[4]/ERROR] [bettercaves/]: Liquid regions will not be generated for this chunk. This may be fatal!
[31Jul2026 16:05:47.350] [DH-World Gen Thread[4]/ERROR] [bettercaves/]: Better Caves expected a ServerLevel, but got: com.seibel.distanthorizons.common.wrappers.worldGeneration.mimicObject.DhLitWorldGenRegion_forge
[31Jul2026 16:05:47.351] [DH-World Gen Thread[4]/ERROR] [bettercaves/]: Liquid regions will not be generated for this chunk. This may be fatal!
[31Jul2026 16:05:47.352] [DH-World Gen Thread[4]/ERROR] [bettercaves/]: Better Caves expected a ServerLevel, but got: com.seibel.distanthorizons.common.wrappers.worldGeneration.mimicObject.DhLitWorldGenRegion_forge
[31Jul2026 16:05:47.352] [DH-World Gen Thread[4]/ERROR] [bettercaves/]: Liquid regions will not be generated for this chunk. This may be fatal!
[31Jul2026 16:05:47.353] [DH-World Gen Thread[4]/ERROR] [bettercaves/]: Better Caves expected a ServerLevel, but got: com.seibel.distanthorizons.common.wrappers.worldGeneration.mimicObject.DhLitWorldGenRegion_forge
[31Jul2026 16:05:47.354] [DH-World Gen Thread[4]/ERROR] [bettercaves/]: Liquid regions will not be generated for this chunk. This may be fatal!
[31Jul2026 16:05:47.356] [DH-World Gen Thread[4]/ERROR] [bettercaves/]: Better Caves expected a ServerLevel, but got: com.seibel.distanthorizons.common.wrappers.worldGeneration.mimicObject.DhLitWorldGenRegion_forge
[31Jul2026 16:05:47.356] [DH-World Gen Thread[4]/ERROR] [bettercaves/]: Liquid regions will not be generated for this chunk. This may be fatal!
[31Jul2026 16:05:47.499] [DH-World Gen Thread[2]/ERROR] [bettercaves/]: Better Caves expected a ServerLevel, but got: com.seibel.distanthorizons.common.wrappers.worldGeneration.mimicObject.DhLitWorldGenRegion_forge
[31Jul2026 16:05:47.500] [DH-World Gen Thread[2]/ERROR] [bettercaves/]: Liquid regions will not be generated for this chunk. This may be fatal!
[31Jul2026 16:05:47.509] [DH-World Gen Thread[2]/ERROR] [bettercaves/]: Better Caves expected a ServerLevel, but got: com.seibel.distanthorizons.common.wrappers.worldGeneration.mimicObject.DhLitWorldGenRegion_forge
[31Jul2026 16:05:47.509] [DH-World Gen Thread[2]/ERROR] [bettercaves/]: Liquid regions will not be generated for this chunk. This may be fatal!
[31Jul2026 16:05:47.510] [DH-World Gen Thread[2]/ERROR] [bettercaves/]: Better Caves expected a ServerLevel, but got: com.seibel.distanthorizons.common.wrappers.worldGeneration.mimicObject.DhLitWorldGenRegion_forge
[31Jul2026 16:05:47.510] [DH-World Gen Thread[2]/ERROR] [bettercaves/]: Liquid regions will not be generated for this chunk. This may be fatal!
[31Jul2026 16:05:47.510] [DH-World Gen Thread[2]/ERROR] [bettercaves/]: Better Caves expected a ServerLevel, but got: com.seibel.distanthorizons.common.wrappers.worldGeneration.mimicObject.DhLitWorldGenRegion_forge
[31Jul2026 16:05:47.511] [DH-World Gen Thread[2]/ERROR] [bettercaves/]: Liquid regions will not be generated for this chunk. This may be fatal!
[31Jul2026 16:05:47.511] [DH-World Gen Thread[2]/ERROR] [bettercaves/]: Better Caves expected a ServerLevel, but got: com.seibel.distanthorizons.common.wrappers.worldGeneration.mimicObject.DhLitWorldGenRegion_forge
[31Jul2026 16:05:47.511] [DH-World Gen Thread[2]/ERROR] [bettercaves/]: Liquid regions will not be generated for this chunk. This may be fatal!
[31Jul2026 16:05:47.519] [DH-World Gen Thread[2]/ERROR] [bettercaves/]: Better Caves expected a ServerLevel, but got: com.seibel.distanthorizons.common.wrappers.worldGeneration.mimicObject.DhLitWorldGenRegion_forge
[31Jul2026 16:05:47.519] [DH-World Gen Thread[2]/ERROR] [bettercaves/]: Liquid regions will not be generated for this chunk. This may be fatal!
[31Jul2026 16:05:47.519] [DH-World Gen Thread[2]/ERROR] [bettercaves/]: Better Caves expected a ServerLevel, but got: com.seibel.distanthorizons.common.wrappers.worldGeneration.mimicObject.DhLitWorldGenRegion_forge
[31Jul2026 16:05:47.519] [DH-World Gen Thread[2]/ERROR] [bettercaves/]: Liquid regions will not be generated for this chunk. This may be fatal!
[31Jul2026 16:05:47.519] [DH-World Gen Thread[2]/ERROR] [bettercaves/]: Better Caves expected a ServerLevel, but got: com.seibel.distanthorizons.common.wrappers.worldGeneration.mimicObject.DhLitWorldGenRegion_forge
[31Jul2026 16:05:47.519] [DH-World Gen Thread[2]/ERROR] [bettercaves/]: Liquid regions will not be generated for this chunk. This may be fatal!
[31Jul2026 16:05:47.519] [DH-World Gen Thread[2]/ERROR] [bettercaves/]: Better Caves expected a ServerLevel, but got: com.seibel.distanthorizons.common.wrappers.worldGeneration.mimicObject.DhLitWorldGenRegion_forge
[31Jul2026 16:05:47.519] [DH-World Gen Thread[2]/ERROR] [bettercaves/]: Liquid regions will not be generated for this chunk. This may be fatal!
[31Jul2026 16:05:47.520] [DH-World Gen Thread[5]/ERROR] [bettercaves/]: Better Caves expected a ServerLevel, but got: com.seibel.distanthorizons.common.wrappers.worldGeneration.mimicObject.DhLitWorldGenRegion_forge
[31Jul2026 16:05:47.521] [DH-World Gen Thread[5]/ERROR] [bettercaves/]: Liquid regions will not be generated for this chunk. This may be fatal!
[31Jul2026 16:05:47.521] [DH-World Gen Thread[5]/ERROR] [bettercaves/]: Better Caves expected a ServerLevel, but got: com.seibel.distanthorizons.common.wrappers.worldGeneration.mimicObject.DhLitWorldGenRegion_forge
[31Jul2026 16:05:47.521] [DH-World Gen Thread[5]/ERROR] [bettercaves/]: Liquid regions will not be generated for this chunk. This may be fatal!
[31Jul2026 16:05:47.563] [DH-World Gen Thread[5]/ERROR] [bettercaves/]: Better Caves expected a ServerLevel, but got: com.seibel.distanthorizons.common.wrappers.worldGeneration.mimicObject.DhLitWorldGenRegion_forge
[31Jul2026 16:05:47.575] [DH-World Gen Thread[5]/ERROR] [bettercaves/]: Liquid regions will not be generated for this chunk. This may be fatal!
[31Jul2026 16:05:47.575] [DH-World Gen Thread[5]/ERROR] [bettercaves/]: Better Caves expected a ServerLevel, but got: com.seibel.distanthorizons.common.wrappers.worldGeneration.mimicObject.DhLitWorldGenRegion_forge
[31Jul2026 16:05:47.575] [DH-World Gen Thread[5]/ERROR] [bettercaves/]: Liquid regions will not be generated for this chunk. This may be fatal!
[31Jul2026 16:05:47.575] [DH-World Gen Thread[5]/ERROR] [bettercaves/]: Better Caves expected a ServerLevel, but got: com.seibel.distanthorizons.common.wrappers.worldGeneration.mimicObject.DhLitWorldGenRegion_forge
[31Jul2026 16:05:47.575] [DH-World Gen Thread[5]/ERROR] [bettercaves/]: Liquid regions will not be generated for this chunk. This may be fatal!
[31Jul2026 16:05:47.575] [DH-World Gen Thread[5]/ERROR] [bettercaves/]: Better Caves expected a ServerLevel, but got: com.seibel.distanthorizons.common.wrappers.worldGeneration.mimicObject.DhLitWorldGenRegion_forge
[31Jul2026 16:05:47.575] [DH-World Gen Thread[5]/ERROR] [bettercaves/]: Liquid regions will not be generated for this chunk. This may be fatal!
[31Jul2026 16:05:47.576] [DH-World Gen Thread[5]/ERROR] [bettercaves/]: Better Caves expected a ServerLevel, but got: com.seibel.distanthorizons.common.wrappers.worldGeneration.mimicObject.DhLitWorldGenRegion_forge
[31Jul2026 16:05:47.576] [DH-World Gen Thread[5]/ERROR] [bettercaves/]: Liquid regions will not be generated for this chunk. This may be fatal!
[31Jul2026 16:05:47.630] [DH-World Gen Thread[5]/ERROR] [bettercaves/]: Better Caves expected a ServerLevel, but got: com.seibel.distanthorizons.common.wrappers.worldGeneration.mimicObject.DhLitWorldGenRegion_forge
[31Jul2026 16:05:47.632] [DH-World Gen Thread[5]/ERROR] [bettercaves/]: Liquid regions will not be generated for this chunk. This may be fatal!
[31Jul2026 16:05:47.632] [DH-World Gen Thread[5]/ERROR] [bettercaves/]: Better Caves expected a ServerLevel, but got: com.seibel.distanthorizons.common.wrappers.worldGeneration.mimicObject.DhLitWorldGenRegion_forge
[31Jul2026 16:05:47.632] [DH-World Gen Thread[5]/ERROR] [bettercaves/]: Liquid regions will not be generated for this chunk. This may be fatal!
[31Jul2026 16:05:47.650] [DH-World Gen Thread[1]/ERROR] [bettercaves/]: Better Caves expected a ServerLevel, but got: com.seibel.distanthorizons.common.wrappers.worldGeneration.mimicObject.DhLitWorldGenRegion_forge
[31Jul2026 16:05:47.661] [DH-World Gen Thread[1]/ERROR] [bettercaves/]: Liquid regions will not be generated for this chunk. This may be fatal!
[31Jul2026 16:05:47.661] [DH-World Gen Thread[1]/ERROR] [bettercaves/]: Better Caves expected a ServerLevel, but got: com.seibel.distanthorizons.common.wrappers.worldGeneration.mimicObject.DhLitWorldGenRegion_forge
[31Jul2026 16:05:47.662] [DH-World Gen Thread[1]/ERROR] [bettercaves/]: Liquid regions will not be generated for this chunk. This may be fatal!
[31Jul2026 16:05:47.662] [DH-World Gen Thread[1]/ERROR] [bettercaves/]: Better Caves expected a ServerLevel, but got: com.seibel.distanthorizons.common.wrappers.worldGeneration.mimicObject.DhLitWorldGenRegion_forge
[31Jul2026 16:05:47.662] [DH-World Gen Thread[1]/ERROR] [bettercaves/]: Liquid regions will not be generated for this chunk. This may be fatal!
[31Jul2026 16:05:47.670] [DH-World Gen Thread[1]/ERROR] [bettercaves/]: Better Caves expected a ServerLevel, but got: com.seibel.distanthorizons.common.wrappers.worldGeneration.mimicObject.DhLitWorldGenRegion_forge
[31Jul2026 16:05:47.671] [DH-World Gen Thread[1]/ERROR] [bettercaves/]: Liquid regions will not be generated for this chunk. This may be fatal!
[31Jul2026 16:05:47.679] [DH-World Gen Thread[1]/ERROR] [bettercaves/]: Better Caves expected a ServerLevel, but got: com.seibel.distanthorizons.common.wrappers.worldGeneration.mimicObject.DhLitWorldGenRegion_forge
[31Jul2026 16:05:47.681] [DH-World Gen Thread[1]/ERROR] [bettercaves/]: Liquid regions will not be generated for this chunk. This may be fatal!
[31Jul2026 16:05:47.693] [DH-World Gen Thread[1]/ERROR] [bettercaves/]: Better Caves expected a ServerLevel, but got: com.seibel.distanthorizons.common.wrappers.worldGeneration.mimicObject.DhLitWorldGenRegion_forge
[31Jul2026 16:05:47.696] [DH-World Gen Thread[1]/ERROR] [bettercaves/]: Liquid regions will not be generated for this chunk. This may be fatal!
[31Jul2026 16:05:47.697] [DH-World Gen Thread[1]/ERROR] [bettercaves/]: Better Caves expected a ServerLevel, but got: com.seibel.distanthorizons.common.wrappers.worldGeneration.mimicObject.DhLitWorldGenRegion_forge
[31Jul2026 16:05:47.698] [DH-World Gen Thread[1]/ERROR] [bettercaves/]: Liquid regions will not be generated for this chunk. This may be fatal!
[31Jul2026 16:05:47.710] [DH-World Gen Thread[1]/ERROR] [bettercaves/]: Better Caves expected a ServerLevel, but got: com.seibel.distanthorizons.common.wrappers.worldGeneration.mimicObject.DhLitWorldGenRegion_forge
[31Jul2026 16:05:47.719] [DH-World Gen Thread[1]/ERROR] [bettercaves/]: Liquid regions will not be generated for this chunk. This may be fatal!
[31Jul2026 16:05:47.722] [DH-World Gen Thread[1]/ERROR] [bettercaves/]: Better Caves expected a ServerLevel, but got: com.seibel.distanthorizons.common.wrappers.worldGeneration.mimicObject.DhLitWorldGenRegion_forge
[31Jul2026 16:05:47.731] [DH-World Gen Thread[1]/ERROR] [bettercaves/]: Liquid regions will not be generated for this chunk. This may be fatal!
[31Jul2026 16:05:47.855] [DH-World Gen Thread[3]/ERROR] [bettercaves/]: Better Caves expected a ServerLevel, but got: com.seibel.distanthorizons.common.wrappers.worldGeneration.mimicObject.DhLitWorldGenRegion_forge
[31Jul2026 16:05:47.879] [DH-World Gen Thread[3]/ERROR] [bettercaves/]: Liquid regions will not be generated for this chunk. This may be fatal!
[31Jul2026 16:05:48.374] [DH-World Gen Thread[0]/ERROR] [bettercaves/]: Better Caves expected a ServerLevel, but got: com.seibel.distanthorizons.common.wrappers.worldGeneration.mimicObject.DhLitWorldGenRegion_forge
[31Jul2026 16:05:48.407] [DH-World Gen Thread[0]/ERROR] [bettercaves/]: Liquid regions will not be generated for this chunk. This may be fatal!
[31Jul2026 16:05:48.409] [DH-World Gen Thread[0]/ERROR] [bettercaves/]: Better Caves expected a ServerLevel, but got: com.seibel.distanthorizons.common.wrappers.worldGeneration.mimicObject.DhLitWorldGenRegion_forge
[31Jul2026 16:05:48.409] [DH-World Gen Thread[0]/ERROR] [bettercaves/]: Liquid regions will not be generated for this chunk. This may be fatal!
[31Jul2026 16:05:48.409] [DH-World Gen Thread[0]/ERROR] [bettercaves/]: Better Caves expected a ServerLevel, but got: com.seibel.distanthorizons.common.wrappers.worldGeneration.mimicObject.DhLitWorldGenRegion_forge
[31Jul2026 16:05:48.409] [DH-World Gen Thread[0]/ERROR] [bettercaves/]: Liquid regions will not be generated for this chunk. This may be fatal!
[31Jul2026 16:05:49.055] [DH-World Gen Thread[0]/ERROR] [bettercaves/]: Better Caves expected a ServerLevel, but got: com.seibel.distanthorizons.common.wrappers.worldGeneration.mimicObject.DhLitWorldGenRegion_forge
[31Jul2026 16:05:49.055] [DH-World Gen Thread[0]/ERROR] [bettercaves/]: Liquid regions will not be generated for this chunk. This may be fatal!
[31Jul2026 16:05:49.070] [DH-World Gen Thread[0]/ERROR] [bettercaves/]: Better Caves expected a ServerLevel, but got: com.seibel.distanthorizons.common.wrappers.worldGeneration.mimicObject.DhLitWorldGenRegion_forge
[31Jul2026 16:05:49.070] [DH-World Gen Thread[0]/ERROR] [bettercaves/]: Liquid regions will not be generated for this chunk. This may be fatal!
[31Jul2026 16:05:49.071] [DH-World Gen Thread[0]/ERROR] [bettercaves/]: Better Caves expected a ServerLevel, but got: com.seibel.distanthorizons.common.wrappers.worldGeneration.mimicObject.DhLitWorldGenRegion_forge
[31Jul2026 16:05:49.071] [DH-World Gen Thread[0]/ERROR] [bettercaves/]: Liquid regions will not be generated for this chunk. This may be fatal!
[31Jul2026 16:05:49.180] [DH-World Gen Thread[5]/ERROR] [bettercaves/]: Better Caves expected a ServerLevel, but got: com.seibel.distanthorizons.common.wrappers.worldGeneration.mimicObject.DhLitWorldGenRegion_forge
[31Jul2026 16:05:49.181] [DH-World Gen Thread[5]/ERROR] [bettercaves/]: Liquid regions will not be generated for this chunk. This may be fatal!
[31Jul2026 16:05:49.201] [DH-World Gen Thread[5]/ERROR] [bettercaves/]: Better Caves expected a ServerLevel, but got: com.seibel.distanthorizons.common.wrappers.worldGeneration.mimicObject.DhLitWorldGenRegion_forge
[31Jul2026 16:05:49.202] [DH-World Gen Thread[5]/ERROR] [bettercaves/]: Liquid regions will not be generated for this chunk. This may be fatal!
[31Jul2026 16:05:49.202] [DH-World Gen Thread[5]/ERROR] [bettercaves/]: Better Caves expected a ServerLevel, but got: com.seibel.distanthorizons.common.wrappers.worldGeneration.mimicObject.DhLitWorldGenRegion_forge
[31Jul2026 16:05:49.202] [DH-World Gen Thread[5]/ERROR] [bettercaves/]: Liquid regions will not be generated for this chunk. This may be fatal!
[31Jul2026 16:05:49.278] [DH-World Gen Thread[2]/ERROR] [bettercaves/]: Better Caves expected a ServerLevel, but got: com.seibel.distanthorizons.common.wrappers.worldGeneration.mimicObject.DhLitWorldGenRegion_forge
[31Jul2026 16:05:49.278] [DH-World Gen Thread[2]/ERROR] [bettercaves/]: Liquid regions will not be generated for this chunk. This may be fatal!
[31Jul2026 16:05:49.279] [DH-World Gen Thread[2]/ERROR] [bettercaves/]: Better Caves expected a ServerLevel, but got: com.seibel.distanthorizons.common.wrappers.worldGeneration.mimicObject.DhLitWorldGenRegion_forge
[31Jul2026 16:05:49.279] [DH-World Gen Thread[2]/ERROR] [bettercaves/]: Liquid regions will not be generated for this chunk. This may be fatal!
[31Jul2026 16:05:49.279] [DH-World Gen Thread[2]/ERROR] [bettercaves/]: Better Caves expected a ServerLevel, but got: com.seibel.distanthorizons.common.wrappers.worldGeneration.mimicObject.DhLitWorldGenRegion_forge
[31Jul2026 16:05:49.279] [DH-World Gen Thread[2]/ERROR] [bettercaves/]: Liquid regions will not be generated for this chunk. This may be fatal!
[31Jul2026 16:05:49.390] [DH-World Gen Thread[1]/ERROR] [bettercaves/]: Better Caves expected a ServerLevel, but got: com.seibel.distanthorizons.common.wrappers.worldGeneration.mimicObject.DhLitWorldGenRegion_forge
[31Jul2026 16:05:49.399] [DH-World Gen Thread[1]/ERROR] [bettercaves/]: Liquid regions will not be generated for this chunk. This may be fatal!
[31Jul2026 16:05:49.435] [DH-World Gen Thread[1]/ERROR] [bettercaves/]: Better Caves expected a ServerLevel, but got: com.seibel.distanthorizons.common.wrappers.worldGeneration.mimicObject.DhLitWorldGenRegion_forge
[31Jul2026 16:05:49.449] [DH-World Gen Thread[1]/ERROR] [bettercaves/]: Liquid regions will not be generated for this chunk. This may be fatal!
[31Jul2026 16:05:49.481] [DH-World Gen Thread[1]/ERROR] [bettercaves/]: Better Caves expected a ServerLevel, but got: com.seibel.distanthorizons.common.wrappers.worldGeneration.mimicObject.DhLitWorldGenRegion_forge
[31Jul2026 16:05:49.511] [DH-World Gen Thread[1]/ERROR] [bettercaves/]: Liquid regions will not be generated for this chunk. This may be fatal!
[31Jul2026 16:05:49.636] [DH-World Gen Thread[0]/ERROR] [bettercaves/]: Better Caves expected a ServerLevel, but got: com.seibel.distanthorizons.common.wrappers.worldGeneration.mimicObject.DhLitWorldGenRegion_forge
[31Jul2026 16:05:49.654] [DH-World Gen Thread[0]/ERROR] [bettercaves/]: Liquid regions will not be generated for this chunk. This may be fatal!
[31Jul2026 16:05:49.673] [DH-World Gen Thread[4]/ERROR] [bettercaves/]: Better Caves expected a ServerLevel, but got: com.seibel.distanthorizons.common.wrappers.worldGeneration.mimicObject.DhLitWorldGenRegion_forge
[31Jul2026 16:05:49.686] [DH-World Gen Thread[4]/ERROR] [bettercaves/]: Liquid regions will not be generated for this chunk. This may be fatal!
[31Jul2026 16:05:49.693] [DH-World Gen Thread[4]/ERROR] [bettercaves/]: Better Caves expected a ServerLevel, but got: com.seibel.distanthorizons.common.wrappers.worldGeneration.mimicObject.DhLitWorldGenRegion_forge
[31Jul2026 16:05:49.699] [DH-World Gen Thread[4]/ERROR] [bettercaves/]: Liquid regions will not be generated for this chunk. This may be fatal!
[31Jul2026 16:05:49.706] [DH-World Gen Thread[4]/ERROR] [bettercaves/]: Better Caves expected a ServerLevel, but got: com.seibel.distanthorizons.common.wrappers.worldGeneration.mimicObject.DhLitWorldGenRegion_forge
[31Jul2026 16:05:49.719] [DH-World Gen Thread[4]/ERROR] [bettercaves/]: Liquid regions will not be generated for this chunk. This may be fatal!
[31Jul2026 16:05:49.743] [DH-World Gen Thread[5]/ERROR] [bettercaves/]: Better Caves expected a ServerLevel, but got: com.seibel.distanthorizons.common.wrappers.worldGeneration.mimicObject.DhLitWorldGenRegion_forge
[31Jul2026 16:05:49.753] [DH-World Gen Thread[5]/ERROR] [bettercaves/]: Liquid regions will not be generated for this chunk. This may be fatal!
[31Jul2026 16:05:49.755] [DH-World Gen Thread[5]/ERROR] [bettercaves/]: Better Caves expected a ServerLevel, but got: com.seibel.distanthorizons.common.wrappers.worldGeneration.mimicObject.DhLitWorldGenRegion_forge
[31Jul2026 16:05:49.755] [DH-World Gen Thread[5]/ERROR] [bettercaves/]: Liquid regions will not be generated for this chunk. This may be fatal!
[31Jul2026 16:05:49.755] [DH-World Gen Thread[5]/ERROR] [bettercaves/]: Better Caves expected a ServerLevel, but got: com.seibel.distanthorizons.common.wrappers.worldGeneration.mimicObject.DhLitWorldGenRegion_forge
[31Jul2026 16:05:49.755] [DH-World Gen Thread[5]/ERROR] [bettercaves/]: Liquid regions will not be generated for this chunk. This may be fatal!
[31Jul2026 16:05:50.170] [DH-World Gen Thread[2]/ERROR] [bettercaves/]: Better Caves expected a ServerLevel, but got: com.seibel.distanthorizons.common.wrappers.worldGeneration.mimicObject.DhLitWorldGenRegion_forge
[31Jul2026 16:05:50.217] [DH-World Gen Thread[2]/ERROR] [bettercaves/]: Liquid regions will not be generated for this chunk. This may be fatal!
[31Jul2026 16:05:50.245] [DH-World Gen Thread[2]/ERROR] [bettercaves/]: Better Caves expected a ServerLevel, but got: com.seibel.distanthorizons.common.wrappers.worldGeneration.mimicObject.DhLitWorldGenRegion_forge
[31Jul2026 16:05:50.273] [DH-World Gen Thread[2]/ERROR] [bettercaves/]: Liquid regions will not be generated for this chunk. This may be fatal!
[31Jul2026 16:05:50.294] [DH-World Gen Thread[2]/ERROR] [bettercaves/]: Better Caves expected a ServerLevel, but got: com.seibel.distanthorizons.common.wrappers.worldGeneration.mimicObject.DhLitWorldGenRegion_forge
[31Jul2026 16:05:50.304] [DH-World Gen Thread[2]/ERROR] [bettercaves/]: Liquid regions will not be generated for this chunk. This may be fatal!
[31Jul2026 16:05:50.307] [DH-World Gen Thread[1]/ERROR] [bettercaves/]: Better Caves expected a ServerLevel, but got: com.seibel.distanthorizons.common.wrappers.worldGeneration.mimicObject.DhLitWorldGenRegion_forge
[31Jul2026 16:05:50.308] [DH-World Gen Thread[1]/ERROR] [bettercaves/]: Liquid regions will not be generated for this chunk. This may be fatal!
[31Jul2026 16:05:50.308] [DH-World Gen Thread[1]/ERROR] [bettercaves/]: Better Caves expected a ServerLevel, but got: com.seibel.distanthorizons.common.wrappers.worldGeneration.mimicObject.DhLitWorldGenRegion_forge
[31Jul2026 16:05:50.308] [DH-World Gen Thread[1]/ERROR] [bettercaves/]: Liquid regions will not be generated for this chunk. This may be fatal!
[31Jul2026 16:05:50.308] [DH-World Gen Thread[1]/ERROR] [bettercaves/]: Better Caves expected a ServerLevel, but got: com.seibel.distanthorizons.common.wrappers.worldGeneration.mimicObject.DhLitWorldGenRegion_forge
[31Jul2026 16:05:50.308] [DH-World Gen Thread[1]/ERROR] [bettercaves/]: Liquid regions will not be generated for this chunk. This may be fatal!
[31Jul2026 16:05:50.407] [DH-World Gen Thread[4]/ERROR] [bettercaves/]: Better Caves expected a ServerLevel, but got: com.seibel.distanthorizons.common.wrappers.worldGeneration.mimicObject.DhLitWorldGenRegion_forge
[31Jul2026 16:05:50.409] [DH-World Gen Thread[4]/ERROR] [bettercaves/]: Liquid regions will not be generated for this chunk. This may be fatal!
[31Jul2026 16:05:50.410] [DH-World Gen Thread[4]/ERROR] [bettercaves/]: Better Caves expected a ServerLevel, but got: com.seibel.distanthorizons.common.wrappers.worldGeneration.mimicObject.DhLitWorldGenRegion_forge
[31Jul2026 16:05:50.411] [DH-World Gen Thread[4]/ERROR] [bettercaves/]: Liquid regions will not be generated for this chunk. This may be fatal!
[31Jul2026 16:05:50.412] [DH-World Gen Thread[4]/ERROR] [bettercaves/]: Better Caves expected a ServerLevel, but got: com.seibel.distanthorizons.common.wrappers.worldGeneration.mimicObject.DhLitWorldGenRegion_forge
[31Jul2026 16:05:50.412] [DH-World Gen Thread[4]/ERROR] [bettercaves/]: Liquid regions will not be generated for this chunk. This may be fatal!
[31Jul2026 16:05:50.599] [DH-World Gen Thread[5]/ERROR] [bettercaves/]: Better Caves expected a ServerLevel, but got: com.seibel.distanthorizons.common.wrappers.worldGeneration.mimicObject.DhLitWorldGenRegion_forge
[31Jul2026 16:05:50.601] [DH-World Gen Thread[5]/ERROR] [bettercaves/]: Liquid regions will not be generated for this chunk. This may be fatal!
[31Jul2026 16:05:50.731] [DH-World Gen Thread[1]/ERROR] [bettercaves/]: Better Caves expected a ServerLevel, but got: com.seibel.distanthorizons.common.wrappers.worldGeneration.mimicObject.DhLitWorldGenRegion_forge
[31Jul2026 16:05:50.731] [DH-World Gen Thread[1]/ERROR] [bettercaves/]: Liquid regions will not be generated for this chunk. This may be fatal!
[31Jul2026 16:05:50.822] [DH-World Gen Thread[2]/ERROR] [bettercaves/]: Better Caves expected a ServerLevel, but got: com.seibel.distanthorizons.common.wrappers.worldGeneration.mimicObject.DhLitWorldGenRegion_forge
[31Jul2026 16:05:50.826] [DH-World Gen Thread[2]/ERROR] [bettercaves/]: Liquid regions will not be generated for this chunk. This may be fatal!
[31Jul2026 16:05:51.030] [DH-World Gen Thread[4]/ERROR] [bettercaves/]: Better Caves expected a ServerLevel, but got: com.seibel.distanthorizons.common.wrappers.worldGeneration.mimicObject.DhLitWorldGenRegion_forge
[31Jul2026 16:05:51.050] [DH-World Gen Thread[4]/ERROR] [bettercaves/]: Liquid regions will not be generated for this chunk. This may be fatal!
[31Jul2026 16:05:51.777] [DH-World Gen Thread[3]/ERROR] [bettercaves/]: Better Caves expected a ServerLevel, but got: com.seibel.distanthorizons.common.wrappers.worldGeneration.mimicObject.DhLitWorldGenRegion_forge
[31Jul2026 16:05:51.778] [DH-World Gen Thread[3]/ERROR] [bettercaves/]: Liquid regions will not be generated for this chunk. This may be fatal!
[31Jul2026 16:05:51.778] [DH-World Gen Thread[3]/ERROR] [bettercaves/]: Better Caves expected a ServerLevel, but got: com.seibel.distanthorizons.common.wrappers.worldGeneration.mimicObject.DhLitWorldGenRegion_forge
[31Jul2026 16:05:51.779] [DH-World Gen Thread[3]/ERROR] [bettercaves/]: Liquid regions will not be generated for this chunk. This may be fatal!
[31Jul2026 16:05:51.779] [DH-World Gen Thread[3]/ERROR] [bettercaves/]: Better Caves expected a ServerLevel, but got: com.seibel.distanthorizons.common.wrappers.worldGeneration.mimicObject.DhLitWorldGenRegion_forge
[31Jul2026 16:05:51.779] [DH-World Gen Thread[3]/ERROR] [bettercaves/]: Liquid regions will not be generated for this chunk. This may be fatal!
[31Jul2026 16:05:51.779] [DH-World Gen Thread[3]/ERROR] [bettercaves/]: Better Caves expected a ServerLevel, but got: com.seibel.distanthorizons.common.wrappers.worldGeneration.mimicObject.DhLitWorldGenRegion_forge
[31Jul2026 16:05:51.779] [DH-World Gen Thread[3]/ERROR] [bettercaves/]: Liquid regions will not be generated for this chunk. This may be fatal!
[31Jul2026 16:05:51.786] [DH-World Gen Thread[3]/ERROR] [bettercaves/]: Better Caves expected a ServerLevel, but got: com.seibel.distanthorizons.common.wrappers.worldGeneration.mimicObject.DhLitWorldGenRegion_forge
[31Jul2026 16:05:51.788] [DH-World Gen Thread[3]/ERROR] [bettercaves/]: Liquid regions will not be generated for this chunk. This may be fatal!
[31Jul2026 16:05:51.788] [DH-World Gen Thread[3]/ERROR] [bettercaves/]: Better Caves expected a ServerLevel, but got: com.seibel.distanthorizons.common.wrappers.worldGeneration.mimicObject.DhLitWorldGenRegion_forge
[31Jul2026 16:05:51.788] [DH-World Gen Thread[3]/ERROR] [bettercaves/]: Liquid regions will not be generated for this chunk. This may be fatal!
[31Jul2026 16:05:51.788] [DH-World Gen Thread[3]/ERROR] [bettercaves/]: Better Caves expected a ServerLevel, but got: com.seibel.distanthorizons.common.wrappers.worldGeneration.mimicObject.DhLitWorldGenRegion_forge
[31Jul2026 16:05:51.788] [DH-World Gen Thread[3]/ERROR] [bettercaves/]: Liquid regions will not be generated for this chunk. This may be fatal!
[31Jul2026 16:05:51.789] [DH-World Gen Thread[3]/ERROR] [bettercaves/]: Better Caves expected a ServerLevel, but got: com.seibel.distanthorizons.common.wrappers.worldGeneration.mimicObject.DhLitWorldGenRegion_forge
[31Jul2026 16:05:51.789] [DH-World Gen Thread[3]/ERROR] [bettercaves/]: Liquid regions will not be generated for this chunk. This may be fatal!
[31Jul2026 16:05:51.789] [DH-World Gen Thread[3]/ERROR] [bettercaves/]: Better Caves expected a ServerLevel, but got: com.seibel.distanthorizons.common.wrappers.worldGeneration.mimicObject.DhLitWorldGenRegion_forge
[31Jul2026 16:05:51.789] [DH-World Gen Thread[3]/ERROR] [bettercaves/]: Liquid regions will not be generated for this chunk. This may be fatal!
[31Jul2026 16:05:51.802] [DH-World Gen Thread[0]/ERROR] [bettercaves/]: Better Caves expected a ServerLevel, but got: com.seibel.distanthorizons.common.wrappers.worldGeneration.mimicObject.DhLitWorldGenRegion_forge
[31Jul2026 16:05:51.806] [DH-World Gen Thread[0]/ERROR] [bettercaves/]: Liquid regions will not be generated for this chunk. This may be fatal!
[31Jul2026 16:05:51.807] [DH-World Gen Thread[0]/ERROR] [bettercaves/]: Better Caves expected a ServerLevel, but got: com.seibel.distanthorizons.common.wrappers.worldGeneration.mimicObject.DhLitWorldGenRegion_forge
[31Jul2026 16:05:51.807] [DH-World Gen Thread[0]/ERROR] [bettercaves/]: Liquid regions will not be generated for this chunk. This may be fatal!
[31Jul2026 16:05:51.807] [DH-World Gen Thread[0]/ERROR] [bettercaves/]: Better Caves expected a ServerLevel, but got: com.seibel.distanthorizons.common.wrappers.worldGeneration.mimicObject.DhLitWorldGenRegion_forge
[31Jul2026 16:05:51.807] [DH-World Gen Thread[0]/ERROR] [bettercaves/]: Liquid regions will not be generated for this chunk. This may be fatal!
[31Jul2026 16:05:51.807] [DH-World Gen Thread[0]/ERROR] [bettercaves/]: Better Caves expected a ServerLevel, but got: com.seibel.distanthorizons.common.wrappers.worldGeneration.mimicObject.DhLitWorldGenRegion_forge
[31Jul2026 16:05:51.807] [DH-World Gen Thread[0]/ERROR] [bettercaves/]: Liquid regions will not be generated for this chunk. This may be fatal!
[31Jul2026 16:05:51.807] [DH-World Gen Thread[0]/ERROR] [bettercaves/]: Better Caves expected a ServerLevel, but got: com.seibel.distanthorizons.common.wrappers.worldGeneration.mimicObject.DhLitWorldGenRegion_forge
[31Jul2026 16:05:51.808] [DH-World Gen Thread[0]/ERROR] [bettercaves/]: Liquid regions will not be generated for this chunk. This may be fatal!
[31Jul2026 16:05:51.816] [DH-World Gen Thread[0]/ERROR] [bettercaves/]: Better Caves expected a ServerLevel, but got: com.seibel.distanthorizons.common.wrappers.worldGeneration.mimicObject.DhLitWorldGenRegion_forge
[31Jul2026 16:05:51.816] [DH-World Gen Thread[0]/ERROR] [bettercaves/]: Liquid regions will not be generated for this chunk. This may be fatal!
[31Jul2026 16:05:51.850] [DH-World Gen Thread[0]/ERROR] [bettercaves/]: Better Caves expected a ServerLevel, but got: com.seibel.distanthorizons.common.wrappers.worldGeneration.mimicObject.DhLitWorldGenRegion_forge
[31Jul2026 16:05:51.854] [DH-World Gen Thread[0]/ERROR] [bettercaves/]: Liquid regions will not be generated for this chunk. This may be fatal!
[31Jul2026 16:05:51.854] [DH-World Gen Thread[0]/ERROR] [bettercaves/]: Better Caves expected a ServerLevel, but got: com.seibel.distanthorizons.common.wrappers.worldGeneration.mimicObject.DhLitWorldGenRegion_forge
[31Jul2026 16:05:51.854] [DH-World Gen Thread[0]/ERROR] [bettercaves/]: Liquid regions will not be generated for this chunk. This may be fatal!
[31Jul2026 16:05:51.856] [DH-World Gen Thread[0]/ERROR] [bettercaves/]: Better Caves expected a ServerLevel, but got: com.seibel.distanthorizons.common.wrappers.worldGeneration.mimicObject.DhLitWorldGenRegion_forge
[31Jul2026 16:05:51.856] [DH-World Gen Thread[0]/ERROR] [bettercaves/]: Liquid regions will not be generated for this chunk. This may be fatal!
[31Jul2026 16:05:51.856] [DH-World Gen Thread[5]/ERROR] [bettercaves/]: Better Caves expected a ServerLevel, but got: com.seibel.distanthorizons.common.wrappers.worldGeneration.mimicObject.DhLitWorldGenRegion_forge
[31Jul2026 16:05:51.856] [DH-World Gen Thread[5]/ERROR] [bettercaves/]: Liquid regions will not be generated for this chunk. This may be fatal!
[31Jul2026 16:05:51.856] [DH-World Gen Thread[5]/ERROR] [bettercaves/]: Better Caves expected a ServerLevel, but got: com.seibel.distanthorizons.common.wrappers.worldGeneration.mimicObject.DhLitWorldGenRegion_forge
[31Jul2026 16:05:51.857] [DH-World Gen Thread[5]/ERROR] [bettercaves/]: Liquid regions will not be generated for this chunk. This may be fatal!
[31Jul2026 16:05:51.857] [DH-World Gen Thread[5]/ERROR] [bettercaves/]: Better Caves expected a ServerLevel, but got: com.seibel.distanthorizons.common.wrappers.worldGeneration.mimicObject.DhLitWorldGenRegion_forge
[31Jul2026 16:05:51.858] [DH-World Gen Thread[5]/ERROR] [bettercaves/]: Liquid regions will not be generated for this chunk. This may be fatal!
[31Jul2026 16:05:51.858] [DH-World Gen Thread[5]/ERROR] [bettercaves/]: Better Caves expected a ServerLevel, but got: com.seibel.distanthorizons.common.wrappers.worldGeneration.mimicObject.DhLitWorldGenRegion_forge
[31Jul2026 16:05:51.858] [DH-World Gen Thread[5]/ERROR] [bettercaves/]: Liquid regions will not be generated for this chunk. This may be fatal!
[31Jul2026 16:05:51.865] [DH-World Gen Thread[5]/ERROR] [bettercaves/]: Better Caves expected a ServerLevel, but got: com.seibel.distanthorizons.common.wrappers.worldGeneration.mimicObject.DhLitWorldGenRegion_forge
[31Jul2026 16:05:51.887] [DH-World Gen Thread[5]/ERROR] [bettercaves/]: Liquid regions will not be generated for this chunk. This may be fatal!
[31Jul2026 16:05:51.977] [DH-World Gen Thread[5]/ERROR] [bettercaves/]: Better Caves expected a ServerLevel, but got: com.seibel.distanthorizons.common.wrappers.worldGeneration.mimicObject.DhLitWorldGenRegion_forge
[31Jul2026 16:05:52.024] [DH-World Gen Thread[5]/ERROR] [bettercaves/]: Liquid regions will not be generated for this chunk. This may be fatal!
[31Jul2026 16:05:52.029] [DH-World Gen Thread[5]/ERROR] [bettercaves/]: Better Caves expected a ServerLevel, but got: com.seibel.distanthorizons.common.wrappers.worldGeneration.mimicObject.DhLitWorldGenRegion_forge
[31Jul2026 16:05:52.034] [DH-World Gen Thread[5]/ERROR] [bettercaves/]: Liquid regions will not be generated for this chunk. This may be fatal!
[31Jul2026 16:05:52.035] [DH-World Gen Thread[5]/ERROR] [bettercaves/]: Better Caves expected a ServerLevel, but got: com.seibel.distanthorizons.common.wrappers.worldGeneration.mimicObject.DhLitWorldGenRegion_forge
[31Jul2026 16:05:52.035] [DH-World Gen Thread[5]/ERROR] [bettercaves/]: Liquid regions will not be generated for this chunk. This may be fatal!
[31Jul2026 16:05:52.036] [DH-World Gen Thread[5]/ERROR] [bettercaves/]: Better Caves expected a ServerLevel, but got: com.seibel.distanthorizons.common.wrappers.worldGeneration.mimicObject.DhLitWorldGenRegion_forge
[31Jul2026 16:05:52.036] [DH-World Gen Thread[5]/ERROR] [bettercaves/]: Liquid regions will not be generated for this chunk. This may be fatal!
[31Jul2026 16:05:52.252] [DH-World Gen Thread[1]/ERROR] [bettercaves/]: Better Caves expected a ServerLevel, but got: com.seibel.distanthorizons.common.wrappers.worldGeneration.mimicObject.DhLitWorldGenRegion_forge
[31Jul2026 16:05:52.252] [DH-World Gen Thread[1]/ERROR] [bettercaves/]: Liquid regions will not be generated for this chunk. This may be fatal!
[31Jul2026 16:05:52.253] [DH-World Gen Thread[1]/ERROR] [bettercaves/]: Better Caves expected a ServerLevel, but got: com.seibel.distanthorizons.common.wrappers.worldGeneration.mimicObject.DhLitWorldGenRegion_forge
[31Jul2026 16:05:52.253] [DH-World Gen Thread[1]/ERROR] [bettercaves/]: Liquid regions will not be generated for this chunk. This may be fatal!
[31Jul2026 16:05:52.253] [DH-World Gen Thread[1]/ERROR] [bettercaves/]: Better Caves expected a ServerLevel, but got: com.seibel.distanthorizons.common.wrappers.worldGeneration.mimicObject.DhLitWorldGenRegion_forge
[31Jul2026 16:05:52.253] [DH-World Gen Thread[1]/ERROR] [bettercaves/]: Liquid regions will not be generated for this chunk. This may be fatal!
[31Jul2026 16:05:52.253] [DH-World Gen Thread[1]/ERROR] [bettercaves/]: Better Caves expected a ServerLevel, but got: com.seibel.distanthorizons.common.wrappers.worldGeneration.mimicObject.DhLitWorldGenRegion_forge
[31Jul2026 16:05:52.253] [DH-World Gen Thread[1]/ERROR] [bettercaves/]: Liquid regions will not be generated for this chunk. This may be fatal!
[31Jul2026 16:05:52.253] [DH-World Gen Thread[1]/ERROR] [bettercaves/]: Better Caves expected a ServerLevel, but got: com.seibel.distanthorizons.common.wrappers.worldGeneration.mimicObject.DhLitWorldGenRegion_forge
[31Jul2026 16:05:52.253] [DH-World Gen Thread[1]/ERROR] [bettercaves/]: Liquid regions will not be generated for this chunk. This may be fatal!
[31Jul2026 16:05:52.253] [DH-World Gen Thread[1]/ERROR] [bettercaves/]: Better Caves expected a ServerLevel, but got: com.seibel.distanthorizons.common.wrappers.worldGeneration.mimicObject.DhLitWorldGenRegion_forge
[31Jul2026 16:05:52.254] [DH-World Gen Thread[1]/ERROR] [bettercaves/]: Liquid regions will not be generated for this chunk. This may be fatal!
[31Jul2026 16:05:52.254] [DH-World Gen Thread[1]/ERROR] [bettercaves/]: Better Caves expected a ServerLevel, but got: com.seibel.distanthorizons.common.wrappers.worldGeneration.mimicObject.DhLitWorldGenRegion_forge
[31Jul2026 16:05:52.254] [DH-World Gen Thread[1]/ERROR] [bettercaves/]: Liquid regions will not be generated for this chunk. This may be fatal!
[31Jul2026 16:05:52.254] [DH-World Gen Thread[1]/ERROR] [bettercaves/]: Better Caves expected a ServerLevel, but got: com.seibel.distanthorizons.common.wrappers.worldGeneration.mimicObject.DhLitWorldGenRegion_forge
[31Jul2026 16:05:52.254] [DH-World Gen Thread[1]/ERROR] [bettercaves/]: Liquid regions will not be generated for this chunk. This may be fatal!
[31Jul2026 16:05:52.254] [DH-World Gen Thread[1]/ERROR] [bettercaves/]: Better Caves expected a ServerLevel, but got: com.seibel.distanthorizons.common.wrappers.worldGeneration.mimicObject.DhLitWorldGenRegion_forge
[31Jul2026 16:05:52.254] [DH-World Gen Thread[1]/ERROR] [bettercaves/]: Liquid regions will not be generated for this chunk. This may be fatal!
[31Jul2026 16:05:52.257] [DH-World Gen Thread[2]/ERROR] [bettercaves/]: Better Caves expected a ServerLevel, but got: com.seibel.distanthorizons.common.wrappers.worldGeneration.mimicObject.DhLitWorldGenRegion_forge
[31Jul2026 16:05:52.257] [DH-World Gen Thread[2]/ERROR] [bettercaves/]: Liquid regions will not be generated for this chunk. This may be fatal!
[31Jul2026 16:05:52.257] [DH-World Gen Thread[2]/ERROR] [bettercaves/]: Better Caves expected a ServerLevel, but got: com.seibel.distanthorizons.common.wrappers.worldGeneration.mimicObject.DhLitWorldGenRegion_forge
[31Jul2026 16:05:52.257] [DH-World Gen Thread[2]/ERROR] [bettercaves/]: Liquid regions will not be generated for this chunk. This may be fatal!
[31Jul2026 16:05:52.270] [DH-World Gen Thread[2]/ERROR] [bettercaves/]: Better Caves expected a ServerLevel, but got: com.seibel.distanthorizons.common.wrappers.worldGeneration.mimicObject.DhLitWorldGenRegion_forge
[31Jul2026 16:05:52.270] [DH-World Gen Thread[2]/ERROR] [bettercaves/]: Liquid regions will not be generated for this chunk. This may be fatal!
[31Jul2026 16:05:52.271] [DH-World Gen Thread[2]/ERROR] [bettercaves/]: Better Caves expected a ServerLevel, but got: com.seibel.distanthorizons.common.wrappers.worldGeneration.mimicObject.DhLitWorldGenRegion_forge
[31Jul2026 16:05:52.271] [DH-World Gen Thread[2]/ERROR] [bettercaves/]: Liquid regions will not be generated for this chunk. This may be fatal!
[31Jul2026 16:05:52.271] [DH-World Gen Thread[2]/ERROR] [bettercaves/]: Better Caves expected a ServerLevel, but got: com.seibel.distanthorizons.common.wrappers.worldGeneration.mimicObject.DhLitWorldGenRegion_forge
[31Jul2026 16:05:52.271] [DH-World Gen Thread[2]/ERROR] [bettercaves/]: Liquid regions will not be generated for this chunk. This may be fatal!
[31Jul2026 16:05:52.304] [DH-World Gen Thread[2]/ERROR] [bettercaves/]: Better Caves expected a ServerLevel, but got: com.seibel.distanthorizons.common.wrappers.worldGeneration.mimicObject.DhLitWorldGenRegion_forge
[31Jul2026 16:05:52.305] [DH-World Gen Thread[2]/ERROR] [bettercaves/]: Liquid regions will not be generated for this chunk. This may be fatal!
[31Jul2026 16:05:52.305] [DH-World Gen Thread[2]/ERROR] [bettercaves/]: Better Caves expected a ServerLevel, but got: com.seibel.distanthorizons.common.wrappers.worldGeneration.mimicObject.DhLitWorldGenRegion_forge
[31Jul2026 16:05:52.305] [DH-World Gen Thread[2]/ERROR] [bettercaves/]: Liquid regions will not be generated for this chunk. This may be fatal!
[31Jul2026 16:05:52.305] [DH-World Gen Thread[2]/ERROR] [bettercaves/]: Better Caves expected a ServerLevel, but got: com.seibel.distanthorizons.common.wrappers.worldGeneration.mimicObject.DhLitWorldGenRegion_forge
[31Jul2026 16:05:52.305] [DH-World Gen Thread[2]/ERROR] [bettercaves/]: Liquid regions will not be generated for this chunk. This may be fatal!
[31Jul2026 16:05:52.307] [DH-World Gen Thread[2]/ERROR] [bettercaves/]: Better Caves expected a ServerLevel, but got: com.seibel.distanthorizons.common.wrappers.worldGeneration.mimicObject.DhLitWorldGenRegion_forge
[31Jul2026 16:05:52.307] [DH-World Gen Thread[2]/ERROR] [bettercaves/]: Liquid regions will not be generated for this chunk. This may be fatal!
[31Jul2026 16:05:52.307] [DH-World Gen Thread[4]/ERROR] [bettercaves/]: Better Caves expected a ServerLevel, but got: com.seibel.distanthorizons.common.wrappers.worldGeneration.mimicObject.DhLitWorldGenRegion_forge
[31Jul2026 16:05:52.307] [DH-World Gen Thread[4]/ERROR] [bettercaves/]: Liquid regions will not be generated for this chunk. This may be fatal!
[31Jul2026 16:05:52.307] [DH-World Gen Thread[4]/ERROR] [bettercaves/]: Better Caves expected a ServerLevel, but got: com.seibel.distanthorizons.common.wrappers.worldGeneration.mimicObject.DhLitWorldGenRegion_forge
[31Jul2026 16:05:52.307] [DH-World Gen Thread[4]/ERROR] [bettercaves/]: Liquid regions will not be generated for this chunk. This may be fatal!
[31Jul2026 16:05:52.307] [DH-World Gen Thread[4]/ERROR] [bettercaves/]: Better Caves expected a ServerLevel, but got: com.seibel.distanthorizons.common.wrappers.worldGeneration.mimicObject.DhLitWorldGenRegion_forge
[31Jul2026 16:05:52.307] [DH-World Gen Thread[4]/ERROR] [bettercaves/]: Liquid regions will not be generated for this chunk. This may be fatal!
[31Jul2026 16:05:52.314] [DH-World Gen Thread[4]/ERROR] [bettercaves/]: Better Caves expected a ServerLevel, but got: com.seibel.distanthorizons.common.wrappers.worldGeneration.mimicObject.DhLitWorldGenRegion_forge
[31Jul2026 16:05:52.315] [DH-World Gen Thread[4]/ERROR] [bettercaves/]: Liquid regions will not be generated for this chunk. This may be fatal!
[31Jul2026 16:05:52.316] [DH-World Gen Thread[4]/ERROR] [bettercaves/]: Better Caves expected a ServerLevel, but got: com.seibel.distanthorizons.common.wrappers.worldGeneration.mimicObject.DhLitWorldGenRegion_forge
[31Jul2026 16:05:52.316] [DH-World Gen Thread[4]/ERROR] [bettercaves/]: Liquid regions will not be generated for this chunk. This may be fatal!
[31Jul2026 16:05:52.316] [DH-World Gen Thread[4]/ERROR] [bettercaves/]: Better Caves expected a ServerLevel, but got: com.seibel.distanthorizons.common.wrappers.worldGeneration.mimicObject.DhLitWorldGenRegion_forge
[31Jul2026 16:05:52.316] [DH-World Gen Thread[4]/ERROR] [bettercaves/]: Liquid regions will not be generated for this chunk. This may be fatal!
[31Jul2026 16:05:52.317] [DH-World Gen Thread[4]/ERROR] [bettercaves/]: Better Caves expected a ServerLevel, but got: com.seibel.distanthorizons.common.wrappers.worldGeneration.mimicObject.DhLitWorldGenRegion_forge
[31Jul2026 16:05:52.317] [DH-World Gen Thread[4]/ERROR] [bettercaves/]: Liquid regions will not be generated for this chunk. This may be fatal!
[31Jul2026 16:05:52.317] [DH-World Gen Thread[4]/ERROR] [bettercaves/]: Better Caves expected a ServerLevel, but got: com.seibel.distanthorizons.common.wrappers.worldGeneration.mimicObject.DhLitWorldGenRegion_forge
[31Jul2026 16:05:52.317] [DH-World Gen Thread[4]/ERROR] [bettercaves/]: Liquid regions will not be generated for this chunk. This may be fatal!
[31Jul2026 16:05:52.317] [DH-World Gen Thread[4]/ERROR] [bettercaves/]: Better Caves expected a ServerLevel, but got: com.seibel.distanthorizons.common.wrappers.worldGeneration.mimicObject.DhLitWorldGenRegion_forge
[31Jul2026 16:05:52.317] [DH-World Gen Thread[4]/ERROR] [bettercaves/]: Liquid regions will not be generated for this chunk. This may be fatal!
[31Jul2026 16:05:53.515] [DH-World Gen Thread[5]/ERROR] [bettercaves/]: Better Caves expected a ServerLevel, but got: com.seibel.distanthorizons.common.wrappers.worldGeneration.mimicObject.DhLitWorldGenRegion_forge
[31Jul2026 16:05:53.516] [DH-World Gen Thread[5]/ERROR] [bettercaves/]: Liquid regions will not be generated for this chunk. This may be fatal!
[31Jul2026 16:05:53.517] [DH-World Gen Thread[5]/ERROR] [bettercaves/]: Better Caves expected a ServerLevel, but got: com.seibel.distanthorizons.common.wrappers.worldGeneration.mimicObject.DhLitWorldGenRegion_forge
[31Jul2026 16:05:53.517] [DH-World Gen Thread[5]/ERROR] [bettercaves/]: Liquid regions will not be generated for this chunk. This may be fatal!
[31Jul2026 16:05:53.517] [DH-World Gen Thread[5]/ERROR] [bettercaves/]: Better Caves expected a ServerLevel, but got: com.seibel.distanthorizons.common.wrappers.worldGeneration.mimicObject.DhLitWorldGenRegion_forge
[31Jul2026 16:05:53.517] [DH-World Gen Thread[5]/ERROR] [bettercaves/]: Liquid regions will not be generated for this chunk. This may be fatal!
[31Jul2026 16:05:53.795] [DH-World Gen Thread[1]/ERROR] [bettercaves/]: Better Caves expected a ServerLevel, but got: com.seibel.distanthorizons.common.wrappers.worldGeneration.mimicObject.DhLitWorldGenRegion_forge
[31Jul2026 16:05:53.827] [DH-World Gen Thread[1]/ERROR] [bettercaves/]: Liquid regions will not be generated for this chunk. This may be fatal!
[31Jul2026 16:05:53.838] [DH-World Gen Thread[1]/ERROR] [bettercaves/]: Better Caves expected a ServerLevel, but got: com.seibel.distanthorizons.common.wrappers.worldGeneration.mimicObject.DhLitWorldGenRegion_forge
[31Jul2026 16:05:53.851] [DH-World Gen Thread[1]/ERROR] [bettercaves/]: Liquid regions will not be generated for this chunk. This may be fatal!
[31Jul2026 16:05:53.856] [DH-World Gen Thread[1]/ERROR] [bettercaves/]: Better Caves expected a ServerLevel, but got: com.seibel.distanthorizons.common.wrappers.worldGeneration.mimicObject.DhLitWorldGenRegion_forge
[31Jul2026 16:05:53.858] [DH-World Gen Thread[1]/ERROR] [bettercaves/]: Liquid regions will not be generated for this chunk. This may be fatal!
[31Jul2026 16:05:53.858] [DH-World Gen Thread[3]/ERROR] [bettercaves/]: Better Caves expected a ServerLevel, but got: com.seibel.distanthorizons.common.wrappers.worldGeneration.mimicObject.DhLitWorldGenRegion_forge
[31Jul2026 16:05:53.861] [DH-World Gen Thread[3]/ERROR] [bettercaves/]: Liquid regions will not be generated for this chunk. This may be fatal!
[31Jul2026 16:05:53.874] [DH-World Gen Thread[3]/ERROR] [bettercaves/]: Better Caves expected a ServerLevel, but got: com.seibel.distanthorizons.common.wrappers.worldGeneration.mimicObject.DhLitWorldGenRegion_forge
[31Jul2026 16:05:53.875] [DH-World Gen Thread[3]/ERROR] [bettercaves/]: Liquid regions will not be generated for this chunk. This may be fatal!
[31Jul2026 16:05:53.877] [DH-World Gen Thread[3]/ERROR] [bettercaves/]: Better Caves expected a ServerLevel, but got: com.seibel.distanthorizons.common.wrappers.worldGeneration.mimicObject.DhLitWorldGenRegion_forge
[31Jul2026 16:05:53.908] [DH-World Gen Thread[3]/ERROR] [bettercaves/]: Liquid regions will not be generated for this chunk. This may be fatal!
[31Jul2026 16:05:53.933] [DH-World Gen Thread[0]/ERROR] [bettercaves/]: Better Caves expected a ServerLevel, but got: com.seibel.distanthorizons.common.wrappers.worldGeneration.mimicObject.DhLitWorldGenRegion_forge
[31Jul2026 16:05:53.951] [DH-World Gen Thread[0]/ERROR] [bettercaves/]: Liquid regions will not be generated for this chunk. This may be fatal!
[31Jul2026 16:05:53.971] [DH-World Gen Thread[0]/ERROR] [bettercaves/]: Better Caves expected a ServerLevel, but got: com.seibel.distanthorizons.common.wrappers.worldGeneration.mimicObject.DhLitWorldGenRegion_forge
[31Jul2026 16:05:53.972] [DH-World Gen Thread[0]/ERROR] [bettercaves/]: Liquid regions will not be generated for this chunk. This may be fatal!
[31Jul2026 16:05:53.972] [DH-World Gen Thread[0]/ERROR] [bettercaves/]: Better Caves expected a ServerLevel, but got: com.seibel.distanthorizons.common.wrappers.worldGeneration.mimicObject.DhLitWorldGenRegion_forge
[31Jul2026 16:05:53.972] [DH-World Gen Thread[0]/ERROR] [bettercaves/]: Liquid regions will not be generated for this chunk. This may be fatal!
[31Jul2026 16:05:54.068] [DH-World Gen Thread[5]/ERROR] [bettercaves/]: Better Caves expected a ServerLevel, but got: com.seibel.distanthorizons.common.wrappers.worldGeneration.mimicObject.DhLitWorldGenRegion_forge
[31Jul2026 16:05:54.072] [DH-World Gen Thread[5]/ERROR] [bettercaves/]: Liquid regions will not be generated for this chunk. This may be fatal!
[31Jul2026 16:05:54.072] [DH-World Gen Thread[5]/ERROR] [bettercaves/]: Better Caves expected a ServerLevel, but got: com.seibel.distanthorizons.common.wrappers.worldGeneration.mimicObject.DhLitWorldGenRegion_forge
[31Jul2026 16:05:54.072] [DH-World Gen Thread[5]/ERROR] [bettercaves/]: Liquid regions will not be generated for this chunk. This may be fatal!
[31Jul2026 16:05:54.072] [DH-World Gen Thread[5]/ERROR] [bettercaves/]: Better Caves expected a ServerLevel, but got: com.seibel.distanthorizons.common.wrappers.worldGeneration.mimicObject.DhLitWorldGenRegion_forge
[31Jul2026 16:05:54.072] [DH-World Gen Thread[5]/ERROR] [bettercaves/]: Liquid regions will not be generated for this chunk. This may be fatal!
[31Jul2026 16:05:54.083] [DH-World Gen Thread[2]/ERROR] [bettercaves/]: Better Caves expected a ServerLevel, but got: com.seibel.distanthorizons.common.wrappers.worldGeneration.mimicObject.DhLitWorldGenRegion_forge
[31Jul2026 16:05:54.083] [DH-World Gen Thread[2]/ERROR] [bettercaves/]: Liquid regions will not be generated for this chunk. This may be fatal!
[31Jul2026 16:05:54.083] [DH-World Gen Thread[2]/ERROR] [bettercaves/]: Better Caves expected a ServerLevel, but got: com.seibel.distanthorizons.common.wrappers.worldGeneration.mimicObject.DhLitWorldGenRegion_forge
[31Jul2026 16:05:54.084] [DH-World Gen Thread[2]/ERROR] [bettercaves/]: Liquid regions will not be generated for this chunk. This may be fatal!
[31Jul2026 16:05:54.084] [DH-World Gen Thread[2]/ERROR] [bettercaves/]: Better Caves expected a ServerLevel, but got: com.seibel.distanthorizons.common.wrappers.worldGeneration.mimicObject.DhLitWorldGenRegion_forge
[31Jul2026 16:05:54.084] [DH-World Gen Thread[2]/ERROR] [bettercaves/]: Liquid regions will not be generated for this chunk. This may be fatal!
[31Jul2026 16:05:54.105] [DH-World Gen Thread[4]/ERROR] [bettercaves/]: Better Caves expected a ServerLevel, but got: com.seibel.distanthorizons.common.wrappers.worldGeneration.mimicObject.DhLitWorldGenRegion_forge
[31Jul2026 16:05:54.106] [DH-World Gen Thread[4]/ERROR] [bettercaves/]: Liquid regions will not be generated for this chunk. This may be fatal!
[31Jul2026 16:05:54.117] [DH-World Gen Thread[4]/ERROR] [bettercaves/]: Better Caves expected a ServerLevel, but got: com.seibel.distanthorizons.common.wrappers.worldGeneration.mimicObject.DhLitWorldGenRegion_forge
[31Jul2026 16:05:54.119] [DH-World Gen Thread[4]/ERROR] [bettercaves/]: Liquid regions will not be generated for this chunk. This may be fatal!
[31Jul2026 16:05:54.119] [DH-World Gen Thread[4]/ERROR] [bettercaves/]: Better Caves expected a ServerLevel, but got: com.seibel.distanthorizons.common.wrappers.worldGeneration.mimicObject.DhLitWorldGenRegion_forge
[31Jul2026 16:05:54.119] [DH-World Gen Thread[4]/ERROR] [bettercaves/]: Liquid regions will not be generated for this chunk. This may be fatal!
[31Jul2026 16:05:54.376] [DH-World Gen Thread[1]/ERROR] [bettercaves/]: Better Caves expected a ServerLevel, but got: com.seibel.distanthorizons.common.wrappers.worldGeneration.mimicObject.DhLitWorldGenRegion_forge
[31Jul2026 16:05:54.387] [DH-World Gen Thread[1]/ERROR] [bettercaves/]: Liquid regions will not be generated for this chunk. This may be fatal!
[31Jul2026 16:05:54.390] [DH-World Gen Thread[1]/ERROR] [bettercaves/]: Better Caves expected a ServerLevel, but got: com.seibel.distanthorizons.common.wrappers.worldGeneration.mimicObject.DhLitWorldGenRegion_forge
[31Jul2026 16:05:54.394] [DH-World Gen Thread[1]/ERROR] [bettercaves/]: Liquid regions will not be generated for this chunk. This may be fatal!
[31Jul2026 16:05:54.394] [DH-World Gen Thread[1]/ERROR] [bettercaves/]: Better Caves expected a ServerLevel, but got: com.seibel.distanthorizons.common.wrappers.worldGeneration.mimicObject.DhLitWorldGenRegion_forge
[31Jul2026 16:05:54.395] [DH-World Gen Thread[1]/ERROR] [bettercaves/]: Liquid regions will not be generated for this chunk. This may be fatal!
[31Jul2026 16:05:54.495] [DH-World Gen Thread[0]/ERROR] [bettercaves/]: Better Caves expected a ServerLevel, but got: com.seibel.distanthorizons.common.wrappers.worldGeneration.mimicObject.DhLitWorldGenRegion_forge
[31Jul2026 16:05:54.497] [DH-World Gen Thread[0]/ERROR] [bettercaves/]: Liquid regions will not be generated for this chunk. This may be fatal!
[31Jul2026 16:05:54.498] [DH-World Gen Thread[0]/ERROR] [bettercaves/]: Better Caves expected a ServerLevel, but got: com.seibel.distanthorizons.common.wrappers.worldGeneration.mimicObject.DhLitWorldGenRegion_forge
[31Jul2026 16:05:54.498] [DH-World Gen Thread[0]/ERROR] [bettercaves/]: Liquid regions will not be generated for this chunk. This may be fatal!
[31Jul2026 16:05:54.498] [DH-World Gen Thread[0]/ERROR] [bettercaves/]: Better Caves expected a ServerLevel, but got: com.seibel.distanthorizons.common.wrappers.worldGeneration.mimicObject.DhLitWorldGenRegion_forge
[31Jul2026 16:05:54.498] [DH-World Gen Thread[0]/ERROR] [bettercaves/]: Liquid regions will not be generated for this chunk. This may be fatal!
[31Jul2026 16:05:54.571] [DH-World Gen Thread[5]/ERROR] [bettercaves/]: Better Caves expected a ServerLevel, but got: com.seibel.distanthorizons.common.wrappers.worldGeneration.mimicObject.DhLitWorldGenRegion_forge
[31Jul2026 16:05:54.571] [DH-World Gen Thread[5]/ERROR] [bettercaves/]: Liquid regions will not be generated for this chunk. This may be fatal!
[31Jul2026 16:05:54.577] [DH-World Gen Thread[3]/ERROR] [bettercaves/]: Better Caves expected a ServerLevel, but got: com.seibel.distanthorizons.common.wrappers.worldGeneration.mimicObject.DhLitWorldGenRegion_forge
[31Jul2026 16:05:54.578] [DH-World Gen Thread[3]/ERROR] [bettercaves/]: Liquid regions will not be generated for this chunk. This may be fatal!
[31Jul2026 16:05:54.578] [DH-World Gen Thread[3]/ERROR] [bettercaves/]: Better Caves expected a ServerLevel, but got: com.seibel.distanthorizons.common.wrappers.worldGeneration.mimicObject.DhLitWorldGenRegion_forge
[31Jul2026 16:05:54.581] [DH-World Gen Thread[3]/ERROR] [bettercaves/]: Liquid regions will not be generated for this chunk. This may be fatal!
[31Jul2026 16:05:54.581] [DH-World Gen Thread[3]/ERROR] [bettercaves/]: Better Caves expected a ServerLevel, but got: com.seibel.distanthorizons.common.wrappers.worldGeneration.mimicObject.DhLitWorldGenRegion_forge
[31Jul2026 16:05:54.581] [DH-World Gen Thread[3]/ERROR] [bettercaves/]: Liquid regions will not be generated for this chunk. This may be fatal!
[31Jul2026 16:05:54.800] [DH-World Gen Thread[4]/ERROR] [bettercaves/]: Better Caves expected a ServerLevel, but got: com.seibel.distanthorizons.common.wrappers.worldGeneration.mimicObject.DhLitWorldGenRegion_forge
[31Jul2026 16:05:54.919] [DH-World Gen Thread[4]/ERROR] [bettercaves/]: Liquid regions will not be generated for this chunk. This may be fatal!
[31Jul2026 16:05:54.941] [DH-World Gen Thread[4]/ERROR] [bettercaves/]: Better Caves expected a ServerLevel, but got: com.seibel.distanthorizons.common.wrappers.worldGeneration.mimicObject.DhLitWorldGenRegion_forge
[31Jul2026 16:05:54.958] [DH-World Gen Thread[4]/ERROR] [bettercaves/]: Liquid regions will not be generated for this chunk. This may be fatal!
[31Jul2026 16:05:54.958] [DH-World Gen Thread[4]/ERROR] [bettercaves/]: Better Caves expected a ServerLevel, but got: com.seibel.distanthorizons.common.wrappers.worldGeneration.mimicObject.DhLitWorldGenRegion_forge
[31Jul2026 16:05:54.958] [DH-World Gen Thread[4]/ERROR] [bettercaves/]: Liquid regions will not be generated for this chunk. This may be fatal!
[31Jul2026 16:05:54.974] [DH-World Gen Thread[1]/ERROR] [bettercaves/]: Better Caves expected a ServerLevel, but got: com.seibel.distanthorizons.common.wrappers.worldGeneration.mimicObject.DhLitWorldGenRegion_forge
[31Jul2026 16:05:54.974] [DH-World Gen Thread[1]/ERROR] [bettercaves/]: Liquid regions will not be generated for this chunk. This may be fatal!
[31Jul2026 16:05:55.001] [DH-World Gen Thread[2]/ERROR] [bettercaves/]: Better Caves expected a ServerLevel, but got: com.seibel.distanthorizons.common.wrappers.worldGeneration.mimicObject.DhLitWorldGenRegion_forge
[31Jul2026 16:05:55.038] [DH-World Gen Thread[2]/ERROR] [bettercaves/]: Liquid regions will not be generated for this chunk. This may be fatal!
[31Jul2026 16:05:55.046] [DH-World Gen Thread[2]/ERROR] [bettercaves/]: Better Caves expected a ServerLevel, but got: com.seibel.distanthorizons.common.wrappers.worldGeneration.mimicObject.DhLitWorldGenRegion_forge
[31Jul2026 16:05:55.050] [DH-World Gen Thread[2]/ERROR] [bettercaves/]: Liquid regions will not be generated for this chunk. This may be fatal!
[31Jul2026 16:05:55.068] [DH-World Gen Thread[2]/ERROR] [bettercaves/]: Better Caves expected a ServerLevel, but got: com.seibel.distanthorizons.common.wrappers.worldGeneration.mimicObject.DhLitWorldGenRegion_forge
[31Jul2026 16:05:55.072] [DH-World Gen Thread[2]/ERROR] [bettercaves/]: Liquid regions will not be generated for this chunk. This may be fatal!
[31Jul2026 16:05:55.074] [DH-World Gen Thread[0]/ERROR] [bettercaves/]: Better Caves expected a ServerLevel, but got: com.seibel.distanthorizons.common.wrappers.worldGeneration.mimicObject.DhLitWorldGenRegion_forge
[31Jul2026 16:05:55.075] [DH-World Gen Thread[0]/ERROR] [bettercaves/]: Liquid regions will not be generated for this chunk. This may be fatal!
[31Jul2026 16:05:55.224] [DH-World Gen Thread[3]/ERROR] [bettercaves/]: Better Caves expected a ServerLevel, but got: com.seibel.distanthorizons.common.wrappers.worldGeneration.mimicObject.DhLitWorldGenRegion_forge
[31Jul2026 16:05:55.225] [DH-World Gen Thread[3]/ERROR] [bettercaves/]: Liquid regions will not be generated for this chunk. This may be fatal!
[31Jul2026 16:05:55.427] [DH-World Gen Thread[4]/ERROR] [bettercaves/]: Better Caves expected a ServerLevel, but got: com.seibel.distanthorizons.common.wrappers.worldGeneration.mimicObject.DhLitWorldGenRegion_forge
[31Jul2026 16:05:55.430] [DH-World Gen Thread[4]/ERROR] [bettercaves/]: Liquid regions will not be generated for this chunk. This may be fatal!
[31Jul2026 16:05:55.621] [DH-World Gen Thread[2]/ERROR] [bettercaves/]: Better Caves expected a ServerLevel, but got: com.seibel.distanthorizons.common.wrappers.worldGeneration.mimicObject.DhLitWorldGenRegion_forge
[31Jul2026 16:05:55.626] [DH-World Gen Thread[2]/ERROR] [bettercaves/]: Liquid regions will not be generated for this chunk. This may be fatal!
[31Jul2026 16:05:56.196] [DH-World Gen Thread[5]/ERROR] [bettercaves/]: Better Caves expected a ServerLevel, but got: com.seibel.distanthorizons.common.wrappers.worldGeneration.mimicObject.DhLitWorldGenRegion_forge
[31Jul2026 16:05:56.196] [DH-World Gen Thread[5]/ERROR] [bettercaves/]: Liquid regions will not be generated for this chunk. This may be fatal!
[31Jul2026 16:05:56.197] [DH-World Gen Thread[5]/ERROR] [bettercaves/]: Better Caves expected a ServerLevel, but got: com.seibel.distanthorizons.common.wrappers.worldGeneration.mimicObject.DhLitWorldGenRegion_forge
[31Jul2026 16:05:56.202] [DH-World Gen Thread[5]/ERROR] [bettercaves/]: Liquid regions will not be generated for this chunk. This may be fatal!
[31Jul2026 16:05:56.203] [DH-World Gen Thread[5]/ERROR] [bettercaves/]: Better Caves expected a ServerLevel, but got: com.seibel.distanthorizons.common.wrappers.worldGeneration.mimicObject.DhLitWorldGenRegion_forge
[31Jul2026 16:05:56.203] [DH-World Gen Thread[5]/ERROR] [bettercaves/]: Liquid regions will not be generated for this chunk. This may be fatal!
[31Jul2026 16:05:56.203] [DH-World Gen Thread[5]/ERROR] [bettercaves/]: Better Caves expected a ServerLevel, but got: com.seibel.distanthorizons.common.wrappers.worldGeneration.mimicObject.DhLitWorldGenRegion_forge
[31Jul2026 16:05:56.204] [DH-World Gen Thread[5]/ERROR] [bettercaves/]: Liquid regions will not be generated for this chunk. This may be fatal!
[31Jul2026 16:05:56.206] [DH-World Gen Thread[5]/ERROR] [bettercaves/]: Better Caves expected a ServerLevel, but got: com.seibel.distanthorizons.common.wrappers.worldGeneration.mimicObject.DhLitWorldGenRegion_forge
[31Jul2026 16:05:56.208] [DH-World Gen Thread[5]/ERROR] [bettercaves/]: Liquid regions will not be generated for this chunk. This may be fatal!
[31Jul2026 16:05:56.208] [DH-World Gen Thread[5]/ERROR] [bettercaves/]: Better Caves expected a ServerLevel, but got: com.seibel.distanthorizons.common.wrappers.worldGeneration.mimicObject.DhLitWorldGenRegion_forge
[31Jul2026 16:05:56.208] [DH-World Gen Thread[5]/ERROR] [bettercaves/]: Liquid regions will not be generated for this chunk. This may be fatal!
[31Jul2026 16:05:56.208] [DH-World Gen Thread[5]/ERROR] [bettercaves/]: Better Caves expected a ServerLevel, but got: com.seibel.distanthorizons.common.wrappers.worldGeneration.mimicObject.DhLitWorldGenRegion_forge
[31Jul2026 16:05:56.208] [DH-World Gen Thread[5]/ERROR] [bettercaves/]: Liquid regions will not be generated for this chunk. This may be fatal!
[31Jul2026 16:05:56.208] [DH-World Gen Thread[5]/ERROR] [bettercaves/]: Better Caves expected a ServerLevel, but got: com.seibel.distanthorizons.common.wrappers.worldGeneration.mimicObject.DhLitWorldGenRegion_forge
[31Jul2026 16:05:56.209] [DH-World Gen Thread[5]/ERROR] [bettercaves/]: Liquid regions will not be generated for this chunk. This may be fatal!
[31Jul2026 16:05:56.213] [DH-World Gen Thread[5]/ERROR] [bettercaves/]: Better Caves expected a ServerLevel, but got: com.seibel.distanthorizons.common.wrappers.worldGeneration.mimicObject.DhLitWorldGenRegion_forge
[31Jul2026 16:05:56.214] [DH-World Gen Thread[5]/ERROR] [bettercaves/]: Liquid regions will not be generated for this chunk. This may be fatal!
[31Jul2026 16:05:56.215] [DH-World Gen Thread[1]/ERROR] [bettercaves/]: Better Caves expected a ServerLevel, but got: com.seibel.distanthorizons.common.wrappers.worldGeneration.mimicObject.DhLitWorldGenRegion_forge
[31Jul2026 16:05:56.223] [DH-World Gen Thread[1]/ERROR] [bettercaves/]: Liquid regions will not be generated for this chunk. This may be fatal!
[31Jul2026 16:05:56.227] [DH-World Gen Thread[1]/ERROR] [bettercaves/]: Better Caves expected a ServerLevel, but got: com.seibel.distanthorizons.common.wrappers.worldGeneration.mimicObject.DhLitWorldGenRegion_forge
[31Jul2026 16:05:56.228] [DH-World Gen Thread[1]/ERROR] [bettercaves/]: Liquid regions will not be generated for this chunk. This may be fatal!
[31Jul2026 16:05:56.229] [DH-World Gen Thread[1]/ERROR] [bettercaves/]: Better Caves expected a ServerLevel, but got: com.seibel.distanthorizons.common.wrappers.worldGeneration.mimicObject.DhLitWorldGenRegion_forge
[31Jul2026 16:05:56.230] [DH-World Gen Thread[1]/ERROR] [bettercaves/]: Liquid regions will not be generated for this chunk. This may be fatal!
[31Jul2026 16:05:56.231] [DH-World Gen Thread[1]/ERROR] [bettercaves/]: Better Caves expected a ServerLevel, but got: com.seibel.distanthorizons.common.wrappers.worldGeneration.mimicObject.DhLitWorldGenRegion_forge
[31Jul2026 16:05:56.232] [DH-World Gen Thread[1]/ERROR] [bettercaves/]: Liquid regions will not be generated for this chunk. This may be fatal!
[31Jul2026 16:05:56.232] [DH-World Gen Thread[1]/ERROR] [bettercaves/]: Better Caves expected a ServerLevel, but got: com.seibel.distanthorizons.common.wrappers.worldGeneration.mimicObject.DhLitWorldGenRegion_forge
[31Jul2026 16:05:56.232] [DH-World Gen Thread[1]/ERROR] [bettercaves/]: Liquid regions will not be generated for this chunk. This may be fatal!
[31Jul2026 16:05:56.232] [DH-World Gen Thread[1]/ERROR] [bettercaves/]: Better Caves expected a ServerLevel, but got: com.seibel.distanthorizons.common.wrappers.worldGeneration.mimicObject.DhLitWorldGenRegion_forge
[31Jul2026 16:05:56.232] [DH-World Gen Thread[1]/ERROR] [bettercaves/]: Liquid regions will not be generated for this chunk. This may be fatal!
[31Jul2026 16:05:56.243] [DH-World Gen Thread[1]/ERROR] [bettercaves/]: Better Caves expected a ServerLevel, but got: com.seibel.distanthorizons.common.wrappers.worldGeneration.mimicObject.DhLitWorldGenRegion_forge
[31Jul2026 16:05:56.244] [DH-World Gen Thread[1]/ERROR] [bettercaves/]: Liquid regions will not be generated for this chunk. This may be fatal!
[31Jul2026 16:05:56.252] [DH-World Gen Thread[1]/ERROR] [bettercaves/]: Better Caves expected a ServerLevel, but got: com.seibel.distanthorizons.common.wrappers.worldGeneration.mimicObject.DhLitWorldGenRegion_forge
[31Jul2026 16:05:56.252] [DH-World Gen Thread[1]/ERROR] [bettercaves/]: Liquid regions will not be generated for this chunk. This may be fatal!
[31Jul2026 16:05:56.252] [DH-World Gen Thread[1]/ERROR] [bettercaves/]: Better Caves expected a ServerLevel, but got: com.seibel.distanthorizons.common.wrappers.worldGeneration.mimicObject.DhLitWorldGenRegion_forge
[31Jul2026 16:05:56.253] [DH-World Gen Thread[1]/ERROR] [bettercaves/]: Liquid regions will not be generated for this chunk. This may be fatal!
[31Jul2026 16:05:56.261] [DH-World Gen Thread[0]/ERROR] [bettercaves/]: Better Caves expected a ServerLevel, but got: com.seibel.distanthorizons.common.wrappers.worldGeneration.mimicObject.DhLitWorldGenRegion_forge
[31Jul2026 16:05:56.270] [DH-World Gen Thread[0]/ERROR] [bettercaves/]: Liquid regions will not be generated for this chunk. This may be fatal!
[31Jul2026 16:05:56.278] [DH-World Gen Thread[0]/ERROR] [bettercaves/]: Better Caves expected a ServerLevel, but got: com.seibel.distanthorizons.common.wrappers.worldGeneration.mimicObject.DhLitWorldGenRegion_forge
[31Jul2026 16:05:56.280] [DH-World Gen Thread[0]/ERROR] [bettercaves/]: Liquid regions will not be generated for this chunk. This may be fatal!
[31Jul2026 16:05:56.280] [DH-World Gen Thread[0]/ERROR] [bettercaves/]: Better Caves expected a ServerLevel, but got: com.seibel.distanthorizons.common.wrappers.worldGeneration.mimicObject.DhLitWorldGenRegion_forge
[31Jul2026 16:05:56.280] [DH-World Gen Thread[0]/ERROR] [bettercaves/]: Liquid regions will not be generated for this chunk. This may be fatal!
[31Jul2026 16:05:56.280] [DH-World Gen Thread[0]/ERROR] [bettercaves/]: Better Caves expected a ServerLevel, but got: com.seibel.distanthorizons.common.wrappers.worldGeneration.mimicObject.DhLitWorldGenRegion_forge
[31Jul2026 16:05:56.280] [DH-World Gen Thread[0]/ERROR] [bettercaves/]: Liquid regions will not be generated for this chunk. This may be fatal!
[31Jul2026 16:05:56.280] [DH-World Gen Thread[0]/ERROR] [bettercaves/]: Better Caves expected a ServerLevel, but got: com.seibel.distanthorizons.common.wrappers.worldGeneration.mimicObject.DhLitWorldGenRegion_forge
[31Jul2026 16:05:56.280] [DH-World Gen Thread[0]/ERROR] [bettercaves/]: Liquid regions will not be generated for this chunk. This may be fatal!
[31Jul2026 16:05:56.280] [DH-World Gen Thread[0]/ERROR] [bettercaves/]: Better Caves expected a ServerLevel, but got: com.seibel.distanthorizons.common.wrappers.worldGeneration.mimicObject.DhLitWorldGenRegion_forge
[31Jul2026 16:05:56.280] [DH-World Gen Thread[0]/ERROR] [bettercaves/]: Liquid regions will not be generated for this chunk. This may be fatal!
[31Jul2026 16:05:56.281] [DH-World Gen Thread[3]/ERROR] [bettercaves/]: Better Caves expected a ServerLevel, but got: com.seibel.distanthorizons.common.wrappers.worldGeneration.mimicObject.DhLitWorldGenRegion_forge
[31Jul2026 16:05:56.282] [DH-World Gen Thread[3]/ERROR] [bettercaves/]: Liquid regions will not be generated for this chunk. This may be fatal!
[31Jul2026 16:05:56.282] [DH-World Gen Thread[3]/ERROR] [bettercaves/]: Better Caves expected a ServerLevel, but got: com.seibel.distanthorizons.common.wrappers.worldGeneration.mimicObject.DhLitWorldGenRegion_forge
[31Jul2026 16:05:56.283] [DH-World Gen Thread[3]/ERROR] [bettercaves/]: Liquid regions will not be generated for this chunk. This may be fatal!
[31Jul2026 16:05:56.283] [DH-World Gen Thread[3]/ERROR] [bettercaves/]: Better Caves expected a ServerLevel, but got: com.seibel.distanthorizons.common.wrappers.worldGeneration.mimicObject.DhLitWorldGenRegion_forge
[31Jul2026 16:05:56.283] [DH-World Gen Thread[3]/ERROR] [bettercaves/]: Liquid regions will not be generated for this chunk. This may be fatal!
[31Jul2026 16:05:56.283] [DH-World Gen Thread[3]/ERROR] [bettercaves/]: Better Caves expected a ServerLevel, but got: com.seibel.distanthorizons.common.wrappers.worldGeneration.mimicObject.DhLitWorldGenRegion_forge
[31Jul2026 16:05:56.283] [DH-World Gen Thread[3]/ERROR] [bettercaves/]: Liquid regions will not be generated for this chunk. This may be fatal!
[31Jul2026 16:05:56.283] [DH-World Gen Thread[3]/ERROR] [bettercaves/]: Better Caves expected a ServerLevel, but got: com.seibel.distanthorizons.common.wrappers.worldGeneration.mimicObject.DhLitWorldGenRegion_forge
[31Jul2026 16:05:56.283] [DH-World Gen Thread[3]/ERROR] [bettercaves/]: Liquid regions will not be generated for this chunk. This may be fatal!
[31Jul2026 16:05:56.283] [DH-World Gen Thread[3]/ERROR] [bettercaves/]: Better Caves expected a ServerLevel, but got: com.seibel.distanthorizons.common.wrappers.worldGeneration.mimicObject.DhLitWorldGenRegion_forge
[31Jul2026 16:05:56.283] [DH-World Gen Thread[3]/ERROR] [bettercaves/]: Liquid regions will not be generated for this chunk. This may be fatal!
[31Jul2026 16:05:56.284] [DH-World Gen Thread[4]/ERROR] [bettercaves/]: Better Caves expected a ServerLevel, but got: com.seibel.distanthorizons.common.wrappers.worldGeneration.mimicObject.DhLitWorldGenRegion_forge
[31Jul2026 16:05:56.284] [DH-World Gen Thread[4]/ERROR] [bettercaves/]: Liquid regions will not be generated for this chunk. This may be fatal!
[31Jul2026 16:05:56.301] [DH-World Gen Thread[4]/ERROR] [bettercaves/]: Better Caves expected a ServerLevel, but got: com.seibel.distanthorizons.common.wrappers.worldGeneration.mimicObject.DhLitWorldGenRegion_forge
[31Jul2026 16:05:56.309] [DH-World Gen Thread[4]/ERROR] [bettercaves/]: Liquid regions will not be generated for this chunk. This may be fatal!
[31Jul2026 16:05:56.314] [DH-World Gen Thread[4]/ERROR] [bettercaves/]: Better Caves expected a ServerLevel, but got: com.seibel.distanthorizons.common.wrappers.worldGeneration.mimicObject.DhLitWorldGenRegion_forge
[31Jul2026 16:05:56.321] [DH-World Gen Thread[4]/ERROR] [bettercaves/]: Liquid regions will not be generated for this chunk. This may be fatal!
[31Jul2026 16:05:56.325] [DH-World Gen Thread[4]/ERROR] [bettercaves/]: Better Caves expected a ServerLevel, but got: com.seibel.distanthorizons.common.wrappers.worldGeneration.mimicObject.DhLitWorldGenRegion_forge
[31Jul2026 16:05:56.332] [DH-World Gen Thread[4]/ERROR] [bettercaves/]: Liquid regions will not be generated for this chunk. This may be fatal!
[31Jul2026 16:05:56.333] [DH-World Gen Thread[4]/ERROR] [bettercaves/]: Better Caves expected a ServerLevel, but got: com.seibel.distanthorizons.common.wrappers.worldGeneration.mimicObject.DhLitWorldGenRegion_forge
[31Jul2026 16:05:56.333] [DH-World Gen Thread[4]/ERROR] [bettercaves/]: Liquid regions will not be generated for this chunk. This may be fatal!
[31Jul2026 16:05:56.333] [DH-World Gen Thread[4]/ERROR] [bettercaves/]: Better Caves expected a ServerLevel, but got: com.seibel.distanthorizons.common.wrappers.worldGeneration.mimicObject.DhLitWorldGenRegion_forge
[31Jul2026 16:05:56.333] [DH-World Gen Thread[4]/ERROR] [bettercaves/]: Liquid regions will not be generated for this chunk. This may be fatal!
[31Jul2026 16:05:56.337] [DH-World Gen Thread[4]/ERROR] [bettercaves/]: Better Caves expected a ServerLevel, but got: com.seibel.distanthorizons.common.wrappers.worldGeneration.mimicObject.DhLitWorldGenRegion_forge
[31Jul2026 16:05:56.353] [DH-World Gen Thread[4]/ERROR] [bettercaves/]: Liquid regions will not be generated for this chunk. This may be fatal!
[31Jul2026 16:05:56.375] [DH-World Gen Thread[4]/ERROR] [bettercaves/]: Better Caves expected a ServerLevel, but got: com.seibel.distanthorizons.common.wrappers.worldGeneration.mimicObject.DhLitWorldGenRegion_forge
[31Jul2026 16:05:56.394] [DH-World Gen Thread[4]/ERROR] [bettercaves/]: Liquid regions will not be generated for this chunk. This may be fatal!
[31Jul2026 16:05:56.427] [DH-World Gen Thread[4]/ERROR] [bettercaves/]: Better Caves expected a ServerLevel, but got: com.seibel.distanthorizons.common.wrappers.worldGeneration.mimicObject.DhLitWorldGenRegion_forge
[31Jul2026 16:05:56.462] [DH-World Gen Thread[4]/ERROR] [bettercaves/]: Liquid regions will not be generated for this chunk. This may be fatal!
[31Jul2026 16:05:57.703] [DH-World Gen Thread[5]/ERROR] [bettercaves/]: Better Caves expected a ServerLevel, but got: com.seibel.distanthorizons.common.wrappers.worldGeneration.mimicObject.DhLitWorldGenRegion_forge
[31Jul2026 16:05:57.740] [DH-World Gen Thread[5]/ERROR] [bettercaves/]: Liquid regions will not be generated for this chunk. This may be fatal!
[31Jul2026 16:05:57.752] [DH-World Gen Thread[5]/ERROR] [bettercaves/]: Better Caves expected a ServerLevel, but got: com.seibel.distanthorizons.common.wrappers.worldGeneration.mimicObject.DhLitWorldGenRegion_forge
[31Jul2026 16:05:57.753] [DH-World Gen Thread[5]/ERROR] [bettercaves/]: Liquid regions will not be generated for this chunk. This may be fatal!
[31Jul2026 16:05:57.753] [DH-World Gen Thread[5]/ERROR] [bettercaves/]: Better Caves expected a ServerLevel, but got: com.seibel.distanthorizons.common.wrappers.worldGeneration.mimicObject.DhLitWorldGenRegion_forge
[31Jul2026 16:05:57.753] [DH-World Gen Thread[5]/ERROR] [bettercaves/]: Liquid regions will not be generated for this chunk. This may be fatal!
[31Jul2026 16:05:57.783] [DH-World Gen Thread[4]/ERROR] [bettercaves/]: Better Caves expected a ServerLevel, but got: com.seibel.distanthorizons.common.wrappers.worldGeneration.mimicObject.DhLitWorldGenRegion_forge
[31Jul2026 16:05:57.787] [DH-World Gen Thread[4]/ERROR] [bettercaves/]: Liquid regions will not be generated for this chunk. This may be fatal!
[31Jul2026 16:05:57.795] [DH-World Gen Thread[4]/ERROR] [bettercaves/]: Better Caves expected a ServerLevel, but got: com.seibel.distanthorizons.common.wrappers.worldGeneration.mimicObject.DhLitWorldGenRegion_forge
[31Jul2026 16:05:57.801] [DH-World Gen Thread[4]/ERROR] [bettercaves/]: Liquid regions will not be generated for this chunk. This may be fatal!
[31Jul2026 16:05:57.839] [DH-World Gen Thread[4]/ERROR] [bettercaves/]: Better Caves expected a ServerLevel, but got: com.seibel.distanthorizons.common.wrappers.worldGeneration.mimicObject.DhLitWorldGenRegion_forge
[31Jul2026 16:05:57.840] [DH-World Gen Thread[4]/ERROR] [bettercaves/]: Liquid regions will not be generated for this chunk. This may be fatal!
[31Jul2026 16:05:57.881] [DH-World Gen Thread[3]/ERROR] [bettercaves/]: Better Caves expected a ServerLevel, but got: com.seibel.distanthorizons.common.wrappers.worldGeneration.mimicObject.DhLitWorldGenRegion_forge
[31Jul2026 16:05:57.889] [DH-World Gen Thread[3]/ERROR] [bettercaves/]: Liquid regions will not be generated for this chunk. This may be fatal!
[31Jul2026 16:05:57.895] [DH-World Gen Thread[3]/ERROR] [bettercaves/]: Better Caves expected a ServerLevel, but got: com.seibel.distanthorizons.common.wrappers.worldGeneration.mimicObject.DhLitWorldGenRegion_forge
[31Jul2026 16:05:57.896] [DH-World Gen Thread[3]/ERROR] [bettercaves/]: Liquid regions will not be generated for this chunk. This may be fatal!
[31Jul2026 16:05:57.957] [DH-World Gen Thread[1]/ERROR] [bettercaves/]: Better Caves expected a ServerLevel, but got: com.seibel.distanthorizons.common.wrappers.worldGeneration.mimicObject.DhLitWorldGenRegion_forge
[31Jul2026 16:05:57.971] [DH-World Gen Thread[1]/ERROR] [bettercaves/]: Liquid regions will not be generated for this chunk. This may be fatal!
[31Jul2026 16:05:57.979] [DH-World Gen Thread[1]/ERROR] [bettercaves/]: Better Caves expected a ServerLevel, but got: com.seibel.distanthorizons.common.wrappers.worldGeneration.mimicObject.DhLitWorldGenRegion_forge
[31Jul2026 16:05:57.980] [DH-World Gen Thread[1]/ERROR] [bettercaves/]: Liquid regions will not be generated for this chunk. This may be fatal!
[31Jul2026 16:05:57.980] [DH-World Gen Thread[1]/ERROR] [bettercaves/]: Better Caves expected a ServerLevel, but got: com.seibel.distanthorizons.common.wrappers.worldGeneration.mimicObject.DhLitWorldGenRegion_forge
[31Jul2026 16:05:57.980] [DH-World Gen Thread[1]/ERROR] [bettercaves/]: Liquid regions will not be generated for this chunk. This may be fatal!
[31Jul2026 16:05:58.026] [DH-World Gen Thread[0]/ERROR] [bettercaves/]: Better Caves expected a ServerLevel, but got: com.seibel.distanthorizons.common.wrappers.worldGeneration.mimicObject.DhLitWorldGenRegion_forge
[31Jul2026 16:05:58.041] [DH-World Gen Thread[0]/ERROR] [bettercaves/]: Liquid regions will not be generated for this chunk. This may be fatal!
[31Jul2026 16:05:58.052] [DH-World Gen Thread[0]/ERROR] [bettercaves/]: Better Caves expected a ServerLevel, but got: com.seibel.distanthorizons.common.wrappers.worldGeneration.mimicObject.DhLitWorldGenRegion_forge
[31Jul2026 16:05:58.106] [DH-World Gen Thread[0]/ERROR] [bettercaves/]: Liquid regions will not be generated for this chunk. This may be fatal!
[31Jul2026 16:05:58.329] [DH-World Gen Thread[5]/ERROR] [bettercaves/]: Better Caves expected a ServerLevel, but got: com.seibel.distanthorizons.common.wrappers.worldGeneration.mimicObject.DhLitWorldGenRegion_forge
[31Jul2026 16:05:58.329] [DH-World Gen Thread[5]/ERROR] [bettercaves/]: Liquid regions will not be generated for this chunk. This may be fatal!
[31Jul2026 16:05:58.330] [DH-World Gen Thread[5]/ERROR] [bettercaves/]: Better Caves expected a ServerLevel, but got: com.seibel.distanthorizons.common.wrappers.worldGeneration.mimicObject.DhLitWorldGenRegion_forge
[31Jul2026 16:05:58.330] [DH-World Gen Thread[5]/ERROR] [bettercaves/]: Liquid regions will not be generated for this chunk. This may be fatal!
[31Jul2026 16:05:58.330] [DH-World Gen Thread[5]/ERROR] [bettercaves/]: Better Caves expected a ServerLevel, but got: com.seibel.distanthorizons.common.wrappers.worldGeneration.mimicObject.DhLitWorldGenRegion_forge
[31Jul2026 16:05:58.330] [DH-World Gen Thread[5]/ERROR] [bettercaves/]: Liquid regions will not be generated for this chunk. This may be fatal!
[31Jul2026 16:05:58.399] [DH-World Gen Thread[4]/ERROR] [bettercaves/]: Better Caves expected a ServerLevel, but got: com.seibel.distanthorizons.common.wrappers.worldGeneration.mimicObject.DhLitWorldGenRegion_forge
[31Jul2026 16:05:58.400] [DH-World Gen Thread[4]/ERROR] [bettercaves/]: Liquid regions will not be generated for this chunk. This may be fatal!
[31Jul2026 16:05:58.401] [DH-World Gen Thread[4]/ERROR] [bettercaves/]: Better Caves expected a ServerLevel, but got: com.seibel.distanthorizons.common.wrappers.worldGeneration.mimicObject.DhLitWorldGenRegion_forge
[31Jul2026 16:05:58.401] [DH-World Gen Thread[4]/ERROR] [bettercaves/]: Liquid regions will not be generated for this chunk. This may be fatal!
[31Jul2026 16:05:58.402] [DH-World Gen Thread[4]/ERROR] [bettercaves/]: Better Caves expected a ServerLevel, but got: com.seibel.distanthorizons.common.wrappers.worldGeneration.mimicObject.DhLitWorldGenRegion_forge
[31Jul2026 16:05:58.402] [DH-World Gen Thread[4]/ERROR] [bettercaves/]: Liquid regions will not be generated for this chunk. This may be fatal!
[31Jul2026 16:05:58.627] [DH-World Gen Thread[1]/ERROR] [bettercaves/]: Better Caves expected a ServerLevel, but got: com.seibel.distanthorizons.common.wrappers.worldGeneration.mimicObject.DhLitWorldGenRegion_forge
[31Jul2026 16:05:58.631] [DH-World Gen Thread[1]/ERROR] [bettercaves/]: Liquid regions will not be generated for this chunk. This may be fatal!
[31Jul2026 16:05:58.633] [DH-World Gen Thread[1]/ERROR] [bettercaves/]: Better Caves expected a ServerLevel, but got: com.seibel.distanthorizons.common.wrappers.worldGeneration.mimicObject.DhLitWorldGenRegion_forge
[31Jul2026 16:05:58.634] [DH-World Gen Thread[1]/ERROR] [bettercaves/]: Liquid regions will not be generated for this chunk. This may be fatal!
[31Jul2026 16:05:58.647] [DH-World Gen Thread[1]/ERROR] [bettercaves/]: Better Caves expected a ServerLevel, but got: com.seibel.distanthorizons.common.wrappers.worldGeneration.mimicObject.DhLitWorldGenRegion_forge
[31Jul2026 16:05:58.650] [DH-World Gen Thread[1]/ERROR] [bettercaves/]: Liquid regions will not be generated for this chunk. This may be fatal!
[31Jul2026 16:05:58.689] [DH-World Gen Thread[5]/ERROR] [bettercaves/]: Better Caves expected a ServerLevel, but got: com.seibel.distanthorizons.common.wrappers.worldGeneration.mimicObject.DhLitWorldGenRegion_forge
[31Jul2026 16:05:58.689] [DH-World Gen Thread[5]/ERROR] [bettercaves/]: Liquid regions will not be generated for this chunk. This may be fatal!
[31Jul2026 16:05:58.728] [DH-World Gen Thread[4]/ERROR] [bettercaves/]: Better Caves expected a ServerLevel, but got: com.seibel.distanthorizons.common.wrappers.worldGeneration.mimicObject.DhLitWorldGenRegion_forge
[31Jul2026 16:05:58.732] [DH-World Gen Thread[4]/ERROR] [bettercaves/]: Liquid regions will not be generated for this chunk. This may be fatal!
[31Jul2026 16:05:59.117] [DH-World Gen Thread[2]/ERROR] [bettercaves/]: Better Caves expected a ServerLevel, but got: com.seibel.distanthorizons.common.wrappers.worldGeneration.mimicObject.DhLitWorldGenRegion_forge
[31Jul2026 16:05:59.125] [DH-World Gen Thread[2]/ERROR] [bettercaves/]: Liquid regions will not be generated for this chunk. This may be fatal!
[31Jul2026 16:05:59.125] [DH-World Gen Thread[2]/ERROR] [bettercaves/]: Better Caves expected a ServerLevel, but got: com.seibel.distanthorizons.common.wrappers.worldGeneration.mimicObject.DhLitWorldGenRegion_forge
[31Jul2026 16:05:59.127] [DH-World Gen Thread[2]/ERROR] [bettercaves/]: Liquid regions will not be generated for this chunk. This may be fatal!
[31Jul2026 16:05:59.127] [DH-World Gen Thread[2]/ERROR] [bettercaves/]: Better Caves expected a ServerLevel, but got: com.seibel.distanthorizons.common.wrappers.worldGeneration.mimicObject.DhLitWorldGenRegion_forge
[31Jul2026 16:05:59.127] [DH-World Gen Thread[2]/ERROR] [bettercaves/]: Liquid regions will not be generated for this chunk. This may be fatal!
[31Jul2026 16:05:59.127] [DH-World Gen Thread[2]/ERROR] [bettercaves/]: Better Caves expected a ServerLevel, but got: com.seibel.distanthorizons.common.wrappers.worldGeneration.mimicObject.DhLitWorldGenRegion_forge
[31Jul2026 16:05:59.127] [DH-World Gen Thread[2]/ERROR] [bettercaves/]: Liquid regions will not be generated for this chunk. This may be fatal!
[31Jul2026 16:05:59.127] [DH-World Gen Thread[2]/ERROR] [bettercaves/]: Better Caves expected a ServerLevel, but got: com.seibel.distanthorizons.common.wrappers.worldGeneration.mimicObject.DhLitWorldGenRegion_forge
[31Jul2026 16:05:59.127] [DH-World Gen Thread[2]/ERROR] [bettercaves/]: Liquid regions will not be generated for this chunk. This may be fatal!
[31Jul2026 16:05:59.127] [DH-World Gen Thread[2]/ERROR] [bettercaves/]: Better Caves expected a ServerLevel, but got: com.seibel.distanthorizons.common.wrappers.worldGeneration.mimicObject.DhLitWorldGenRegion_forge
[31Jul2026 16:05:59.129] [DH-World Gen Thread[2]/ERROR] [bettercaves/]: Liquid regions will not be generated for this chunk. This may be fatal!
[31Jul2026 16:05:59.129] [DH-World Gen Thread[2]/ERROR] [bettercaves/]: Better Caves expected a ServerLevel, but got: com.seibel.distanthorizons.common.wrappers.worldGeneration.mimicObject.DhLitWorldGenRegion_forge
[31Jul2026 16:05:59.129] [DH-World Gen Thread[2]/ERROR] [bettercaves/]: Liquid regions will not be generated for this chunk. This may be fatal!
[31Jul2026 16:05:59.129] [DH-World Gen Thread[2]/ERROR] [bettercaves/]: Better Caves expected a ServerLevel, but got: com.seibel.distanthorizons.common.wrappers.worldGeneration.mimicObject.DhLitWorldGenRegion_forge
[31Jul2026 16:05:59.129] [DH-World Gen Thread[2]/ERROR] [bettercaves/]: Liquid regions will not be generated for this chunk. This may be fatal!
[31Jul2026 16:05:59.137] [DH-World Gen Thread[2]/ERROR] [bettercaves/]: Better Caves expected a ServerLevel, but got: com.seibel.distanthorizons.common.wrappers.worldGeneration.mimicObject.DhLitWorldGenRegion_forge
[31Jul2026 16:05:59.140] [DH-World Gen Thread[2]/ERROR] [bettercaves/]: Liquid regions will not be generated for this chunk. This may be fatal!
[31Jul2026 16:05:59.142] [DH-World Gen Thread[0]/ERROR] [bettercaves/]: Better Caves expected a ServerLevel, but got: com.seibel.distanthorizons.common.wrappers.worldGeneration.mimicObject.DhLitWorldGenRegion_forge
[31Jul2026 16:05:59.143] [DH-World Gen Thread[0]/ERROR] [bettercaves/]: Liquid regions will not be generated for this chunk. This may be fatal!
[31Jul2026 16:05:59.143] [DH-World Gen Thread[0]/ERROR] [bettercaves/]: Better Caves expected a ServerLevel, but got: com.seibel.distanthorizons.common.wrappers.worldGeneration.mimicObject.DhLitWorldGenRegion_forge
[31Jul2026 16:05:59.143] [DH-World Gen Thread[0]/ERROR] [bettercaves/]: Liquid regions will not be generated for this chunk. This may be fatal!
[31Jul2026 16:05:59.145] [DH-World Gen Thread[0]/ERROR] [bettercaves/]: Better Caves expected a ServerLevel, but got: com.seibel.distanthorizons.common.wrappers.worldGeneration.mimicObject.DhLitWorldGenRegion_forge
[31Jul2026 16:05:59.145] [DH-World Gen Thread[0]/ERROR] [bettercaves/]: Liquid regions will not be generated for this chunk. This may be fatal!
[31Jul2026 16:05:59.145] [DH-World Gen Thread[0]/ERROR] [bettercaves/]: Better Caves expected a ServerLevel, but got: com.seibel.distanthorizons.common.wrappers.worldGeneration.mimicObject.DhLitWorldGenRegion_forge
[31Jul2026 16:05:59.145] [DH-World Gen Thread[0]/ERROR] [bettercaves/]: Liquid regions will not be generated for this chunk. This may be fatal!
[31Jul2026 16:05:59.145] [DH-World Gen Thread[0]/ERROR] [bettercaves/]: Better Caves expected a ServerLevel, but got: com.seibel.distanthorizons.common.wrappers.worldGeneration.mimicObject.DhLitWorldGenRegion_forge
[31Jul2026 16:05:59.145] [DH-World Gen Thread[0]/ERROR] [bettercaves/]: Liquid regions will not be generated for this chunk. This may be fatal!
[31Jul2026 16:05:59.145] [DH-World Gen Thread[0]/ERROR] [bettercaves/]: Better Caves expected a ServerLevel, but got: com.seibel.distanthorizons.common.wrappers.worldGeneration.mimicObject.DhLitWorldGenRegion_forge
[31Jul2026 16:05:59.145] [DH-World Gen Thread[0]/ERROR] [bettercaves/]: Liquid regions will not be generated for this chunk. This may be fatal!
[31Jul2026 16:05:59.145] [DH-World Gen Thread[0]/ERROR] [bettercaves/]: Better Caves expected a ServerLevel, but got: com.seibel.distanthorizons.common.wrappers.worldGeneration.mimicObject.DhLitWorldGenRegion_forge
[31Jul2026 16:05:59.145] [DH-World Gen Thread[0]/ERROR] [bettercaves/]: Liquid regions will not be generated for this chunk. This may be fatal!
[31Jul2026 16:05:59.145] [DH-World Gen Thread[0]/ERROR] [bettercaves/]: Better Caves expected a ServerLevel, but got: com.seibel.distanthorizons.common.wrappers.worldGeneration.mimicObject.DhLitWorldGenRegion_forge
[31Jul2026 16:05:59.145] [DH-World Gen Thread[0]/ERROR] [bettercaves/]: Liquid regions will not be generated for this chunk. This may be fatal!
[31Jul2026 16:05:59.159] [DH-World Gen Thread[0]/ERROR] [bettercaves/]: Better Caves expected a ServerLevel, but got: com.seibel.distanthorizons.common.wrappers.worldGeneration.mimicObject.DhLitWorldGenRegion_forge
[31Jul2026 16:05:59.159] [DH-World Gen Thread[0]/ERROR] [bettercaves/]: Liquid regions will not be generated for this chunk. This may be fatal!
[31Jul2026 16:05:59.159] [DH-World Gen Thread[3]/ERROR] [bettercaves/]: Better Caves expected a ServerLevel, but got: com.seibel.distanthorizons.common.wrappers.worldGeneration.mimicObject.DhLitWorldGenRegion_forge
[31Jul2026 16:05:59.159] [DH-World Gen Thread[3]/ERROR] [bettercaves/]: Liquid regions will not be generated for this chunk. This may be fatal!
[31Jul2026 16:05:59.160] [DH-World Gen Thread[3]/ERROR] [bettercaves/]: Better Caves expected a ServerLevel, but got: com.seibel.distanthorizons.common.wrappers.worldGeneration.mimicObject.DhLitWorldGenRegion_forge
[31Jul2026 16:05:59.163] [DH-World Gen Thread[3]/ERROR] [bettercaves/]: Liquid regions will not be generated for this chunk. This may be fatal!
[31Jul2026 16:05:59.164] [DH-World Gen Thread[3]/ERROR] [bettercaves/]: Better Caves expected a ServerLevel, but got: com.seibel.distanthorizons.common.wrappers.worldGeneration.mimicObject.DhLitWorldGenRegion_forge
[31Jul2026 16:05:59.171] [DH-World Gen Thread[3]/ERROR] [bettercaves/]: Liquid regions will not be generated for this chunk. This may be fatal!
[31Jul2026 16:05:59.171] [DH-World Gen Thread[3]/ERROR] [bettercaves/]: Better Caves expected a ServerLevel, but got: com.seibel.distanthorizons.common.wrappers.worldGeneration.mimicObject.DhLitWorldGenRegion_forge
[31Jul2026 16:05:59.171] [DH-World Gen Thread[3]/ERROR] [bettercaves/]: Liquid regions will not be generated for this chunk. This may be fatal!
[31Jul2026 16:05:59.171] [DH-World Gen Thread[3]/ERROR] [bettercaves/]: Better Caves expected a ServerLevel, but got: com.seibel.distanthorizons.common.wrappers.worldGeneration.mimicObject.DhLitWorldGenRegion_forge
[31Jul2026 16:05:59.171] [DH-World Gen Thread[3]/ERROR] [bettercaves/]: Liquid regions will not be generated for this chunk. This may be fatal!
[31Jul2026 16:05:59.171] [DH-World Gen Thread[3]/ERROR] [bettercaves/]: Better Caves expected a ServerLevel, but got: com.seibel.distanthorizons.common.wrappers.worldGeneration.mimicObject.DhLitWorldGenRegion_forge
[31Jul2026 16:05:59.172] [DH-World Gen Thread[3]/ERROR] [bettercaves/]: Liquid regions will not be generated for this chunk. This may be fatal!
[31Jul2026 16:05:59.172] [DH-World Gen Thread[3]/ERROR] [bettercaves/]: Better Caves expected a ServerLevel, but got: com.seibel.distanthorizons.common.wrappers.worldGeneration.mimicObject.DhLitWorldGenRegion_forge
[31Jul2026 16:05:59.172] [DH-World Gen Thread[3]/ERROR] [bettercaves/]: Liquid regions will not be generated for this chunk. This may be fatal!
[31Jul2026 16:05:59.172] [DH-World Gen Thread[3]/ERROR] [bettercaves/]: Better Caves expected a ServerLevel, but got: com.seibel.distanthorizons.common.wrappers.worldGeneration.mimicObject.DhLitWorldGenRegion_forge
[31Jul2026 16:05:59.172] [DH-World Gen Thread[3]/ERROR] [bettercaves/]: Liquid regions will not be generated for this chunk. This may be fatal!
[31Jul2026 16:05:59.172] [DH-World Gen Thread[3]/ERROR] [bettercaves/]: Better Caves expected a ServerLevel, but got: com.seibel.distanthorizons.common.wrappers.worldGeneration.mimicObject.DhLitWorldGenRegion_forge
[31Jul2026 16:05:59.173] [DH-World Gen Thread[3]/ERROR] [bettercaves/]: Liquid regions will not be generated for this chunk. This may be fatal!
[31Jul2026 16:05:59.221] [DH-World Gen Thread[1]/ERROR] [bettercaves/]: Better Caves expected a ServerLevel, but got: com.seibel.distanthorizons.common.wrappers.worldGeneration.mimicObject.DhLitWorldGenRegion_forge
[31Jul2026 16:05:59.221] [DH-World Gen Thread[1]/ERROR] [bettercaves/]: Liquid regions will not be generated for this chunk. This may be fatal!
[31Jul2026 16:05:59.653] [DH-World Gen Thread[5]/ERROR] [bettercaves/]: Better Caves expected a ServerLevel, but got: com.seibel.distanthorizons.common.wrappers.worldGeneration.mimicObject.DhLitWorldGenRegion_forge
[31Jul2026 16:05:59.674] [DH-World Gen Thread[5]/ERROR] [bettercaves/]: Liquid regions will not be generated for this chunk. This may be fatal!
[31Jul2026 16:05:59.676] [DH-World Gen Thread[5]/ERROR] [bettercaves/]: Better Caves expected a ServerLevel, but got: com.seibel.distanthorizons.common.wrappers.worldGeneration.mimicObject.DhLitWorldGenRegion_forge
[31Jul2026 16:05:59.756] [DH-World Gen Thread[5]/ERROR] [bettercaves/]: Liquid regions will not be generated for this chunk. This may be fatal!
[31Jul2026 16:05:59.773] [DH-World Gen Thread[5]/ERROR] [bettercaves/]: Better Caves expected a ServerLevel, but got: com.seibel.distanthorizons.common.wrappers.worldGeneration.mimicObject.DhLitWorldGenRegion_forge
[31Jul2026 16:05:59.774] [DH-World Gen Thread[5]/ERROR] [bettercaves/]: Liquid regions will not be generated for this chunk. This may be fatal!
[31Jul2026 16:05:59.774] [DH-World Gen Thread[5]/ERROR] [bettercaves/]: Better Caves expected a ServerLevel, but got: com.seibel.distanthorizons.common.wrappers.worldGeneration.mimicObject.DhLitWorldGenRegion_forge
[31Jul2026 16:05:59.774] [DH-World Gen Thread[5]/ERROR] [bettercaves/]: Liquid regions will not be generated for this chunk. This may be fatal!
[31Jul2026 16:05:59.809] [DH-World Gen Thread[5]/ERROR] [bettercaves/]: Better Caves expected a ServerLevel, but got: com.seibel.distanthorizons.common.wrappers.worldGeneration.mimicObject.DhLitWorldGenRegion_forge
[31Jul2026 16:05:59.828] [DH-World Gen Thread[5]/ERROR] [bettercaves/]: Liquid regions will not be generated for this chunk. This may be fatal!
[31Jul2026 16:05:59.828] [DH-World Gen Thread[5]/ERROR] [bettercaves/]: Better Caves expected a ServerLevel, but got: com.seibel.distanthorizons.common.wrappers.worldGeneration.mimicObject.DhLitWorldGenRegion_forge
[31Jul2026 16:05:59.828] [DH-World Gen Thread[5]/ERROR] [bettercaves/]: Liquid regions will not be generated for this chunk. This may be fatal!
[31Jul2026 16:05:59.828] [DH-World Gen Thread[5]/ERROR] [bettercaves/]: Better Caves expected a ServerLevel, but got: com.seibel.distanthorizons.common.wrappers.worldGeneration.mimicObject.DhLitWorldGenRegion_forge
[31Jul2026 16:05:59.828] [DH-World Gen Thread[5]/ERROR] [bettercaves/]: Liquid regions will not be generated for this chunk. This may be fatal!
[31Jul2026 16:05:59.828] [DH-World Gen Thread[5]/ERROR] [bettercaves/]: Better Caves expected a ServerLevel, but got: com.seibel.distanthorizons.common.wrappers.worldGeneration.mimicObject.DhLitWorldGenRegion_forge
[31Jul2026 16:05:59.829] [DH-World Gen Thread[5]/ERROR] [bettercaves/]: Liquid regions will not be generated for this chunk. This may be fatal!
[31Jul2026 16:05:59.829] [DH-World Gen Thread[5]/ERROR] [bettercaves/]: Better Caves expected a ServerLevel, but got: com.seibel.distanthorizons.common.wrappers.worldGeneration.mimicObject.DhLitWorldGenRegion_forge
[31Jul2026 16:05:59.829] [DH-World Gen Thread[5]/ERROR] [bettercaves/]: Liquid regions will not be generated for this chunk. This may be fatal!
[31Jul2026 16:05:59.829] [DH-World Gen Thread[4]/ERROR] [bettercaves/]: Better Caves expected a ServerLevel, but got: com.seibel.distanthorizons.common.wrappers.worldGeneration.mimicObject.DhLitWorldGenRegion_forge
[31Jul2026 16:05:59.833] [DH-World Gen Thread[4]/ERROR] [bettercaves/]: Liquid regions will not be generated for this chunk. This may be fatal!
[31Jul2026 16:05:59.849] [DH-World Gen Thread[4]/ERROR] [bettercaves/]: Better Caves expected a ServerLevel, but got: com.seibel.distanthorizons.common.wrappers.worldGeneration.mimicObject.DhLitWorldGenRegion_forge
[31Jul2026 16:05:59.852] [DH-World Gen Thread[4]/ERROR] [bettercaves/]: Liquid regions will not be generated for this chunk. This may be fatal!
[31Jul2026 16:05:59.859] [DH-World Gen Thread[4]/ERROR] [bettercaves/]: Better Caves expected a ServerLevel, but got: com.seibel.distanthorizons.common.wrappers.worldGeneration.mimicObject.DhLitWorldGenRegion_forge
[31Jul2026 16:05:59.859] [DH-World Gen Thread[4]/ERROR] [bettercaves/]: Liquid regions will not be generated for this chunk. This may be fatal!
[31Jul2026 16:05:59.859] [DH-World Gen Thread[4]/ERROR] [bettercaves/]: Better Caves expected a ServerLevel, but got: com.seibel.distanthorizons.common.wrappers.worldGeneration.mimicObject.DhLitWorldGenRegion_forge
[31Jul2026 16:05:59.865] [DH-World Gen Thread[4]/ERROR] [bettercaves/]: Liquid regions will not be generated for this chunk. This may be fatal!
[31Jul2026 16:05:59.870] [DH-World Gen Thread[4]/ERROR] [bettercaves/]: Better Caves expected a ServerLevel, but got: com.seibel.distanthorizons.common.wrappers.worldGeneration.mimicObject.DhLitWorldGenRegion_forge
[31Jul2026 16:05:59.871] [DH-World Gen Thread[4]/ERROR] [bettercaves/]: Liquid regions will not be generated for this chunk. This may be fatal!
[31Jul2026 16:05:59.872] [DH-World Gen Thread[4]/ERROR] [bettercaves/]: Better Caves expected a ServerLevel, but got: com.seibel.distanthorizons.common.wrappers.worldGeneration.mimicObject.DhLitWorldGenRegion_forge
[31Jul2026 16:05:59.872] [DH-World Gen Thread[4]/ERROR] [bettercaves/]: Liquid regions will not be generated for this chunk. This may be fatal!
[31Jul2026 16:05:59.882] [DH-World Gen Thread[4]/ERROR] [bettercaves/]: Better Caves expected a ServerLevel, but got: com.seibel.distanthorizons.common.wrappers.worldGeneration.mimicObject.DhLitWorldGenRegion_forge
[31Jul2026 16:05:59.882] [DH-World Gen Thread[4]/ERROR] [bettercaves/]: Liquid regions will not be generated for this chunk. This may be fatal!
[31Jul2026 16:05:59.882] [DH-World Gen Thread[4]/ERROR] [bettercaves/]: Better Caves expected a ServerLevel, but got: com.seibel.distanthorizons.common.wrappers.worldGeneration.mimicObject.DhLitWorldGenRegion_forge
[31Jul2026 16:05:59.882] [DH-World Gen Thread[4]/ERROR] [bettercaves/]: Liquid regions will not be generated for this chunk. This may be fatal!
[31Jul2026 16:05:59.883] [DH-World Gen Thread[4]/ERROR] [bettercaves/]: Better Caves expected a ServerLevel, but got: com.seibel.distanthorizons.common.wrappers.worldGeneration.mimicObject.DhLitWorldGenRegion_forge
[31Jul2026 16:05:59.883] [DH-World Gen Thread[4]/ERROR] [bettercaves/]: Liquid regions will not be generated for this chunk. This may be fatal!
[31Jul2026 16:06:00.682] [DH-World Gen Thread[0]/ERROR] [bettercaves/]: Better Caves expected a ServerLevel, but got: com.seibel.distanthorizons.common.wrappers.worldGeneration.mimicObject.DhLitWorldGenRegion_forge
[31Jul2026 16:06:00.684] [DH-World Gen Thread[0]/ERROR] [bettercaves/]: Liquid regions will not be generated for this chunk. This may be fatal!
[31Jul2026 16:06:00.753] [DH-World Gen Thread[0]/ERROR] [bettercaves/]: Better Caves expected a ServerLevel, but got: com.seibel.distanthorizons.common.wrappers.worldGeneration.mimicObject.DhLitWorldGenRegion_forge
[31Jul2026 16:06:00.819] [DH-World Gen Thread[0]/ERROR] [bettercaves/]: Liquid regions will not be generated for this chunk. This may be fatal!
[31Jul2026 16:06:00.824] [DH-World Gen Thread[0]/ERROR] [bettercaves/]: Better Caves expected a ServerLevel, but got: com.seibel.distanthorizons.common.wrappers.worldGeneration.mimicObject.DhLitWorldGenRegion_forge
[31Jul2026 16:06:00.824] [DH-World Gen Thread[0]/ERROR] [bettercaves/]: Liquid regions will not be generated for this chunk. This may be fatal!
[31Jul2026 16:06:01.014] [DH-World Gen Thread[2]/ERROR] [bettercaves/]: Better Caves expected a ServerLevel, but got: com.seibel.distanthorizons.common.wrappers.worldGeneration.mimicObject.DhLitWorldGenRegion_forge
[31Jul2026 16:06:01.024] [DH-World Gen Thread[2]/ERROR] [bettercaves/]: Liquid regions will not be generated for this chunk. This may be fatal!
[31Jul2026 16:06:01.079] [DH-World Gen Thread[2]/ERROR] [bettercaves/]: Better Caves expected a ServerLevel, but got: com.seibel.distanthorizons.common.wrappers.worldGeneration.mimicObject.DhLitWorldGenRegion_forge
[31Jul2026 16:06:01.082] [DH-World Gen Thread[2]/ERROR] [bettercaves/]: Liquid regions will not be generated for this chunk. This may be fatal!
[31Jul2026 16:06:01.083] [DH-World Gen Thread[2]/ERROR] [bettercaves/]: Better Caves expected a ServerLevel, but got: com.seibel.distanthorizons.common.wrappers.worldGeneration.mimicObject.DhLitWorldGenRegion_forge
[31Jul2026 16:06:01.102] [DH-World Gen Thread[2]/ERROR] [bettercaves/]: Liquid regions will not be generated for this chunk. This may be fatal!
[31Jul2026 16:06:01.183] [DH-World Gen Thread[3]/ERROR] [bettercaves/]: Better Caves expected a ServerLevel, but got: com.seibel.distanthorizons.common.wrappers.worldGeneration.mimicObject.DhLitWorldGenRegion_forge
[31Jul2026 16:06:01.207] [DH-World Gen Thread[3]/ERROR] [bettercaves/]: Liquid regions will not be generated for this chunk. This may be fatal!
[31Jul2026 16:06:01.234] [DH-World Gen Thread[3]/ERROR] [bettercaves/]: Better Caves expected a ServerLevel, but got: com.seibel.distanthorizons.common.wrappers.worldGeneration.mimicObject.DhLitWorldGenRegion_forge
[31Jul2026 16:06:01.242] [DH-World Gen Thread[3]/ERROR] [bettercaves/]: Liquid regions will not be generated for this chunk. This may be fatal!
[31Jul2026 16:06:01.250] [DH-World Gen Thread[3]/ERROR] [bettercaves/]: Better Caves expected a ServerLevel, but got: com.seibel.distanthorizons.common.wrappers.worldGeneration.mimicObject.DhLitWorldGenRegion_forge
[31Jul2026 16:06:01.254] [DH-World Gen Thread[3]/ERROR] [bettercaves/]: Liquid regions will not be generated for this chunk. This may be fatal!
[31Jul2026 16:06:01.260] [DH-World Gen Thread[5]/ERROR] [bettercaves/]: Better Caves expected a ServerLevel, but got: com.seibel.distanthorizons.common.wrappers.worldGeneration.mimicObject.DhLitWorldGenRegion_forge
[31Jul2026 16:06:01.260] [DH-World Gen Thread[5]/ERROR] [bettercaves/]: Liquid regions will not be generated for this chunk. This may be fatal!
[31Jul2026 16:06:01.261] [DH-World Gen Thread[5]/ERROR] [bettercaves/]: Better Caves expected a ServerLevel, but got: com.seibel.distanthorizons.common.wrappers.worldGeneration.mimicObject.DhLitWorldGenRegion_forge
[31Jul2026 16:06:01.261] [DH-World Gen Thread[5]/ERROR] [bettercaves/]: Liquid regions will not be generated for this chunk. This may be fatal!
[31Jul2026 16:06:01.261] [DH-World Gen Thread[5]/ERROR] [bettercaves/]: Better Caves expected a ServerLevel, but got: com.seibel.distanthorizons.common.wrappers.worldGeneration.mimicObject.DhLitWorldGenRegion_forge
[31Jul2026 16:06:01.261] [DH-World Gen Thread[5]/ERROR] [bettercaves/]: Liquid regions will not be generated for this chunk. This may be fatal!
[31Jul2026 16:06:01.272] [DH-World Gen Thread[0]/ERROR] [bettercaves/]: Better Caves expected a ServerLevel, but got: com.seibel.distanthorizons.common.wrappers.worldGeneration.mimicObject.DhLitWorldGenRegion_forge
[31Jul2026 16:06:01.272] [DH-World Gen Thread[0]/ERROR] [bettercaves/]: Liquid regions will not be generated for this chunk. This may be fatal!
[31Jul2026 16:06:01.272] [DH-World Gen Thread[0]/ERROR] [bettercaves/]: Better Caves expected a ServerLevel, but got: com.seibel.distanthorizons.common.wrappers.worldGeneration.mimicObject.DhLitWorldGenRegion_forge
[31Jul2026 16:06:01.274] [DH-World Gen Thread[0]/ERROR] [bettercaves/]: Liquid regions will not be generated for this chunk. This may be fatal!
[31Jul2026 16:06:01.274] [DH-World Gen Thread[0]/ERROR] [bettercaves/]: Better Caves expected a ServerLevel, but got: com.seibel.distanthorizons.common.wrappers.worldGeneration.mimicObject.DhLitWorldGenRegion_forge
[31Jul2026 16:06:01.274] [DH-World Gen Thread[0]/ERROR] [bettercaves/]: Liquid regions will not be generated for this chunk. This may be fatal!
[31Jul2026 16:06:01.727] [DH-World Gen Thread[5]/ERROR] [bettercaves/]: Better Caves expected a ServerLevel, but got: com.seibel.distanthorizons.common.wrappers.worldGeneration.mimicObject.DhLitWorldGenRegion_forge
[31Jul2026 16:06:01.727] [DH-World Gen Thread[5]/ERROR] [bettercaves/]: Liquid regions will not be generated for this chunk. This may be fatal!
[31Jul2026 16:06:01.727] [DH-World Gen Thread[5]/ERROR] [bettercaves/]: Better Caves expected a ServerLevel, but got: com.seibel.distanthorizons.common.wrappers.worldGeneration.mimicObject.DhLitWorldGenRegion_forge
[31Jul2026 16:06:01.727] [DH-World Gen Thread[5]/ERROR] [bettercaves/]: Liquid regions will not be generated for this chunk. This may be fatal!
[31Jul2026 16:06:01.727] [DH-World Gen Thread[5]/ERROR] [bettercaves/]: Better Caves expected a ServerLevel, but got: com.seibel.distanthorizons.common.wrappers.worldGeneration.mimicObject.DhLitWorldGenRegion_forge
[31Jul2026 16:06:01.727] [DH-World Gen Thread[5]/ERROR] [bettercaves/]: Liquid regions will not be generated for this chunk. This may be fatal!
[31Jul2026 16:06:01.766] [DH-World Gen Thread[0]/ERROR] [bettercaves/]: Better Caves expected a ServerLevel, but got: com.seibel.distanthorizons.common.wrappers.worldGeneration.mimicObject.DhLitWorldGenRegion_forge
[31Jul2026 16:06:01.807] [DH-World Gen Thread[0]/ERROR] [bettercaves/]: Liquid regions will not be generated for this chunk. This may be fatal!
[31Jul2026 16:06:01.865] [DH-World Gen Thread[2]/ERROR] [bettercaves/]: Better Caves expected a ServerLevel, but got: com.seibel.distanthorizons.common.wrappers.worldGeneration.mimicObject.DhLitWorldGenRegion_forge
[31Jul2026 16:06:01.875] [DH-World Gen Thread[2]/ERROR] [bettercaves/]: Liquid regions will not be generated for this chunk. This may be fatal!
[31Jul2026 16:06:01.878] [DH-World Gen Thread[2]/ERROR] [bettercaves/]: Better Caves expected a ServerLevel, but got: com.seibel.distanthorizons.common.wrappers.worldGeneration.mimicObject.DhLitWorldGenRegion_forge
[31Jul2026 16:06:01.883] [DH-World Gen Thread[2]/ERROR] [bettercaves/]: Liquid regions will not be generated for this chunk. This may be fatal!
[31Jul2026 16:06:01.886] [DH-World Gen Thread[2]/ERROR] [bettercaves/]: Better Caves expected a ServerLevel, but got: com.seibel.distanthorizons.common.wrappers.worldGeneration.mimicObject.DhLitWorldGenRegion_forge
[31Jul2026 16:06:01.891] [DH-World Gen Thread[2]/ERROR] [bettercaves/]: Liquid regions will not be generated for this chunk. This may be fatal!
[31Jul2026 16:06:02.060] [DH-World Gen Thread[3]/ERROR] [bettercaves/]: Better Caves expected a ServerLevel, but got: com.seibel.distanthorizons.common.wrappers.worldGeneration.mimicObject.DhLitWorldGenRegion_forge
[31Jul2026 16:06:02.078] [DH-World Gen Thread[3]/ERROR] [bettercaves/]: Liquid regions will not be generated for this chunk. This may be fatal!
[31Jul2026 16:06:02.079] [DH-World Gen Thread[3]/ERROR] [bettercaves/]: Better Caves expected a ServerLevel, but got: com.seibel.distanthorizons.common.wrappers.worldGeneration.mimicObject.DhLitWorldGenRegion_forge
[31Jul2026 16:06:02.095] [DH-World Gen Thread[3]/ERROR] [bettercaves/]: Liquid regions will not be generated for this chunk. This may be fatal!
[31Jul2026 16:06:02.111] [DH-World Gen Thread[3]/ERROR] [bettercaves/]: Better Caves expected a ServerLevel, but got: com.seibel.distanthorizons.common.wrappers.worldGeneration.mimicObject.DhLitWorldGenRegion_forge
[31Jul2026 16:06:02.111] [DH-World Gen Thread[3]/ERROR] [bettercaves/]: Liquid regions will not be generated for this chunk. This may be fatal!
[31Jul2026 16:06:02.179] [DH-World Gen Thread[5]/ERROR] [bettercaves/]: Better Caves expected a ServerLevel, but got: com.seibel.distanthorizons.common.wrappers.worldGeneration.mimicObject.DhLitWorldGenRegion_forge
[31Jul2026 16:06:02.180] [DH-World Gen Thread[5]/ERROR] [bettercaves/]: Liquid regions will not be generated for this chunk. This may be fatal!
[31Jul2026 16:06:02.181] [DH-World Gen Thread[4]/ERROR] [bettercaves/]: Better Caves expected a ServerLevel, but got: com.seibel.distanthorizons.common.wrappers.worldGeneration.mimicObject.DhLitWorldGenRegion_forge
[31Jul2026 16:06:02.184] [DH-World Gen Thread[4]/ERROR] [bettercaves/]: Liquid regions will not be generated for this chunk. This may be fatal!
[31Jul2026 16:06:02.192] [DH-World Gen Thread[4]/ERROR] [bettercaves/]: Better Caves expected a ServerLevel, but got: com.seibel.distanthorizons.common.wrappers.worldGeneration.mimicObject.DhLitWorldGenRegion_forge
[31Jul2026 16:06:02.195] [DH-World Gen Thread[4]/ERROR] [bettercaves/]: Liquid regions will not be generated for this chunk. This may be fatal!
[31Jul2026 16:06:02.197] [DH-World Gen Thread[4]/ERROR] [bettercaves/]: Better Caves expected a ServerLevel, but got: com.seibel.distanthorizons.common.wrappers.worldGeneration.mimicObject.DhLitWorldGenRegion_forge
[31Jul2026 16:06:02.200] [DH-World Gen Thread[4]/ERROR] [bettercaves/]: Liquid regions will not be generated for this chunk. This may be fatal!
[31Jul2026 16:06:02.351] [DH-World Gen Thread[2]/ERROR] [bettercaves/]: Better Caves expected a ServerLevel, but got: com.seibel.distanthorizons.common.wrappers.worldGeneration.mimicObject.DhLitWorldGenRegion_forge
[31Jul2026 16:06:02.405] [DH-World Gen Thread[2]/ERROR] [bettercaves/]: Liquid regions will not be generated for this chunk. This may be fatal!
[31Jul2026 16:06:02.740] [DH-World Gen Thread[3]/ERROR] [bettercaves/]: Better Caves expected a ServerLevel, but got: com.seibel.distanthorizons.common.wrappers.worldGeneration.mimicObject.DhLitWorldGenRegion_forge
[31Jul2026 16:06:02.747] [DH-World Gen Thread[3]/ERROR] [bettercaves/]: Liquid regions will not be generated for this chunk. This may be fatal!
[31Jul2026 16:06:02.754] [DH-World Gen Thread[4]/ERROR] [bettercaves/]: Better Caves expected a ServerLevel, but got: com.seibel.distanthorizons.common.wrappers.worldGeneration.mimicObject.DhLitWorldGenRegion_forge
[31Jul2026 16:06:02.754] [DH-World Gen Thread[4]/ERROR] [bettercaves/]: Liquid regions will not be generated for this chunk. This may be fatal!
[31Jul2026 16:06:02.754] [DH-World Gen Thread[4]/ERROR] [bettercaves/]: Better Caves expected a ServerLevel, but got: com.seibel.distanthorizons.common.wrappers.worldGeneration.mimicObject.DhLitWorldGenRegion_forge
[31Jul2026 16:06:02.754] [DH-World Gen Thread[4]/ERROR] [bettercaves/]: Liquid regions will not be generated for this chunk. This may be fatal!
[31Jul2026 16:06:02.754] [DH-World Gen Thread[4]/ERROR] [bettercaves/]: Better Caves expected a ServerLevel, but got: com.seibel.distanthorizons.common.wrappers.worldGeneration.mimicObject.DhLitWorldGenRegion_forge
[31Jul2026 16:06:02.757] [DH-World Gen Thread[4]/ERROR] [bettercaves/]: Liquid regions will not be generated for this chunk. This may be fatal!
[31Jul2026 16:06:03.276] [DH-World Gen Thread[4]/ERROR] [bettercaves/]: Better Caves expected a ServerLevel, but got: com.seibel.distanthorizons.common.wrappers.worldGeneration.mimicObject.DhLitWorldGenRegion_forge
[31Jul2026 16:06:03.277] [DH-World Gen Thread[4]/ERROR] [bettercaves/]: Liquid regions will not be generated for this chunk. This may be fatal!
[31Jul2026 16:06:03.884] [DH-World Gen Thread[1]/ERROR] [bettercaves/]: Better Caves expected a ServerLevel, but got: com.seibel.distanthorizons.common.wrappers.worldGeneration.mimicObject.DhLitWorldGenRegion_forge
[31Jul2026 16:06:03.885] [DH-World Gen Thread[1]/ERROR] [bettercaves/]: Liquid regions will not be generated for this chunk. This may be fatal!
[31Jul2026 16:06:03.885] [DH-World Gen Thread[1]/ERROR] [bettercaves/]: Better Caves expected a ServerLevel, but got: com.seibel.distanthorizons.common.wrappers.worldGeneration.mimicObject.DhLitWorldGenRegion_forge
[31Jul2026 16:06:03.890] [DH-World Gen Thread[1]/ERROR] [bettercaves/]: Liquid regions will not be generated for this chunk. This may be fatal!
[31Jul2026 16:06:03.891] [DH-World Gen Thread[1]/ERROR] [bettercaves/]: Better Caves expected a ServerLevel, but got: com.seibel.distanthorizons.common.wrappers.worldGeneration.mimicObject.DhLitWorldGenRegion_forge
[31Jul2026 16:06:03.892] [DH-World Gen Thread[1]/ERROR] [bettercaves/]: Liquid regions will not be generated for this chunk. This may be fatal!
[31Jul2026 16:06:03.892] [DH-World Gen Thread[1]/ERROR] [bettercaves/]: Better Caves expected a ServerLevel, but got: com.seibel.distanthorizons.common.wrappers.worldGeneration.mimicObject.DhLitWorldGenRegion_forge
[31Jul2026 16:06:03.894] [DH-World Gen Thread[1]/ERROR] [bettercaves/]: Liquid regions will not be generated for this chunk. This may be fatal!
[31Jul2026 16:06:03.894] [DH-World Gen Thread[1]/ERROR] [bettercaves/]: Better Caves expected a ServerLevel, but got: com.seibel.distanthorizons.common.wrappers.worldGeneration.mimicObject.DhLitWorldGenRegion_forge
[31Jul2026 16:06:03.895] [DH-World Gen Thread[1]/ERROR] [bettercaves/]: Liquid regions will not be generated for this chunk. This may be fatal!
[31Jul2026 16:06:03.895] [DH-World Gen Thread[1]/ERROR] [bettercaves/]: Better Caves expected a ServerLevel, but got: com.seibel.distanthorizons.common.wrappers.worldGeneration.mimicObject.DhLitWorldGenRegion_forge
[31Jul2026 16:06:03.897] [DH-World Gen Thread[1]/ERROR] [bettercaves/]: Liquid regions will not be generated for this chunk. This may be fatal!
[31Jul2026 16:06:03.901] [DH-World Gen Thread[1]/ERROR] [bettercaves/]: Better Caves expected a ServerLevel, but got: com.seibel.distanthorizons.common.wrappers.worldGeneration.mimicObject.DhLitWorldGenRegion_forge
[31Jul2026 16:06:03.909] [DH-World Gen Thread[1]/ERROR] [bettercaves/]: Liquid regions will not be generated for this chunk. This may be fatal!
[31Jul2026 16:06:03.914] [DH-World Gen Thread[1]/ERROR] [bettercaves/]: Better Caves expected a ServerLevel, but got: com.seibel.distanthorizons.common.wrappers.worldGeneration.mimicObject.DhLitWorldGenRegion_forge
[31Jul2026 16:06:03.916] [DH-World Gen Thread[1]/ERROR] [bettercaves/]: Liquid regions will not be generated for this chunk. This may be fatal!
[31Jul2026 16:06:03.917] [DH-World Gen Thread[1]/ERROR] [bettercaves/]: Better Caves expected a ServerLevel, but got: com.seibel.distanthorizons.common.wrappers.worldGeneration.mimicObject.DhLitWorldGenRegion_forge
[31Jul2026 16:06:03.920] [DH-World Gen Thread[1]/ERROR] [bettercaves/]: Liquid regions will not be generated for this chunk. This may be fatal!
[31Jul2026 16:06:03.925] [DH-World Gen Thread[0]/ERROR] [bettercaves/]: Better Caves expected a ServerLevel, but got: com.seibel.distanthorizons.common.wrappers.worldGeneration.mimicObject.DhLitWorldGenRegion_forge
[31Jul2026 16:06:03.925] [DH-World Gen Thread[0]/ERROR] [bettercaves/]: Liquid regions will not be generated for this chunk. This may be fatal!
[31Jul2026 16:06:03.925] [DH-World Gen Thread[0]/ERROR] [bettercaves/]: Better Caves expected a ServerLevel, but got: com.seibel.distanthorizons.common.wrappers.worldGeneration.mimicObject.DhLitWorldGenRegion_forge
[31Jul2026 16:06:03.925] [DH-World Gen Thread[0]/ERROR] [bettercaves/]: Liquid regions will not be generated for this chunk. This may be fatal!
[31Jul2026 16:06:03.925] [DH-World Gen Thread[0]/ERROR] [bettercaves/]: Better Caves expected a ServerLevel, but got: com.seibel.distanthorizons.common.wrappers.worldGeneration.mimicObject.DhLitWorldGenRegion_forge
[31Jul2026 16:06:03.925] [DH-World Gen Thread[0]/ERROR] [bettercaves/]: Liquid regions will not be generated for this chunk. This may be fatal!
[31Jul2026 16:06:03.926] [DH-World Gen Thread[0]/ERROR] [bettercaves/]: Better Caves expected a ServerLevel, but got: com.seibel.distanthorizons.common.wrappers.worldGeneration.mimicObject.DhLitWorldGenRegion_forge
[31Jul2026 16:06:03.926] [DH-World Gen Thread[0]/ERROR] [bettercaves/]: Liquid regions will not be generated for this chunk. This may be fatal!
[31Jul2026 16:06:03.926] [DH-World Gen Thread[0]/ERROR] [bettercaves/]: Better Caves expected a ServerLevel, but got: com.seibel.distanthorizons.common.wrappers.worldGeneration.mimicObject.DhLitWorldGenRegion_forge
[31Jul2026 16:06:03.926] [DH-World Gen Thread[0]/ERROR] [bettercaves/]: Liquid regions will not be generated for this chunk. This may be fatal!
[31Jul2026 16:06:03.926] [DH-World Gen Thread[0]/ERROR] [bettercaves/]: Better Caves expected a ServerLevel, but got: com.seibel.distanthorizons.common.wrappers.worldGeneration.mimicObject.DhLitWorldGenRegion_forge
[31Jul2026 16:06:03.942] [DH-World Gen Thread[0]/ERROR] [bettercaves/]: Liquid regions will not be generated for this chunk. This may be fatal!
[31Jul2026 16:06:03.942] [DH-World Gen Thread[0]/ERROR] [bettercaves/]: Better Caves expected a ServerLevel, but got: com.seibel.distanthorizons.common.wrappers.worldGeneration.mimicObject.DhLitWorldGenRegion_forge
[31Jul2026 16:06:03.942] [DH-World Gen Thread[0]/ERROR] [bettercaves/]: Liquid regions will not be generated for this chunk. This may be fatal!
[31Jul2026 16:06:03.942] [DH-World Gen Thread[0]/ERROR] [bettercaves/]: Better Caves expected a ServerLevel, but got: com.seibel.distanthorizons.common.wrappers.worldGeneration.mimicObject.DhLitWorldGenRegion_forge
[31Jul2026 16:06:03.942] [DH-World Gen Thread[0]/ERROR] [bettercaves/]: Liquid regions will not be generated for this chunk. This may be fatal!
[31Jul2026 16:06:03.942] [DH-World Gen Thread[0]/ERROR] [bettercaves/]: Better Caves expected a ServerLevel, but got: com.seibel.distanthorizons.common.wrappers.worldGeneration.mimicObject.DhLitWorldGenRegion_forge
[31Jul2026 16:06:03.942] [DH-World Gen Thread[0]/ERROR] [bettercaves/]: Liquid regions will not be generated for this chunk. This may be fatal!
[31Jul2026 16:06:03.947] [DH-World Gen Thread[5]/ERROR] [bettercaves/]: Better Caves expected a ServerLevel, but got: com.seibel.distanthorizons.common.wrappers.worldGeneration.mimicObject.DhLitWorldGenRegion_forge
[31Jul2026 16:06:03.949] [DH-World Gen Thread[5]/ERROR] [bettercaves/]: Liquid regions will not be generated for this chunk. This may be fatal!
[31Jul2026 16:06:03.949] [DH-World Gen Thread[5]/ERROR] [bettercaves/]: Better Caves expected a ServerLevel, but got: com.seibel.distanthorizons.common.wrappers.worldGeneration.mimicObject.DhLitWorldGenRegion_forge
[31Jul2026 16:06:03.949] [DH-World Gen Thread[5]/ERROR] [bettercaves/]: Liquid regions will not be generated for this chunk. This may be fatal!
[31Jul2026 16:06:03.949] [DH-World Gen Thread[5]/ERROR] [bettercaves/]: Better Caves expected a ServerLevel, but got: com.seibel.distanthorizons.common.wrappers.worldGeneration.mimicObject.DhLitWorldGenRegion_forge
[31Jul2026 16:06:03.949] [DH-World Gen Thread[5]/ERROR] [bettercaves/]: Liquid regions will not be generated for this chunk. This may be fatal!
[31Jul2026 16:06:03.949] [DH-World Gen Thread[5]/ERROR] [bettercaves/]: Better Caves expected a ServerLevel, but got: com.seibel.distanthorizons.common.wrappers.worldGeneration.mimicObject.DhLitWorldGenRegion_forge
[31Jul2026 16:06:03.949] [DH-World Gen Thread[5]/ERROR] [bettercaves/]: Liquid regions will not be generated for this chunk. This may be fatal!
[31Jul2026 16:06:03.949] [DH-World Gen Thread[5]/ERROR] [bettercaves/]: Better Caves expected a ServerLevel, but got: com.seibel.distanthorizons.common.wrappers.worldGeneration.mimicObject.DhLitWorldGenRegion_forge
[31Jul2026 16:06:03.949] [DH-World Gen Thread[5]/ERROR] [bettercaves/]: Liquid regions will not be generated for this chunk. This may be fatal!
[31Jul2026 16:06:03.949] [DH-World Gen Thread[5]/ERROR] [bettercaves/]: Better Caves expected a ServerLevel, but got: com.seibel.distanthorizons.common.wrappers.worldGeneration.mimicObject.DhLitWorldGenRegion_forge
[31Jul2026 16:06:03.949] [DH-World Gen Thread[5]/ERROR] [bettercaves/]: Liquid regions will not be generated for this chunk. This may be fatal!
[31Jul2026 16:06:03.949] [DH-World Gen Thread[5]/ERROR] [bettercaves/]: Better Caves expected a ServerLevel, but got: com.seibel.distanthorizons.common.wrappers.worldGeneration.mimicObject.DhLitWorldGenRegion_forge
[31Jul2026 16:06:03.950] [DH-World Gen Thread[5]/ERROR] [bettercaves/]: Liquid regions will not be generated for this chunk. This may be fatal!
[31Jul2026 16:06:03.950] [DH-World Gen Thread[5]/ERROR] [bettercaves/]: Better Caves expected a ServerLevel, but got: com.seibel.distanthorizons.common.wrappers.worldGeneration.mimicObject.DhLitWorldGenRegion_forge
[31Jul2026 16:06:03.950] [DH-World Gen Thread[5]/ERROR] [bettercaves/]: Liquid regions will not be generated for this chunk. This may be fatal!
[31Jul2026 16:06:03.950] [DH-World Gen Thread[5]/ERROR] [bettercaves/]: Better Caves expected a ServerLevel, but got: com.seibel.distanthorizons.common.wrappers.worldGeneration.mimicObject.DhLitWorldGenRegion_forge
[31Jul2026 16:06:03.950] [DH-World Gen Thread[5]/ERROR] [bettercaves/]: Liquid regions will not be generated for this chunk. This may be fatal!
[31Jul2026 16:06:04.734] [DH-World Gen Thread[2]/ERROR] [bettercaves/]: Better Caves expected a ServerLevel, but got: com.seibel.distanthorizons.common.wrappers.worldGeneration.mimicObject.DhLitWorldGenRegion_forge
[31Jul2026 16:06:04.735] [DH-World Gen Thread[2]/ERROR] [bettercaves/]: Liquid regions will not be generated for this chunk. This may be fatal!
[31Jul2026 16:06:04.749] [DH-World Gen Thread[2]/ERROR] [bettercaves/]: Better Caves expected a ServerLevel, but got: com.seibel.distanthorizons.common.wrappers.worldGeneration.mimicObject.DhLitWorldGenRegion_forge
[31Jul2026 16:06:04.752] [DH-World Gen Thread[2]/ERROR] [bettercaves/]: Liquid regions will not be generated for this chunk. This may be fatal!
[31Jul2026 16:06:04.754] [DH-World Gen Thread[2]/ERROR] [bettercaves/]: Better Caves expected a ServerLevel, but got: com.seibel.distanthorizons.common.wrappers.worldGeneration.mimicObject.DhLitWorldGenRegion_forge
[31Jul2026 16:06:04.759] [DH-World Gen Thread[2]/ERROR] [bettercaves/]: Liquid regions will not be generated for this chunk. This may be fatal!
[31Jul2026 16:06:04.761] [DH-World Gen Thread[2]/ERROR] [bettercaves/]: Better Caves expected a ServerLevel, but got: com.seibel.distanthorizons.common.wrappers.worldGeneration.mimicObject.DhLitWorldGenRegion_forge
[31Jul2026 16:06:04.761] [DH-World Gen Thread[2]/ERROR] [bettercaves/]: Liquid regions will not be generated for this chunk. This may be fatal!
[31Jul2026 16:06:04.761] [DH-World Gen Thread[2]/ERROR] [bettercaves/]: Better Caves expected a ServerLevel, but got: com.seibel.distanthorizons.common.wrappers.worldGeneration.mimicObject.DhLitWorldGenRegion_forge
[31Jul2026 16:06:04.765] [DH-World Gen Thread[2]/ERROR] [bettercaves/]: Liquid regions will not be generated for this chunk. This may be fatal!
[31Jul2026 16:06:04.766] [DH-World Gen Thread[2]/ERROR] [bettercaves/]: Better Caves expected a ServerLevel, but got: com.seibel.distanthorizons.common.wrappers.worldGeneration.mimicObject.DhLitWorldGenRegion_forge
[31Jul2026 16:06:04.766] [DH-World Gen Thread[2]/ERROR] [bettercaves/]: Liquid regions will not be generated for this chunk. This may be fatal!
[31Jul2026 16:06:04.766] [DH-World Gen Thread[2]/ERROR] [bettercaves/]: Better Caves expected a ServerLevel, but got: com.seibel.distanthorizons.common.wrappers.worldGeneration.mimicObject.DhLitWorldGenRegion_forge
[31Jul2026 16:06:04.766] [DH-World Gen Thread[2]/ERROR] [bettercaves/]: Liquid regions will not be generated for this chunk. This may be fatal!
[31Jul2026 16:06:04.767] [DH-World Gen Thread[2]/ERROR] [bettercaves/]: Better Caves expected a ServerLevel, but got: com.seibel.distanthorizons.common.wrappers.worldGeneration.mimicObject.DhLitWorldGenRegion_forge
[31Jul2026 16:06:04.769] [DH-World Gen Thread[2]/ERROR] [bettercaves/]: Liquid regions will not be generated for this chunk. This may be fatal!
[31Jul2026 16:06:04.769] [DH-World Gen Thread[2]/ERROR] [bettercaves/]: Better Caves expected a ServerLevel, but got: com.seibel.distanthorizons.common.wrappers.worldGeneration.mimicObject.DhLitWorldGenRegion_forge
[31Jul2026 16:06:04.769] [DH-World Gen Thread[2]/ERROR] [bettercaves/]: Liquid regions will not be generated for this chunk. This may be fatal!
[31Jul2026 16:06:04.795] [DH-World Gen Thread[3]/ERROR] [bettercaves/]: Better Caves expected a ServerLevel, but got: com.seibel.distanthorizons.common.wrappers.worldGeneration.mimicObject.DhLitWorldGenRegion_forge
[31Jul2026 16:06:04.798] [DH-World Gen Thread[3]/ERROR] [bettercaves/]: Liquid regions will not be generated for this chunk. This may be fatal!
[31Jul2026 16:06:04.822] [DH-World Gen Thread[3]/ERROR] [bettercaves/]: Better Caves expected a ServerLevel, but got: com.seibel.distanthorizons.common.wrappers.worldGeneration.mimicObject.DhLitWorldGenRegion_forge
[31Jul2026 16:06:04.841] [DH-World Gen Thread[3]/ERROR] [bettercaves/]: Liquid regions will not be generated for this chunk. This may be fatal!
[31Jul2026 16:06:04.854] [DH-World Gen Thread[3]/ERROR] [bettercaves/]: Better Caves expected a ServerLevel, but got: com.seibel.distanthorizons.common.wrappers.worldGeneration.mimicObject.DhLitWorldGenRegion_forge
[31Jul2026 16:06:04.857] [DH-World Gen Thread[3]/ERROR] [bettercaves/]: Liquid regions will not be generated for this chunk. This may be fatal!
[31Jul2026 16:06:04.857] [DH-World Gen Thread[3]/ERROR] [bettercaves/]: Better Caves expected a ServerLevel, but got: com.seibel.distanthorizons.common.wrappers.worldGeneration.mimicObject.DhLitWorldGenRegion_forge
[31Jul2026 16:06:04.857] [DH-World Gen Thread[3]/ERROR] [bettercaves/]: Liquid regions will not be generated for this chunk. This may be fatal!
[31Jul2026 16:06:04.859] [DH-World Gen Thread[3]/ERROR] [bettercaves/]: Better Caves expected a ServerLevel, but got: com.seibel.distanthorizons.common.wrappers.worldGeneration.mimicObject.DhLitWorldGenRegion_forge
[31Jul2026 16:06:04.859] [DH-World Gen Thread[3]/ERROR] [bettercaves/]: Liquid regions will not be generated for this chunk. This may be fatal!
[31Jul2026 16:06:04.860] [DH-World Gen Thread[3]/ERROR] [bettercaves/]: Better Caves expected a ServerLevel, but got: com.seibel.distanthorizons.common.wrappers.worldGeneration.mimicObject.DhLitWorldGenRegion_forge
[31Jul2026 16:06:04.867] [DH-World Gen Thread[3]/ERROR] [bettercaves/]: Liquid regions will not be generated for this chunk. This may be fatal!
[31Jul2026 16:06:04.867] [DH-World Gen Thread[3]/ERROR] [bettercaves/]: Better Caves expected a ServerLevel, but got: com.seibel.distanthorizons.common.wrappers.worldGeneration.mimicObject.DhLitWorldGenRegion_forge
[31Jul2026 16:06:04.872] [DH-World Gen Thread[3]/ERROR] [bettercaves/]: Liquid regions will not be generated for this chunk. This may be fatal!
[31Jul2026 16:06:04.873] [DH-World Gen Thread[3]/ERROR] [bettercaves/]: Better Caves expected a ServerLevel, but got: com.seibel.distanthorizons.common.wrappers.worldGeneration.mimicObject.DhLitWorldGenRegion_forge
[31Jul2026 16:06:04.879] [DH-World Gen Thread[3]/ERROR] [bettercaves/]: Liquid regions will not be generated for this chunk. This may be fatal!
[31Jul2026 16:06:04.908] [DH-World Gen Thread[3]/ERROR] [bettercaves/]: Better Caves expected a ServerLevel, but got: com.seibel.distanthorizons.common.wrappers.worldGeneration.mimicObject.DhLitWorldGenRegion_forge
[31Jul2026 16:06:04.911] [DH-World Gen Thread[3]/ERROR] [bettercaves/]: Liquid regions will not be generated for this chunk. This may be fatal!
[31Jul2026 16:06:05.571] [DH-World Gen Thread[5]/ERROR] [bettercaves/]: Better Caves expected a ServerLevel, but got: com.seibel.distanthorizons.common.wrappers.worldGeneration.mimicObject.DhLitWorldGenRegion_forge
[31Jul2026 16:06:05.572] [DH-World Gen Thread[5]/ERROR] [bettercaves/]: Liquid regions will not be generated for this chunk. This may be fatal!
[31Jul2026 16:06:05.572] [DH-World Gen Thread[5]/ERROR] [bettercaves/]: Better Caves expected a ServerLevel, but got: com.seibel.distanthorizons.common.wrappers.worldGeneration.mimicObject.DhLitWorldGenRegion_forge
[31Jul2026 16:06:05.572] [DH-World Gen Thread[5]/ERROR] [bettercaves/]: Liquid regions will not be generated for this chunk. This may be fatal!
[31Jul2026 16:06:05.572] [DH-World Gen Thread[5]/ERROR] [bettercaves/]: Better Caves expected a ServerLevel, but got: com.seibel.distanthorizons.common.wrappers.worldGeneration.mimicObject.DhLitWorldGenRegion_forge
[31Jul2026 16:06:05.572] [DH-World Gen Thread[5]/ERROR] [bettercaves/]: Liquid regions will not be generated for this chunk. This may be fatal!
[31Jul2026 16:06:05.602] [DH-World Gen Thread[0]/ERROR] [bettercaves/]: Better Caves expected a ServerLevel, but got: com.seibel.distanthorizons.common.wrappers.worldGeneration.mimicObject.DhLitWorldGenRegion_forge
[31Jul2026 16:06:05.608] [DH-World Gen Thread[0]/ERROR] [bettercaves/]: Liquid regions will not be generated for this chunk. This may be fatal!
[31Jul2026 16:06:05.608] [DH-World Gen Thread[0]/ERROR] [bettercaves/]: Better Caves expected a ServerLevel, but got: com.seibel.distanthorizons.common.wrappers.worldGeneration.mimicObject.DhLitWorldGenRegion_forge
[31Jul2026 16:06:05.608] [DH-World Gen Thread[0]/ERROR] [bettercaves/]: Liquid regions will not be generated for this chunk. This may be fatal!
[31Jul2026 16:06:05.609] [DH-World Gen Thread[0]/ERROR] [bettercaves/]: Better Caves expected a ServerLevel, but got: com.seibel.distanthorizons.common.wrappers.worldGeneration.mimicObject.DhLitWorldGenRegion_forge
[31Jul2026 16:06:05.609] [DH-World Gen Thread[0]/ERROR] [bettercaves/]: Liquid regions will not be generated for this chunk. This may be fatal!
[31Jul2026 16:06:05.665] [DH-World Gen Thread[1]/ERROR] [bettercaves/]: Better Caves expected a ServerLevel, but got: com.seibel.distanthorizons.common.wrappers.worldGeneration.mimicObject.DhLitWorldGenRegion_forge
[31Jul2026 16:06:05.670] [DH-World Gen Thread[1]/ERROR] [bettercaves/]: Liquid regions will not be generated for this chunk. This may be fatal!
[31Jul2026 16:06:05.673] [DH-World Gen Thread[1]/ERROR] [bettercaves/]: Better Caves expected a ServerLevel, but got: com.seibel.distanthorizons.common.wrappers.worldGeneration.mimicObject.DhLitWorldGenRegion_forge
[31Jul2026 16:06:05.673] [DH-World Gen Thread[1]/ERROR] [bettercaves/]: Liquid regions will not be generated for this chunk. This may be fatal!
[31Jul2026 16:06:05.673] [DH-World Gen Thread[1]/ERROR] [bettercaves/]: Better Caves expected a ServerLevel, but got: com.seibel.distanthorizons.common.wrappers.worldGeneration.mimicObject.DhLitWorldGenRegion_forge
[31Jul2026 16:06:05.673] [DH-World Gen Thread[1]/ERROR] [bettercaves/]: Liquid regions will not be generated for this chunk. This may be fatal!
[31Jul2026 16:06:06.067] [DH-World Gen Thread[5]/ERROR] [bettercaves/]: Better Caves expected a ServerLevel, but got: com.seibel.distanthorizons.common.wrappers.worldGeneration.mimicObject.DhLitWorldGenRegion_forge
[31Jul2026 16:06:06.068] [DH-World Gen Thread[5]/ERROR] [bettercaves/]: Liquid regions will not be generated for this chunk. This may be fatal!
[31Jul2026 16:06:06.068] [DH-World Gen Thread[5]/ERROR] [bettercaves/]: Better Caves expected a ServerLevel, but got: com.seibel.distanthorizons.common.wrappers.worldGeneration.mimicObject.DhLitWorldGenRegion_forge
[31Jul2026 16:06:06.068] [DH-World Gen Thread[5]/ERROR] [bettercaves/]: Liquid regions will not be generated for this chunk. This may be fatal!
[31Jul2026 16:06:06.096] [DH-World Gen Thread[5]/ERROR] [bettercaves/]: Better Caves expected a ServerLevel, but got: com.seibel.distanthorizons.common.wrappers.worldGeneration.mimicObject.DhLitWorldGenRegion_forge
[31Jul2026 16:06:06.096] [DH-World Gen Thread[5]/ERROR] [bettercaves/]: Liquid regions will not be generated for this chunk. This may be fatal!
[31Jul2026 16:06:06.193] [DH-World Gen Thread[0]/ERROR] [bettercaves/]: Better Caves expected a ServerLevel, but got: com.seibel.distanthorizons.common.wrappers.worldGeneration.mimicObject.DhLitWorldGenRegion_forge
[31Jul2026 16:06:06.193] [DH-World Gen Thread[0]/ERROR] [bettercaves/]: Liquid regions will not be generated for this chunk. This may be fatal!
[31Jul2026 16:06:06.195] [DH-World Gen Thread[0]/ERROR] [bettercaves/]: Better Caves expected a ServerLevel, but got: com.seibel.distanthorizons.common.wrappers.worldGeneration.mimicObject.DhLitWorldGenRegion_forge
[31Jul2026 16:06:06.196] [DH-World Gen Thread[0]/ERROR] [bettercaves/]: Liquid regions will not be generated for this chunk. This may be fatal!
[31Jul2026 16:06:06.196] [DH-World Gen Thread[0]/ERROR] [bettercaves/]: Better Caves expected a ServerLevel, but got: com.seibel.distanthorizons.common.wrappers.worldGeneration.mimicObject.DhLitWorldGenRegion_forge
[31Jul2026 16:06:06.196] [DH-World Gen Thread[0]/ERROR] [bettercaves/]: Liquid regions will not be generated for this chunk. This may be fatal!
[31Jul2026 16:06:06.282] [DH-World Gen Thread[1]/ERROR] [bettercaves/]: Better Caves expected a ServerLevel, but got: com.seibel.distanthorizons.common.wrappers.worldGeneration.mimicObject.DhLitWorldGenRegion_forge
[31Jul2026 16:06:06.282] [DH-World Gen Thread[1]/ERROR] [bettercaves/]: Liquid regions will not be generated for this chunk. This may be fatal!
[31Jul2026 16:06:06.305] [DH-World Gen Thread[1]/ERROR] [bettercaves/]: Better Caves expected a ServerLevel, but got: com.seibel.distanthorizons.common.wrappers.worldGeneration.mimicObject.DhLitWorldGenRegion_forge
[31Jul2026 16:06:06.305] [DH-World Gen Thread[1]/ERROR] [bettercaves/]: Liquid regions will not be generated for this chunk. This may be fatal!
[31Jul2026 16:06:06.310] [DH-World Gen Thread[1]/ERROR] [bettercaves/]: Better Caves expected a ServerLevel, but got: com.seibel.distanthorizons.common.wrappers.worldGeneration.mimicObject.DhLitWorldGenRegion_forge
[31Jul2026 16:06:06.310] [DH-World Gen Thread[1]/ERROR] [bettercaves/]: Liquid regions will not be generated for this chunk. This may be fatal!
[31Jul2026 16:06:06.560] [DH-World Gen Thread[5]/ERROR] [bettercaves/]: Better Caves expected a ServerLevel, but got: com.seibel.distanthorizons.common.wrappers.worldGeneration.mimicObject.DhLitWorldGenRegion_forge
[31Jul2026 16:06:06.563] [DH-World Gen Thread[5]/ERROR] [bettercaves/]: Liquid regions will not be generated for this chunk. This may be fatal!
[31Jul2026 16:06:06.564] [DH-World Gen Thread[3]/ERROR] [bettercaves/]: Better Caves expected a ServerLevel, but got: com.seibel.distanthorizons.common.wrappers.worldGeneration.mimicObject.DhLitWorldGenRegion_forge
[31Jul2026 16:06:06.585] [DH-World Gen Thread[3]/ERROR] [bettercaves/]: Liquid regions will not be generated for this chunk. This may be fatal!
[31Jul2026 16:06:06.604] [DH-World Gen Thread[3]/ERROR] [bettercaves/]: Better Caves expected a ServerLevel, but got: com.seibel.distanthorizons.common.wrappers.worldGeneration.mimicObject.DhLitWorldGenRegion_forge
[31Jul2026 16:06:06.604] [DH-World Gen Thread[3]/ERROR] [bettercaves/]: Liquid regions will not be generated for this chunk. This may be fatal!
[31Jul2026 16:06:06.608] [DH-World Gen Thread[3]/ERROR] [bettercaves/]: Better Caves expected a ServerLevel, but got: com.seibel.distanthorizons.common.wrappers.worldGeneration.mimicObject.DhLitWorldGenRegion_forge
[31Jul2026 16:06:06.609] [DH-World Gen Thread[3]/ERROR] [bettercaves/]: Liquid regions will not be generated for this chunk. This may be fatal!
[31Jul2026 16:06:06.644] [DH-World Gen Thread[2]/ERROR] [bettercaves/]: Better Caves expected a ServerLevel, but got: com.seibel.distanthorizons.common.wrappers.worldGeneration.mimicObject.DhLitWorldGenRegion_forge
[31Jul2026 16:06:06.660] [DH-World Gen Thread[2]/ERROR] [bettercaves/]: Liquid regions will not be generated for this chunk. This may be fatal!
[31Jul2026 16:06:06.671] [DH-World Gen Thread[2]/ERROR] [bettercaves/]: Better Caves expected a ServerLevel, but got: com.seibel.distanthorizons.common.wrappers.worldGeneration.mimicObject.DhLitWorldGenRegion_forge
[31Jul2026 16:06:06.681] [DH-World Gen Thread[2]/ERROR] [bettercaves/]: Liquid regions will not be generated for this chunk. This may be fatal!
[31Jul2026 16:06:06.681] [DH-World Gen Thread[2]/ERROR] [bettercaves/]: Better Caves expected a ServerLevel, but got: com.seibel.distanthorizons.common.wrappers.worldGeneration.mimicObject.DhLitWorldGenRegion_forge
[31Jul2026 16:06:06.681] [DH-World Gen Thread[2]/ERROR] [bettercaves/]: Liquid regions will not be generated for this chunk. This may be fatal!
[31Jul2026 16:06:06.878] [DH-World Gen Thread[1]/ERROR] [bettercaves/]: Better Caves expected a ServerLevel, but got: com.seibel.distanthorizons.common.wrappers.worldGeneration.mimicObject.DhLitWorldGenRegion_forge
[31Jul2026 16:06:06.910] [DH-World Gen Thread[1]/ERROR] [bettercaves/]: Liquid regions will not be generated for this chunk. This may be fatal!
[31Jul2026 16:06:06.933] [DH-World Gen Thread[0]/ERROR] [bettercaves/]: Better Caves expected a ServerLevel, but got: com.seibel.distanthorizons.common.wrappers.worldGeneration.mimicObject.DhLitWorldGenRegion_forge
[31Jul2026 16:06:06.933] [DH-World Gen Thread[0]/ERROR] [bettercaves/]: Liquid regions will not be generated for this chunk. This may be fatal!
[31Jul2026 16:06:07.201] [DH-World Gen Thread[3]/ERROR] [bettercaves/]: Better Caves expected a ServerLevel, but got: com.seibel.distanthorizons.common.wrappers.worldGeneration.mimicObject.DhLitWorldGenRegion_forge
[31Jul2026 16:06:07.203] [DH-World Gen Thread[3]/ERROR] [bettercaves/]: Liquid regions will not be generated for this chunk. This may be fatal!
[31Jul2026 16:06:07.203] [DH-World Gen Thread[3]/ERROR] [bettercaves/]: Better Caves expected a ServerLevel, but got: com.seibel.distanthorizons.common.wrappers.worldGeneration.mimicObject.DhLitWorldGenRegion_forge
[31Jul2026 16:06:07.203] [DH-World Gen Thread[3]/ERROR] [bettercaves/]: Liquid regions will not be generated for this chunk. This may be fatal!
[31Jul2026 16:06:07.203] [DH-World Gen Thread[3]/ERROR] [bettercaves/]: Better Caves expected a ServerLevel, but got: com.seibel.distanthorizons.common.wrappers.worldGeneration.mimicObject.DhLitWorldGenRegion_forge
[31Jul2026 16:06:07.203] [DH-World Gen Thread[3]/ERROR] [bettercaves/]: Liquid regions will not be generated for this chunk. This may be fatal!
[31Jul2026 16:06:07.227] [DH-World Gen Thread[4]/ERROR] [bettercaves/]: Better Caves expected a ServerLevel, but got: com.seibel.distanthorizons.common.wrappers.worldGeneration.mimicObject.DhLitWorldGenRegion_forge
[31Jul2026 16:06:07.227] [DH-World Gen Thread[4]/ERROR] [bettercaves/]: Liquid regions will not be generated for this chunk. This may be fatal!
[31Jul2026 16:06:07.227] [DH-World Gen Thread[4]/ERROR] [bettercaves/]: Better Caves expected a ServerLevel, but got: com.seibel.distanthorizons.common.wrappers.worldGeneration.mimicObject.DhLitWorldGenRegion_forge
[31Jul2026 16:06:07.227] [DH-World Gen Thread[4]/ERROR] [bettercaves/]: Liquid regions will not be generated for this chunk. This may be fatal!
[31Jul2026 16:06:07.227] [DH-World Gen Thread[4]/ERROR] [bettercaves/]: Better Caves expected a ServerLevel, but got: com.seibel.distanthorizons.common.wrappers.worldGeneration.mimicObject.DhLitWorldGenRegion_forge
[31Jul2026 16:06:07.227] [DH-World Gen Thread[4]/ERROR] [bettercaves/]: Liquid regions will not be generated for this chunk. This may be fatal!
[31Jul2026 16:06:07.227] [DH-World Gen Thread[4]/ERROR] [bettercaves/]: Better Caves expected a ServerLevel, but got: com.seibel.distanthorizons.common.wrappers.worldGeneration.mimicObject.DhLitWorldGenRegion_forge
[31Jul2026 16:06:07.229] [DH-World Gen Thread[4]/ERROR] [bettercaves/]: Liquid regions will not be generated for this chunk. This may be fatal!
[31Jul2026 16:06:07.229] [DH-World Gen Thread[4]/ERROR] [bettercaves/]: Better Caves expected a ServerLevel, but got: com.seibel.distanthorizons.common.wrappers.worldGeneration.mimicObject.DhLitWorldGenRegion_forge
[31Jul2026 16:06:07.229] [DH-World Gen Thread[4]/ERROR] [bettercaves/]: Liquid regions will not be generated for this chunk. This may be fatal!
[31Jul2026 16:06:07.229] [DH-World Gen Thread[4]/ERROR] [bettercaves/]: Better Caves expected a ServerLevel, but got: com.seibel.distanthorizons.common.wrappers.worldGeneration.mimicObject.DhLitWorldGenRegion_forge
[31Jul2026 16:06:07.229] [DH-World Gen Thread[4]/ERROR] [bettercaves/]: Liquid regions will not be generated for this chunk. This may be fatal!
[31Jul2026 16:06:07.229] [DH-World Gen Thread[4]/ERROR] [bettercaves/]: Better Caves expected a ServerLevel, but got: com.seibel.distanthorizons.common.wrappers.worldGeneration.mimicObject.DhLitWorldGenRegion_forge
[31Jul2026 16:06:07.229] [DH-World Gen Thread[4]/ERROR] [bettercaves/]: Liquid regions will not be generated for this chunk. This may be fatal!
[31Jul2026 16:06:07.229] [DH-World Gen Thread[4]/ERROR] [bettercaves/]: Better Caves expected a ServerLevel, but got: com.seibel.distanthorizons.common.wrappers.worldGeneration.mimicObject.DhLitWorldGenRegion_forge
[31Jul2026 16:06:07.229] [DH-World Gen Thread[4]/ERROR] [bettercaves/]: Liquid regions will not be generated for this chunk. This may be fatal!
[31Jul2026 16:06:07.229] [DH-World Gen Thread[4]/ERROR] [bettercaves/]: Better Caves expected a ServerLevel, but got: com.seibel.distanthorizons.common.wrappers.worldGeneration.mimicObject.DhLitWorldGenRegion_forge
[31Jul2026 16:06:07.230] [DH-World Gen Thread[4]/ERROR] [bettercaves/]: Liquid regions will not be generated for this chunk. This may be fatal!
[31Jul2026 16:06:07.260] [DH-World Gen Thread[5]/ERROR] [bettercaves/]: Better Caves expected a ServerLevel, but got: com.seibel.distanthorizons.common.wrappers.worldGeneration.mimicObject.DhLitWorldGenRegion_forge
[31Jul2026 16:06:07.260] [DH-World Gen Thread[5]/ERROR] [bettercaves/]: Liquid regions will not be generated for this chunk. This may be fatal!
[31Jul2026 16:06:07.261] [DH-World Gen Thread[5]/ERROR] [bettercaves/]: Better Caves expected a ServerLevel, but got: com.seibel.distanthorizons.common.wrappers.worldGeneration.mimicObject.DhLitWorldGenRegion_forge
[31Jul2026 16:06:07.261] [DH-World Gen Thread[5]/ERROR] [bettercaves/]: Liquid regions will not be generated for this chunk. This may be fatal!
[31Jul2026 16:06:07.261] [DH-World Gen Thread[5]/ERROR] [bettercaves/]: Better Caves expected a ServerLevel, but got: com.seibel.distanthorizons.common.wrappers.worldGeneration.mimicObject.DhLitWorldGenRegion_forge
[31Jul2026 16:06:07.262] [DH-World Gen Thread[5]/ERROR] [bettercaves/]: Liquid regions will not be generated for this chunk. This may be fatal!
[31Jul2026 16:06:07.280] [DH-World Gen Thread[5]/ERROR] [bettercaves/]: Better Caves expected a ServerLevel, but got: com.seibel.distanthorizons.common.wrappers.worldGeneration.mimicObject.DhLitWorldGenRegion_forge
[31Jul2026 16:06:07.284] [DH-World Gen Thread[5]/ERROR] [bettercaves/]: Liquid regions will not be generated for this chunk. This may be fatal!
[31Jul2026 16:06:07.284] [DH-World Gen Thread[5]/ERROR] [bettercaves/]: Better Caves expected a ServerLevel, but got: com.seibel.distanthorizons.common.wrappers.worldGeneration.mimicObject.DhLitWorldGenRegion_forge
[31Jul2026 16:06:07.287] [DH-World Gen Thread[5]/ERROR] [bettercaves/]: Liquid regions will not be generated for this chunk. This may be fatal!
[31Jul2026 16:06:07.288] [DH-World Gen Thread[5]/ERROR] [bettercaves/]: Better Caves expected a ServerLevel, but got: com.seibel.distanthorizons.common.wrappers.worldGeneration.mimicObject.DhLitWorldGenRegion_forge
[31Jul2026 16:06:07.288] [DH-World Gen Thread[5]/ERROR] [bettercaves/]: Liquid regions will not be generated for this chunk. This may be fatal!
[31Jul2026 16:06:07.288] [DH-World Gen Thread[5]/ERROR] [bettercaves/]: Better Caves expected a ServerLevel, but got: com.seibel.distanthorizons.common.wrappers.worldGeneration.mimicObject.DhLitWorldGenRegion_forge
[31Jul2026 16:06:07.288] [DH-World Gen Thread[5]/ERROR] [bettercaves/]: Liquid regions will not be generated for this chunk. This may be fatal!
[31Jul2026 16:06:07.288] [DH-World Gen Thread[5]/ERROR] [bettercaves/]: Better Caves expected a ServerLevel, but got: com.seibel.distanthorizons.common.wrappers.worldGeneration.mimicObject.DhLitWorldGenRegion_forge
[31Jul2026 16:06:07.288] [DH-World Gen Thread[5]/ERROR] [bettercaves/]: Liquid regions will not be generated for this chunk. This may be fatal!
[31Jul2026 16:06:07.289] [DH-World Gen Thread[5]/ERROR] [bettercaves/]: Better Caves expected a ServerLevel, but got: com.seibel.distanthorizons.common.wrappers.worldGeneration.mimicObject.DhLitWorldGenRegion_forge
[31Jul2026 16:06:07.289] [DH-World Gen Thread[5]/ERROR] [bettercaves/]: Liquid regions will not be generated for this chunk. This may be fatal!
[31Jul2026 16:06:07.289] [DH-World Gen Thread[2]/ERROR] [bettercaves/]: Better Caves expected a ServerLevel, but got: com.seibel.distanthorizons.common.wrappers.worldGeneration.mimicObject.DhLitWorldGenRegion_forge
[31Jul2026 16:06:07.292] [DH-World Gen Thread[2]/ERROR] [bettercaves/]: Liquid regions will not be generated for this chunk. This may be fatal!
[31Jul2026 16:06:07.292] [DH-World Gen Thread[2]/ERROR] [bettercaves/]: Better Caves expected a ServerLevel, but got: com.seibel.distanthorizons.common.wrappers.worldGeneration.mimicObject.DhLitWorldGenRegion_forge
[31Jul2026 16:06:07.292] [DH-World Gen Thread[2]/ERROR] [bettercaves/]: Liquid regions will not be generated for this chunk. This may be fatal!
[31Jul2026 16:06:07.292] [DH-World Gen Thread[2]/ERROR] [bettercaves/]: Better Caves expected a ServerLevel, but got: com.seibel.distanthorizons.common.wrappers.worldGeneration.mimicObject.DhLitWorldGenRegion_forge
[31Jul2026 16:06:07.292] [DH-World Gen Thread[2]/ERROR] [bettercaves/]: Liquid regions will not be generated for this chunk. This may be fatal!
[31Jul2026 16:06:07.353] [DH-World Gen Thread[1]/ERROR] [bettercaves/]: Better Caves expected a ServerLevel, but got: com.seibel.distanthorizons.common.wrappers.worldGeneration.mimicObject.DhLitWorldGenRegion_forge
[31Jul2026 16:06:07.353] [DH-World Gen Thread[1]/ERROR] [bettercaves/]: Liquid regions will not be generated for this chunk. This may be fatal!
[31Jul2026 16:06:07.354] [DH-World Gen Thread[1]/ERROR] [bettercaves/]: Better Caves expected a ServerLevel, but got: com.seibel.distanthorizons.common.wrappers.worldGeneration.mimicObject.DhLitWorldGenRegion_forge
[31Jul2026 16:06:07.354] [DH-World Gen Thread[1]/ERROR] [bettercaves/]: Liquid regions will not be generated for this chunk. This may be fatal!
[31Jul2026 16:06:07.355] [DH-World Gen Thread[1]/ERROR] [bettercaves/]: Better Caves expected a ServerLevel, but got: com.seibel.distanthorizons.common.wrappers.worldGeneration.mimicObject.DhLitWorldGenRegion_forge
[31Jul2026 16:06:07.355] [DH-World Gen Thread[1]/ERROR] [bettercaves/]: Liquid regions will not be generated for this chunk. This may be fatal!
[31Jul2026 16:06:07.355] [DH-World Gen Thread[1]/ERROR] [bettercaves/]: Better Caves expected a ServerLevel, but got: com.seibel.distanthorizons.common.wrappers.worldGeneration.mimicObject.DhLitWorldGenRegion_forge
[31Jul2026 16:06:07.356] [DH-World Gen Thread[1]/ERROR] [bettercaves/]: Liquid regions will not be generated for this chunk. This may be fatal!
[31Jul2026 16:06:07.356] [DH-World Gen Thread[1]/ERROR] [bettercaves/]: Better Caves expected a ServerLevel, but got: com.seibel.distanthorizons.common.wrappers.worldGeneration.mimicObject.DhLitWorldGenRegion_forge
[31Jul2026 16:06:07.359] [DH-World Gen Thread[1]/ERROR] [bettercaves/]: Liquid regions will not be generated for this chunk. This may be fatal!
[31Jul2026 16:06:07.359] [DH-World Gen Thread[1]/ERROR] [bettercaves/]: Better Caves expected a ServerLevel, but got: com.seibel.distanthorizons.common.wrappers.worldGeneration.mimicObject.DhLitWorldGenRegion_forge
[31Jul2026 16:06:07.360] [DH-World Gen Thread[1]/ERROR] [bettercaves/]: Liquid regions will not be generated for this chunk. This may be fatal!
[31Jul2026 16:06:07.360] [DH-World Gen Thread[1]/ERROR] [bettercaves/]: Better Caves expected a ServerLevel, but got: com.seibel.distanthorizons.common.wrappers.worldGeneration.mimicObject.DhLitWorldGenRegion_forge
[31Jul2026 16:06:07.360] [DH-World Gen Thread[1]/ERROR] [bettercaves/]: Liquid regions will not be generated for this chunk. This may be fatal!
[31Jul2026 16:06:07.360] [DH-World Gen Thread[1]/ERROR] [bettercaves/]: Better Caves expected a ServerLevel, but got: com.seibel.distanthorizons.common.wrappers.worldGeneration.mimicObject.DhLitWorldGenRegion_forge
[31Jul2026 16:06:07.360] [DH-World Gen Thread[1]/ERROR] [bettercaves/]: Liquid regions will not be generated for this chunk. This may be fatal!
[31Jul2026 16:06:07.360] [DH-World Gen Thread[1]/ERROR] [bettercaves/]: Better Caves expected a ServerLevel, but got: com.seibel.distanthorizons.common.wrappers.worldGeneration.mimicObject.DhLitWorldGenRegion_forge
[31Jul2026 16:06:07.360] [DH-World Gen Thread[1]/ERROR] [bettercaves/]: Liquid regions will not be generated for this chunk. This may be fatal!
[31Jul2026 16:06:07.360] [DH-World Gen Thread[0]/ERROR] [bettercaves/]: Better Caves expected a ServerLevel, but got: com.seibel.distanthorizons.common.wrappers.worldGeneration.mimicObject.DhLitWorldGenRegion_forge
[31Jul2026 16:06:07.360] [DH-World Gen Thread[0]/ERROR] [bettercaves/]: Liquid regions will not be generated for this chunk. This may be fatal!
[31Jul2026 16:06:07.361] [DH-World Gen Thread[0]/ERROR] [bettercaves/]: Better Caves expected a ServerLevel, but got: com.seibel.distanthorizons.common.wrappers.worldGeneration.mimicObject.DhLitWorldGenRegion_forge
[31Jul2026 16:06:07.361] [DH-World Gen Thread[0]/ERROR] [bettercaves/]: Liquid regions will not be generated for this chunk. This may be fatal!
[31Jul2026 16:06:07.361] [DH-World Gen Thread[0]/ERROR] [bettercaves/]: Better Caves expected a ServerLevel, but got: com.seibel.distanthorizons.common.wrappers.worldGeneration.mimicObject.DhLitWorldGenRegion_forge
[31Jul2026 16:06:07.361] [DH-World Gen Thread[0]/ERROR] [bettercaves/]: Liquid regions will not be generated for this chunk. This may be fatal!
[31Jul2026 16:06:07.371] [DH-World Gen Thread[0]/ERROR] [bettercaves/]: Better Caves expected a ServerLevel, but got: com.seibel.distanthorizons.common.wrappers.worldGeneration.mimicObject.DhLitWorldGenRegion_forge
[31Jul2026 16:06:07.371] [DH-World Gen Thread[0]/ERROR] [bettercaves/]: Liquid regions will not be generated for this chunk. This may be fatal!
[31Jul2026 16:06:07.372] [DH-World Gen Thread[0]/ERROR] [bettercaves/]: Better Caves expected a ServerLevel, but got: com.seibel.distanthorizons.common.wrappers.worldGeneration.mimicObject.DhLitWorldGenRegion_forge
[31Jul2026 16:06:07.372] [DH-World Gen Thread[0]/ERROR] [bettercaves/]: Liquid regions will not be generated for this chunk. This may be fatal!
[31Jul2026 16:06:07.372] [DH-World Gen Thread[0]/ERROR] [bettercaves/]: Better Caves expected a ServerLevel, but got: com.seibel.distanthorizons.common.wrappers.worldGeneration.mimicObject.DhLitWorldGenRegion_forge
[31Jul2026 16:06:07.372] [DH-World Gen Thread[0]/ERROR] [bettercaves/]: Liquid regions will not be generated for this chunk. This may be fatal!
[31Jul2026 16:06:07.372] [DH-World Gen Thread[0]/ERROR] [bettercaves/]: Better Caves expected a ServerLevel, but got: com.seibel.distanthorizons.common.wrappers.worldGeneration.mimicObject.DhLitWorldGenRegion_forge
[31Jul2026 16:06:07.372] [DH-World Gen Thread[0]/ERROR] [bettercaves/]: Liquid regions will not be generated for this chunk. This may be fatal!
[31Jul2026 16:06:07.377] [DH-World Gen Thread[0]/ERROR] [bettercaves/]: Better Caves expected a ServerLevel, but got: com.seibel.distanthorizons.common.wrappers.worldGeneration.mimicObject.DhLitWorldGenRegion_forge
[31Jul2026 16:06:07.377] [DH-World Gen Thread[0]/ERROR] [bettercaves/]: Liquid regions will not be generated for this chunk. This may be fatal!
[31Jul2026 16:06:07.377] [DH-World Gen Thread[0]/ERROR] [bettercaves/]: Better Caves expected a ServerLevel, but got: com.seibel.distanthorizons.common.wrappers.worldGeneration.mimicObject.DhLitWorldGenRegion_forge
[31Jul2026 16:06:07.377] [DH-World Gen Thread[0]/ERROR] [bettercaves/]: Liquid regions will not be generated for this chunk. This may be fatal!
[31Jul2026 16:06:07.686] [DH-World Gen Thread[3]/ERROR] [bettercaves/]: Better Caves expected a ServerLevel, but got: com.seibel.distanthorizons.common.wrappers.worldGeneration.mimicObject.DhLitWorldGenRegion_forge
[31Jul2026 16:06:07.691] [DH-World Gen Thread[3]/ERROR] [bettercaves/]: Liquid regions will not be generated for this chunk. This may be fatal!
[31Jul2026 16:06:08.107] [DH-World Gen Thread[2]/ERROR] [bettercaves/]: Better Caves expected a ServerLevel, but got: com.seibel.distanthorizons.common.wrappers.worldGeneration.mimicObject.DhLitWorldGenRegion_forge
[31Jul2026 16:06:08.128] [DH-World Gen Thread[2]/ERROR] [bettercaves/]: Liquid regions will not be generated for this chunk. This may be fatal!
[31Jul2026 16:06:09.043] [DH-World Gen Thread[5]/ERROR] [bettercaves/]: Better Caves expected a ServerLevel, but got: com.seibel.distanthorizons.common.wrappers.worldGeneration.mimicObject.DhLitWorldGenRegion_forge
[31Jul2026 16:06:09.043] [DH-World Gen Thread[5]/ERROR] [bettercaves/]: Liquid regions will not be generated for this chunk. This may be fatal!
[31Jul2026 16:06:09.044] [DH-World Gen Thread[5]/ERROR] [bettercaves/]: Better Caves expected a ServerLevel, but got: com.seibel.distanthorizons.common.wrappers.worldGeneration.mimicObject.DhLitWorldGenRegion_forge
[31Jul2026 16:06:09.044] [DH-World Gen Thread[5]/ERROR] [bettercaves/]: Liquid regions will not be generated for this chunk. This may be fatal!
[31Jul2026 16:06:09.044] [DH-World Gen Thread[5]/ERROR] [bettercaves/]: Better Caves expected a ServerLevel, but got: com.seibel.distanthorizons.common.wrappers.worldGeneration.mimicObject.DhLitWorldGenRegion_forge
[31Jul2026 16:06:09.044] [DH-World Gen Thread[5]/ERROR] [bettercaves/]: Liquid regions will not be generated for this chunk. This may be fatal!
[31Jul2026 16:06:09.230] [DH-World Gen Thread[4]/ERROR] [bettercaves/]: Better Caves expected a ServerLevel, but got: com.seibel.distanthorizons.common.wrappers.worldGeneration.mimicObject.DhLitWorldGenRegion_forge
[31Jul2026 16:06:09.328] [DH-World Gen Thread[4]/ERROR] [bettercaves/]: Liquid regions will not be generated for this chunk. This may be fatal!
[31Jul2026 16:06:09.421] [DH-World Gen Thread[4]/ERROR] [bettercaves/]: Better Caves expected a ServerLevel, but got: com.seibel.distanthorizons.common.wrappers.worldGeneration.mimicObject.DhLitWorldGenRegion_forge
[31Jul2026 16:06:09.449] [DH-World Gen Thread[4]/ERROR] [bettercaves/]: Liquid regions will not be generated for this chunk. This may be fatal!
[31Jul2026 16:06:09.459] [DH-World Gen Thread[4]/ERROR] [bettercaves/]: Better Caves expected a ServerLevel, but got: com.seibel.distanthorizons.common.wrappers.worldGeneration.mimicObject.DhLitWorldGenRegion_forge
[31Jul2026 16:06:09.460] [DH-World Gen Thread[4]/ERROR] [bettercaves/]: Liquid regions will not be generated for this chunk. This may be fatal!
[31Jul2026 16:06:09.470] [DH-World Gen Thread[1]/ERROR] [bettercaves/]: Better Caves expected a ServerLevel, but got: com.seibel.distanthorizons.common.wrappers.worldGeneration.mimicObject.DhLitWorldGenRegion_forge
[31Jul2026 16:06:09.521] [DH-World Gen Thread[1]/ERROR] [bettercaves/]: Liquid regions will not be generated for this chunk. This may be fatal!
[31Jul2026 16:06:09.534] [DH-World Gen Thread[1]/ERROR] [bettercaves/]: Better Caves expected a ServerLevel, but got: com.seibel.distanthorizons.common.wrappers.worldGeneration.mimicObject.DhLitWorldGenRegion_forge
[31Jul2026 16:06:09.539] [DH-World Gen Thread[1]/ERROR] [bettercaves/]: Liquid regions will not be generated for this chunk. This may be fatal!
[31Jul2026 16:06:09.542] [DH-World Gen Thread[1]/ERROR] [bettercaves/]: Better Caves expected a ServerLevel, but got: com.seibel.distanthorizons.common.wrappers.worldGeneration.mimicObject.DhLitWorldGenRegion_forge
[31Jul2026 16:06:09.549] [DH-World Gen Thread[1]/ERROR] [bettercaves/]: Liquid regions will not be generated for this chunk. This may be fatal!
[31Jul2026 16:06:09.579] [DH-World Gen Thread[0]/ERROR] [bettercaves/]: Better Caves expected a ServerLevel, but got: com.seibel.distanthorizons.common.wrappers.worldGeneration.mimicObject.DhLitWorldGenRegion_forge
[31Jul2026 16:06:09.580] [DH-World Gen Thread[0]/ERROR] [bettercaves/]: Liquid regions will not be generated for this chunk. This may be fatal!
[31Jul2026 16:06:09.580] [DH-World Gen Thread[0]/ERROR] [bettercaves/]: Better Caves expected a ServerLevel, but got: com.seibel.distanthorizons.common.wrappers.worldGeneration.mimicObject.DhLitWorldGenRegion_forge
[31Jul2026 16:06:09.582] [DH-World Gen Thread[0]/ERROR] [bettercaves/]: Liquid regions will not be generated for this chunk. This may be fatal!
[31Jul2026 16:06:09.582] [DH-World Gen Thread[0]/ERROR] [bettercaves/]: Better Caves expected a ServerLevel, but got: com.seibel.distanthorizons.common.wrappers.worldGeneration.mimicObject.DhLitWorldGenRegion_forge
[31Jul2026 16:06:09.582] [DH-World Gen Thread[0]/ERROR] [bettercaves/]: Liquid regions will not be generated for this chunk. This may be fatal!
[31Jul2026 16:06:09.712] [DH-World Gen Thread[5]/ERROR] [bettercaves/]: Better Caves expected a ServerLevel, but got: com.seibel.distanthorizons.common.wrappers.worldGeneration.mimicObject.DhLitWorldGenRegion_forge
[31Jul2026 16:06:09.713] [DH-World Gen Thread[5]/ERROR] [bettercaves/]: Liquid regions will not be generated for this chunk. This may be fatal!
[31Jul2026 16:06:09.714] [DH-World Gen Thread[5]/ERROR] [bettercaves/]: Better Caves expected a ServerLevel, but got: com.seibel.distanthorizons.common.wrappers.worldGeneration.mimicObject.DhLitWorldGenRegion_forge
[31Jul2026 16:06:09.714] [DH-World Gen Thread[5]/ERROR] [bettercaves/]: Liquid regions will not be generated for this chunk. This may be fatal!
[31Jul2026 16:06:09.715] [DH-World Gen Thread[5]/ERROR] [bettercaves/]: Better Caves expected a ServerLevel, but got: com.seibel.distanthorizons.common.wrappers.worldGeneration.mimicObject.DhLitWorldGenRegion_forge
[31Jul2026 16:06:09.715] [DH-World Gen Thread[5]/ERROR] [bettercaves/]: Liquid regions will not be generated for this chunk. This may be fatal!
[31Jul2026 16:06:09.992] [DH-World Gen Thread[4]/ERROR] [bettercaves/]: Better Caves expected a ServerLevel, but got: com.seibel.distanthorizons.common.wrappers.worldGeneration.mimicObject.DhLitWorldGenRegion_forge
[31Jul2026 16:06:10.000] [DH-World Gen Thread[4]/ERROR] [bettercaves/]: Liquid regions will not be generated for this chunk. This may be fatal!
[31Jul2026 16:06:10.005] [DH-World Gen Thread[4]/ERROR] [bettercaves/]: Better Caves expected a ServerLevel, but got: com.seibel.distanthorizons.common.wrappers.worldGeneration.mimicObject.DhLitWorldGenRegion_forge
[31Jul2026 16:06:10.005] [DH-World Gen Thread[4]/ERROR] [bettercaves/]: Liquid regions will not be generated for this chunk. This may be fatal!
[31Jul2026 16:06:10.005] [DH-World Gen Thread[4]/ERROR] [bettercaves/]: Better Caves expected a ServerLevel, but got: com.seibel.distanthorizons.common.wrappers.worldGeneration.mimicObject.DhLitWorldGenRegion_forge
[31Jul2026 16:06:10.005] [DH-World Gen Thread[4]/ERROR] [bettercaves/]: Liquid regions will not be generated for this chunk. This may be fatal!
[31Jul2026 16:06:10.227] [DH-World Gen Thread[0]/ERROR] [bettercaves/]: Better Caves expected a ServerLevel, but got: com.seibel.distanthorizons.common.wrappers.worldGeneration.mimicObject.DhLitWorldGenRegion_forge
[31Jul2026 16:06:10.257] [DH-World Gen Thread[0]/ERROR] [bettercaves/]: Liquid regions will not be generated for this chunk. This may be fatal!
[31Jul2026 16:06:10.257] [DH-World Gen Thread[0]/ERROR] [bettercaves/]: Better Caves expected a ServerLevel, but got: com.seibel.distanthorizons.common.wrappers.worldGeneration.mimicObject.DhLitWorldGenRegion_forge
[31Jul2026 16:06:10.257] [DH-World Gen Thread[0]/ERROR] [bettercaves/]: Liquid regions will not be generated for this chunk. This may be fatal!
[31Jul2026 16:06:10.257] [DH-World Gen Thread[0]/ERROR] [bettercaves/]: Better Caves expected a ServerLevel, but got: com.seibel.distanthorizons.common.wrappers.worldGeneration.mimicObject.DhLitWorldGenRegion_forge
[31Jul2026 16:06:10.257] [DH-World Gen Thread[0]/ERROR] [bettercaves/]: Liquid regions will not be generated for this chunk. This may be fatal!
[31Jul2026 16:06:10.290] [DH-World Gen Thread[1]/ERROR] [bettercaves/]: Better Caves expected a ServerLevel, but got: com.seibel.distanthorizons.common.wrappers.worldGeneration.mimicObject.DhLitWorldGenRegion_forge
[31Jul2026 16:06:10.291] [DH-World Gen Thread[1]/ERROR] [bettercaves/]: Liquid regions will not be generated for this chunk. This may be fatal!
[31Jul2026 16:06:10.307] [DH-World Gen Thread[1]/ERROR] [bettercaves/]: Better Caves expected a ServerLevel, but got: com.seibel.distanthorizons.common.wrappers.worldGeneration.mimicObject.DhLitWorldGenRegion_forge
[31Jul2026 16:06:10.333] [DH-World Gen Thread[1]/ERROR] [bettercaves/]: Liquid regions will not be generated for this chunk. This may be fatal!
[31Jul2026 16:06:10.333] [DH-World Gen Thread[1]/ERROR] [bettercaves/]: Better Caves expected a ServerLevel, but got: com.seibel.distanthorizons.common.wrappers.worldGeneration.mimicObject.DhLitWorldGenRegion_forge
[31Jul2026 16:06:10.335] [DH-World Gen Thread[1]/ERROR] [bettercaves/]: Liquid regions will not be generated for this chunk. This may be fatal!
[31Jul2026 16:06:10.347] [DH-World Gen Thread[5]/ERROR] [bettercaves/]: Better Caves expected a ServerLevel, but got: com.seibel.distanthorizons.common.wrappers.worldGeneration.mimicObject.DhLitWorldGenRegion_forge
[31Jul2026 16:06:10.347] [DH-World Gen Thread[5]/ERROR] [bettercaves/]: Liquid regions will not be generated for this chunk. This may be fatal!
[31Jul2026 16:06:10.583] [DH-World Gen Thread[4]/ERROR] [bettercaves/]: Better Caves expected a ServerLevel, but got: com.seibel.distanthorizons.common.wrappers.worldGeneration.mimicObject.DhLitWorldGenRegion_forge
[31Jul2026 16:06:10.604] [DH-World Gen Thread[4]/ERROR] [bettercaves/]: Liquid regions will not be generated for this chunk. This may be fatal!
[31Jul2026 16:06:10.803] [DH-World Gen Thread[0]/ERROR] [bettercaves/]: Better Caves expected a ServerLevel, but got: com.seibel.distanthorizons.common.wrappers.worldGeneration.mimicObject.DhLitWorldGenRegion_forge
[31Jul2026 16:06:10.816] [DH-World Gen Thread[0]/ERROR] [bettercaves/]: Liquid regions will not be generated for this chunk. This may be fatal!
[31Jul2026 16:06:10.840] [DH-World Gen Thread[1]/ERROR] [bettercaves/]: Better Caves expected a ServerLevel, but got: com.seibel.distanthorizons.common.wrappers.worldGeneration.mimicObject.DhLitWorldGenRegion_forge
[31Jul2026 16:06:10.841] [DH-World Gen Thread[1]/ERROR] [bettercaves/]: Liquid regions will not be generated for this chunk. This may be fatal!
[31Jul2026 16:06:11.936] [DH-World Gen Thread[3]/ERROR] [bettercaves/]: Better Caves expected a ServerLevel, but got: com.seibel.distanthorizons.common.wrappers.worldGeneration.mimicObject.DhLitWorldGenRegion_forge
[31Jul2026 16:06:11.936] [DH-World Gen Thread[3]/ERROR] [bettercaves/]: Liquid regions will not be generated for this chunk. This may be fatal!
[31Jul2026 16:06:11.936] [DH-World Gen Thread[3]/ERROR] [bettercaves/]: Better Caves expected a ServerLevel, but got: com.seibel.distanthorizons.common.wrappers.worldGeneration.mimicObject.DhLitWorldGenRegion_forge
[31Jul2026 16:06:11.936] [DH-World Gen Thread[3]/ERROR] [bettercaves/]: Liquid regions will not be generated for this chunk. This may be fatal!
[31Jul2026 16:06:11.936] [DH-World Gen Thread[3]/ERROR] [bettercaves/]: Better Caves expected a ServerLevel, but got: com.seibel.distanthorizons.common.wrappers.worldGeneration.mimicObject.DhLitWorldGenRegion_forge
[31Jul2026 16:06:11.936] [DH-World Gen Thread[3]/ERROR] [bettercaves/]: Liquid regions will not be generated for this chunk. This may be fatal!
[31Jul2026 16:06:11.937] [DH-World Gen Thread[3]/ERROR] [bettercaves/]: Better Caves expected a ServerLevel, but got: com.seibel.distanthorizons.common.wrappers.worldGeneration.mimicObject.DhLitWorldGenRegion_forge
[31Jul2026 16:06:11.937] [DH-World Gen Thread[3]/ERROR] [bettercaves/]: Liquid regions will not be generated for this chunk. This may be fatal!
[31Jul2026 16:06:11.937] [DH-World Gen Thread[3]/ERROR] [bettercaves/]: Better Caves expected a ServerLevel, but got: com.seibel.distanthorizons.common.wrappers.worldGeneration.mimicObject.DhLitWorldGenRegion_forge
[31Jul2026 16:06:11.937] [DH-World Gen Thread[3]/ERROR] [bettercaves/]: Liquid regions will not be generated for this chunk. This may be fatal!
[31Jul2026 16:06:11.937] [DH-World Gen Thread[3]/ERROR] [bettercaves/]: Better Caves expected a ServerLevel, but got: com.seibel.distanthorizons.common.wrappers.worldGeneration.mimicObject.DhLitWorldGenRegion_forge
[31Jul2026 16:06:11.937] [DH-World Gen Thread[3]/ERROR] [bettercaves/]: Liquid regions will not be generated for this chunk. This may be fatal!
[31Jul2026 16:06:11.937] [DH-World Gen Thread[3]/ERROR] [bettercaves/]: Better Caves expected a ServerLevel, but got: com.seibel.distanthorizons.common.wrappers.worldGeneration.mimicObject.DhLitWorldGenRegion_forge
[31Jul2026 16:06:11.937] [DH-World Gen Thread[3]/ERROR] [bettercaves/]: Liquid regions will not be generated for this chunk. This may be fatal!
[31Jul2026 16:06:11.941] [DH-World Gen Thread[3]/ERROR] [bettercaves/]: Better Caves expected a ServerLevel, but got: com.seibel.distanthorizons.common.wrappers.worldGeneration.mimicObject.DhLitWorldGenRegion_forge
[31Jul2026 16:06:11.944] [DH-World Gen Thread[3]/ERROR] [bettercaves/]: Liquid regions will not be generated for this chunk. This may be fatal!
[31Jul2026 16:06:11.945] [DH-World Gen Thread[3]/ERROR] [bettercaves/]: Better Caves expected a ServerLevel, but got: com.seibel.distanthorizons.common.wrappers.worldGeneration.mimicObject.DhLitWorldGenRegion_forge
[31Jul2026 16:06:11.946] [DH-World Gen Thread[3]/ERROR] [bettercaves/]: Liquid regions will not be generated for this chunk. This may be fatal!
[31Jul2026 16:06:11.949] [DH-World Gen Thread[2]/ERROR] [bettercaves/]: Better Caves expected a ServerLevel, but got: com.seibel.distanthorizons.common.wrappers.worldGeneration.mimicObject.DhLitWorldGenRegion_forge
[31Jul2026 16:06:11.952] [DH-World Gen Thread[2]/ERROR] [bettercaves/]: Liquid regions will not be generated for this chunk. This may be fatal!
[31Jul2026 16:06:11.955] [DH-World Gen Thread[2]/ERROR] [bettercaves/]: Better Caves expected a ServerLevel, but got: com.seibel.distanthorizons.common.wrappers.worldGeneration.mimicObject.DhLitWorldGenRegion_forge
[31Jul2026 16:06:11.956] [DH-World Gen Thread[2]/ERROR] [bettercaves/]: Liquid regions will not be generated for this chunk. This may be fatal!
[31Jul2026 16:06:11.956] [DH-World Gen Thread[2]/ERROR] [bettercaves/]: Better Caves expected a ServerLevel, but got: com.seibel.distanthorizons.common.wrappers.worldGeneration.mimicObject.DhLitWorldGenRegion_forge
[31Jul2026 16:06:11.956] [DH-World Gen Thread[2]/ERROR] [bettercaves/]: Liquid regions will not be generated for this chunk. This may be fatal!
[31Jul2026 16:06:11.969] [DH-World Gen Thread[2]/ERROR] [bettercaves/]: Better Caves expected a ServerLevel, but got: com.seibel.distanthorizons.common.wrappers.worldGeneration.mimicObject.DhLitWorldGenRegion_forge
[31Jul2026 16:06:11.969] [DH-World Gen Thread[2]/ERROR] [bettercaves/]: Liquid regions will not be generated for this chunk. This may be fatal!
[31Jul2026 16:06:11.969] [DH-World Gen Thread[2]/ERROR] [bettercaves/]: Better Caves expected a ServerLevel, but got: com.seibel.distanthorizons.common.wrappers.worldGeneration.mimicObject.DhLitWorldGenRegion_forge
[31Jul2026 16:06:11.969] [DH-World Gen Thread[2]/ERROR] [bettercaves/]: Liquid regions will not be generated for this chunk. This may be fatal!
[31Jul2026 16:06:11.969] [DH-World Gen Thread[2]/ERROR] [bettercaves/]: Better Caves expected a ServerLevel, but got: com.seibel.distanthorizons.common.wrappers.worldGeneration.mimicObject.DhLitWorldGenRegion_forge
[31Jul2026 16:06:11.969] [DH-World Gen Thread[2]/ERROR] [bettercaves/]: Liquid regions will not be generated for this chunk. This may be fatal!
[31Jul2026 16:06:11.969] [DH-World Gen Thread[2]/ERROR] [bettercaves/]: Better Caves expected a ServerLevel, but got: com.seibel.distanthorizons.common.wrappers.worldGeneration.mimicObject.DhLitWorldGenRegion_forge
[31Jul2026 16:06:11.969] [DH-World Gen Thread[2]/ERROR] [bettercaves/]: Liquid regions will not be generated for this chunk. This may be fatal!
[31Jul2026 16:06:11.969] [DH-World Gen Thread[2]/ERROR] [bettercaves/]: Better Caves expected a ServerLevel, but got: com.seibel.distanthorizons.common.wrappers.worldGeneration.mimicObject.DhLitWorldGenRegion_forge
[31Jul2026 16:06:11.969] [DH-World Gen Thread[2]/ERROR] [bettercaves/]: Liquid regions will not be generated for this chunk. This may be fatal!
[31Jul2026 16:06:11.970] [DH-World Gen Thread[2]/ERROR] [bettercaves/]: Better Caves expected a ServerLevel, but got: com.seibel.distanthorizons.common.wrappers.worldGeneration.mimicObject.DhLitWorldGenRegion_forge
[31Jul2026 16:06:11.972] [DH-World Gen Thread[2]/ERROR] [bettercaves/]: Liquid regions will not be generated for this chunk. This may be fatal!
[31Jul2026 16:06:11.972] [DH-World Gen Thread[5]/ERROR] [bettercaves/]: Better Caves expected a ServerLevel, but got: com.seibel.distanthorizons.common.wrappers.worldGeneration.mimicObject.DhLitWorldGenRegion_forge
[31Jul2026 16:06:11.973] [DH-World Gen Thread[5]/ERROR] [bettercaves/]: Liquid regions will not be generated for this chunk. This may be fatal!
[31Jul2026 16:06:11.973] [DH-World Gen Thread[5]/ERROR] [bettercaves/]: Better Caves expected a ServerLevel, but got: com.seibel.distanthorizons.common.wrappers.worldGeneration.mimicObject.DhLitWorldGenRegion_forge
[31Jul2026 16:06:11.973] [DH-World Gen Thread[5]/ERROR] [bettercaves/]: Liquid regions will not be generated for this chunk. This may be fatal!
[31Jul2026 16:06:12.022] [DH-World Gen Thread[5]/ERROR] [bettercaves/]: Better Caves expected a ServerLevel, but got: com.seibel.distanthorizons.common.wrappers.worldGeneration.mimicObject.DhLitWorldGenRegion_forge
[31Jul2026 16:06:12.022] [DH-World Gen Thread[5]/ERROR] [bettercaves/]: Liquid regions will not be generated for this chunk. This may be fatal!
[31Jul2026 16:06:12.022] [DH-World Gen Thread[5]/ERROR] [bettercaves/]: Better Caves expected a ServerLevel, but got: com.seibel.distanthorizons.common.wrappers.worldGeneration.mimicObject.DhLitWorldGenRegion_forge
[31Jul2026 16:06:12.022] [DH-World Gen Thread[5]/ERROR] [bettercaves/]: Liquid regions will not be generated for this chunk. This may be fatal!
[31Jul2026 16:06:12.023] [DH-World Gen Thread[5]/ERROR] [bettercaves/]: Better Caves expected a ServerLevel, but got: com.seibel.distanthorizons.common.wrappers.worldGeneration.mimicObject.DhLitWorldGenRegion_forge
[31Jul2026 16:06:12.023] [DH-World Gen Thread[5]/ERROR] [bettercaves/]: Liquid regions will not be generated for this chunk. This may be fatal!
[31Jul2026 16:06:12.023] [DH-World Gen Thread[5]/ERROR] [bettercaves/]: Better Caves expected a ServerLevel, but got: com.seibel.distanthorizons.common.wrappers.worldGeneration.mimicObject.DhLitWorldGenRegion_forge
[31Jul2026 16:06:12.023] [DH-World Gen Thread[5]/ERROR] [bettercaves/]: Liquid regions will not be generated for this chunk. This may be fatal!
[31Jul2026 16:06:12.023] [DH-World Gen Thread[5]/ERROR] [bettercaves/]: Better Caves expected a ServerLevel, but got: com.seibel.distanthorizons.common.wrappers.worldGeneration.mimicObject.DhLitWorldGenRegion_forge
[31Jul2026 16:06:12.023] [DH-World Gen Thread[5]/ERROR] [bettercaves/]: Liquid regions will not be generated for this chunk. This may be fatal!
[31Jul2026 16:06:12.023] [DH-World Gen Thread[5]/ERROR] [bettercaves/]: Better Caves expected a ServerLevel, but got: com.seibel.distanthorizons.common.wrappers.worldGeneration.mimicObject.DhLitWorldGenRegion_forge
[31Jul2026 16:06:12.023] [DH-World Gen Thread[5]/ERROR] [bettercaves/]: Liquid regions will not be generated for this chunk. This may be fatal!
[31Jul2026 16:06:12.023] [DH-World Gen Thread[4]/ERROR] [bettercaves/]: Better Caves expected a ServerLevel, but got: com.seibel.distanthorizons.common.wrappers.worldGeneration.mimicObject.DhLitWorldGenRegion_forge
[31Jul2026 16:06:12.023] [DH-World Gen Thread[4]/ERROR] [bettercaves/]: Liquid regions will not be generated for this chunk. This may be fatal!
[31Jul2026 16:06:12.023] [DH-World Gen Thread[4]/ERROR] [bettercaves/]: Better Caves expected a ServerLevel, but got: com.seibel.distanthorizons.common.wrappers.worldGeneration.mimicObject.DhLitWorldGenRegion_forge
[31Jul2026 16:06:12.024] [DH-World Gen Thread[4]/ERROR] [bettercaves/]: Liquid regions will not be generated for this chunk. This may be fatal!
[31Jul2026 16:06:12.024] [DH-World Gen Thread[4]/ERROR] [bettercaves/]: Better Caves expected a ServerLevel, but got: com.seibel.distanthorizons.common.wrappers.worldGeneration.mimicObject.DhLitWorldGenRegion_forge
[31Jul2026 16:06:12.024] [DH-World Gen Thread[4]/ERROR] [bettercaves/]: Liquid regions will not be generated for this chunk. This may be fatal!
[31Jul2026 16:06:12.024] [DH-World Gen Thread[4]/ERROR] [bettercaves/]: Better Caves expected a ServerLevel, but got: com.seibel.distanthorizons.common.wrappers.worldGeneration.mimicObject.DhLitWorldGenRegion_forge
[31Jul2026 16:06:12.024] [DH-World Gen Thread[4]/ERROR] [bettercaves/]: Liquid regions will not be generated for this chunk. This may be fatal!
[31Jul2026 16:06:12.024] [DH-World Gen Thread[4]/ERROR] [bettercaves/]: Better Caves expected a ServerLevel, but got: com.seibel.distanthorizons.common.wrappers.worldGeneration.mimicObject.DhLitWorldGenRegion_forge
[31Jul2026 16:06:12.024] [DH-World Gen Thread[4]/ERROR] [bettercaves/]: Liquid regions will not be generated for this chunk. This may be fatal!
[31Jul2026 16:06:12.034] [DH-World Gen Thread[4]/ERROR] [bettercaves/]: Better Caves expected a ServerLevel, but got: com.seibel.distanthorizons.common.wrappers.worldGeneration.mimicObject.DhLitWorldGenRegion_forge
[31Jul2026 16:06:12.034] [DH-World Gen Thread[4]/ERROR] [bettercaves/]: Liquid regions will not be generated for this chunk. This may be fatal!
[31Jul2026 16:06:12.034] [DH-World Gen Thread[4]/ERROR] [bettercaves/]: Better Caves expected a ServerLevel, but got: com.seibel.distanthorizons.common.wrappers.worldGeneration.mimicObject.DhLitWorldGenRegion_forge
[31Jul2026 16:06:12.036] [DH-World Gen Thread[4]/ERROR] [bettercaves/]: Liquid regions will not be generated for this chunk. This may be fatal!
[31Jul2026 16:06:12.037] [DH-World Gen Thread[4]/ERROR] [bettercaves/]: Better Caves expected a ServerLevel, but got: com.seibel.distanthorizons.common.wrappers.worldGeneration.mimicObject.DhLitWorldGenRegion_forge
[31Jul2026 16:06:12.037] [DH-World Gen Thread[4]/ERROR] [bettercaves/]: Liquid regions will not be generated for this chunk. This may be fatal!
[31Jul2026 16:06:12.037] [DH-World Gen Thread[4]/ERROR] [bettercaves/]: Better Caves expected a ServerLevel, but got: com.seibel.distanthorizons.common.wrappers.worldGeneration.mimicObject.DhLitWorldGenRegion_forge
[31Jul2026 16:06:12.037] [DH-World Gen Thread[4]/ERROR] [bettercaves/]: Liquid regions will not be generated for this chunk. This may be fatal!
[31Jul2026 16:06:12.037] [DH-World Gen Thread[1]/ERROR] [bettercaves/]: Better Caves expected a ServerLevel, but got: com.seibel.distanthorizons.common.wrappers.worldGeneration.mimicObject.DhLitWorldGenRegion_forge
[31Jul2026 16:06:12.037] [DH-World Gen Thread[1]/ERROR] [bettercaves/]: Liquid regions will not be generated for this chunk. This may be fatal!
[31Jul2026 16:06:12.041] [DH-World Gen Thread[5]/ERROR] [bettercaves/]: Better Caves expected a ServerLevel, but got: com.seibel.distanthorizons.common.wrappers.worldGeneration.mimicObject.DhLitWorldGenRegion_forge
[31Jul2026 16:06:12.057] [DH-World Gen Thread[5]/ERROR] [bettercaves/]: Liquid regions will not be generated for this chunk. This may be fatal!
[31Jul2026 16:06:12.057] [DH-World Gen Thread[0]/ERROR] [bettercaves/]: Better Caves expected a ServerLevel, but got: com.seibel.distanthorizons.common.wrappers.worldGeneration.mimicObject.DhLitWorldGenRegion_forge
[31Jul2026 16:06:12.059] [DH-World Gen Thread[0]/ERROR] [bettercaves/]: Liquid regions will not be generated for this chunk. This may be fatal!
[31Jul2026 16:06:12.059] [DH-World Gen Thread[0]/ERROR] [bettercaves/]: Better Caves expected a ServerLevel, but got: com.seibel.distanthorizons.common.wrappers.worldGeneration.mimicObject.DhLitWorldGenRegion_forge
[31Jul2026 16:06:12.060] [DH-World Gen Thread[0]/ERROR] [bettercaves/]: Liquid regions will not be generated for this chunk. This may be fatal!
[31Jul2026 16:06:12.062] [DH-World Gen Thread[0]/ERROR] [bettercaves/]: Better Caves expected a ServerLevel, but got: com.seibel.distanthorizons.common.wrappers.worldGeneration.mimicObject.DhLitWorldGenRegion_forge
[31Jul2026 16:06:12.062] [DH-World Gen Thread[0]/ERROR] [bettercaves/]: Liquid regions will not be generated for this chunk. This may be fatal!
[31Jul2026 16:06:12.062] [DH-World Gen Thread[0]/ERROR] [bettercaves/]: Better Caves expected a ServerLevel, but got: com.seibel.distanthorizons.common.wrappers.worldGeneration.mimicObject.DhLitWorldGenRegion_forge
[31Jul2026 16:06:12.062] [DH-World Gen Thread[0]/ERROR] [bettercaves/]: Liquid regions will not be generated for this chunk. This may be fatal!
[31Jul2026 16:06:12.062] [DH-World Gen Thread[0]/ERROR] [bettercaves/]: Better Caves expected a ServerLevel, but got: com.seibel.distanthorizons.common.wrappers.worldGeneration.mimicObject.DhLitWorldGenRegion_forge
[31Jul2026 16:06:12.062] [DH-World Gen Thread[0]/ERROR] [bettercaves/]: Liquid regions will not be generated for this chunk. This may be fatal!
[31Jul2026 16:06:12.062] [DH-World Gen Thread[0]/ERROR] [bettercaves/]: Better Caves expected a ServerLevel, but got: com.seibel.distanthorizons.common.wrappers.worldGeneration.mimicObject.DhLitWorldGenRegion_forge
[31Jul2026 16:06:12.062] [DH-World Gen Thread[0]/ERROR] [bettercaves/]: Liquid regions will not be generated for this chunk. This may be fatal!
[31Jul2026 16:06:12.070] [DH-World Gen Thread[0]/ERROR] [bettercaves/]: Better Caves expected a ServerLevel, but got: com.seibel.distanthorizons.common.wrappers.worldGeneration.mimicObject.DhLitWorldGenRegion_forge
[31Jul2026 16:06:12.073] [DH-World Gen Thread[0]/ERROR] [bettercaves/]: Liquid regions will not be generated for this chunk. This may be fatal!
[31Jul2026 16:06:12.073] [DH-World Gen Thread[0]/ERROR] [bettercaves/]: Better Caves expected a ServerLevel, but got: com.seibel.distanthorizons.common.wrappers.worldGeneration.mimicObject.DhLitWorldGenRegion_forge
[31Jul2026 16:06:12.073] [DH-World Gen Thread[0]/ERROR] [bettercaves/]: Liquid regions will not be generated for this chunk. This may be fatal!
[31Jul2026 16:06:12.073] [DH-World Gen Thread[0]/ERROR] [bettercaves/]: Better Caves expected a ServerLevel, but got: com.seibel.distanthorizons.common.wrappers.worldGeneration.mimicObject.DhLitWorldGenRegion_forge
[31Jul2026 16:06:12.073] [DH-World Gen Thread[0]/ERROR] [bettercaves/]: Liquid regions will not be generated for this chunk. This may be fatal!
[31Jul2026 16:06:12.073] [DH-World Gen Thread[1]/ERROR] [bettercaves/]: Better Caves expected a ServerLevel, but got: com.seibel.distanthorizons.common.wrappers.worldGeneration.mimicObject.DhLitWorldGenRegion_forge
[31Jul2026 16:06:12.074] [DH-World Gen Thread[1]/ERROR] [bettercaves/]: Liquid regions will not be generated for this chunk. This may be fatal!
[31Jul2026 16:06:12.086] [DH-World Gen Thread[1]/ERROR] [bettercaves/]: Better Caves expected a ServerLevel, but got: com.seibel.distanthorizons.common.wrappers.worldGeneration.mimicObject.DhLitWorldGenRegion_forge
[31Jul2026 16:06:12.097] [DH-World Gen Thread[1]/ERROR] [bettercaves/]: Liquid regions will not be generated for this chunk. This may be fatal!
[31Jul2026 16:06:12.100] [DH-World Gen Thread[1]/ERROR] [bettercaves/]: Better Caves expected a ServerLevel, but got: com.seibel.distanthorizons.common.wrappers.worldGeneration.mimicObject.DhLitWorldGenRegion_forge
[31Jul2026 16:06:12.104] [DH-World Gen Thread[1]/ERROR] [bettercaves/]: Liquid regions will not be generated for this chunk. This may be fatal!
[31Jul2026 16:06:12.105] [DH-World Gen Thread[1]/ERROR] [bettercaves/]: Better Caves expected a ServerLevel, but got: com.seibel.distanthorizons.common.wrappers.worldGeneration.mimicObject.DhLitWorldGenRegion_forge
[31Jul2026 16:06:12.107] [DH-World Gen Thread[1]/ERROR] [bettercaves/]: Liquid regions will not be generated for this chunk. This may be fatal!
[31Jul2026 16:06:12.107] [DH-World Gen Thread[1]/ERROR] [bettercaves/]: Better Caves expected a ServerLevel, but got: com.seibel.distanthorizons.common.wrappers.worldGeneration.mimicObject.DhLitWorldGenRegion_forge
[31Jul2026 16:06:12.107] [DH-World Gen Thread[1]/ERROR] [bettercaves/]: Liquid regions will not be generated for this chunk. This may be fatal!
[31Jul2026 16:06:12.121] [DH-World Gen Thread[1]/ERROR] [bettercaves/]: Better Caves expected a ServerLevel, but got: com.seibel.distanthorizons.common.wrappers.worldGeneration.mimicObject.DhLitWorldGenRegion_forge
[31Jul2026 16:06:12.131] [DH-World Gen Thread[1]/ERROR] [bettercaves/]: Liquid regions will not be generated for this chunk. This may be fatal!
[31Jul2026 16:06:12.132] [DH-World Gen Thread[1]/ERROR] [bettercaves/]: Better Caves expected a ServerLevel, but got: com.seibel.distanthorizons.common.wrappers.worldGeneration.mimicObject.DhLitWorldGenRegion_forge
[31Jul2026 16:06:12.157] [DH-World Gen Thread[1]/ERROR] [bettercaves/]: Liquid regions will not be generated for this chunk. This may be fatal!
[31Jul2026 16:06:12.160] [DH-World Gen Thread[1]/ERROR] [bettercaves/]: Better Caves expected a ServerLevel, but got: com.seibel.distanthorizons.common.wrappers.worldGeneration.mimicObject.DhLitWorldGenRegion_forge
[31Jul2026 16:06:12.160] [DH-World Gen Thread[1]/ERROR] [bettercaves/]: Liquid regions will not be generated for this chunk. This may be fatal!
[31Jul2026 16:06:13.437] [DH-World Gen Thread[2]/ERROR] [bettercaves/]: Better Caves expected a ServerLevel, but got: com.seibel.distanthorizons.common.wrappers.worldGeneration.mimicObject.DhLitWorldGenRegion_forge
[31Jul2026 16:06:13.437] [DH-World Gen Thread[2]/ERROR] [bettercaves/]: Liquid regions will not be generated for this chunk. This may be fatal!
[31Jul2026 16:06:13.440] [DH-World Gen Thread[2]/ERROR] [bettercaves/]: Better Caves expected a ServerLevel, but got: com.seibel.distanthorizons.common.wrappers.worldGeneration.mimicObject.DhLitWorldGenRegion_forge
[31Jul2026 16:06:13.447] [DH-World Gen Thread[2]/ERROR] [bettercaves/]: Liquid regions will not be generated for this chunk. This may be fatal!
[31Jul2026 16:06:13.447] [DH-World Gen Thread[2]/ERROR] [bettercaves/]: Better Caves expected a ServerLevel, but got: com.seibel.distanthorizons.common.wrappers.worldGeneration.mimicObject.DhLitWorldGenRegion_forge
[31Jul2026 16:06:13.447] [DH-World Gen Thread[2]/ERROR] [bettercaves/]: Liquid regions will not be generated for this chunk. This may be fatal!
[31Jul2026 16:06:13.722] [DH-World Gen Thread[4]/ERROR] [bettercaves/]: Better Caves expected a ServerLevel, but got: com.seibel.distanthorizons.common.wrappers.worldGeneration.mimicObject.DhLitWorldGenRegion_forge
[31Jul2026 16:06:13.728] [DH-World Gen Thread[4]/ERROR] [bettercaves/]: Liquid regions will not be generated for this chunk. This may be fatal!
[31Jul2026 16:06:13.734] [DH-World Gen Thread[4]/ERROR] [bettercaves/]: Better Caves expected a ServerLevel, but got: com.seibel.distanthorizons.common.wrappers.worldGeneration.mimicObject.DhLitWorldGenRegion_forge
[31Jul2026 16:06:13.735] [DH-World Gen Thread[4]/ERROR] [bettercaves/]: Liquid regions will not be generated for this chunk. This may be fatal!
[31Jul2026 16:06:13.742] [DH-World Gen Thread[4]/ERROR] [bettercaves/]: Better Caves expected a ServerLevel, but got: com.seibel.distanthorizons.common.wrappers.worldGeneration.mimicObject.DhLitWorldGenRegion_forge
[31Jul2026 16:06:13.742] [DH-World Gen Thread[4]/ERROR] [bettercaves/]: Liquid regions will not be generated for this chunk. This may be fatal!
[31Jul2026 16:06:13.819] [DH-World Gen Thread[0]/ERROR] [bettercaves/]: Better Caves expected a ServerLevel, but got: com.seibel.distanthorizons.common.wrappers.worldGeneration.mimicObject.DhLitWorldGenRegion_forge
[31Jul2026 16:06:13.819] [DH-World Gen Thread[0]/ERROR] [bettercaves/]: Liquid regions will not be generated for this chunk. This may be fatal!
[31Jul2026 16:06:13.819] [DH-World Gen Thread[0]/ERROR] [bettercaves/]: Better Caves expected a ServerLevel, but got: com.seibel.distanthorizons.common.wrappers.worldGeneration.mimicObject.DhLitWorldGenRegion_forge
[31Jul2026 16:06:13.820] [DH-World Gen Thread[0]/ERROR] [bettercaves/]: Liquid regions will not be generated for this chunk. This may be fatal!
[31Jul2026 16:06:13.820] [DH-World Gen Thread[0]/ERROR] [bettercaves/]: Better Caves expected a ServerLevel, but got: com.seibel.distanthorizons.common.wrappers.worldGeneration.mimicObject.DhLitWorldGenRegion_forge
[31Jul2026 16:06:13.820] [DH-World Gen Thread[0]/ERROR] [bettercaves/]: Liquid regions will not be generated for this chunk. This may be fatal!
[31Jul2026 16:06:13.907] [DH-World Gen Thread[5]/ERROR] [bettercaves/]: Better Caves expected a ServerLevel, but got: com.seibel.distanthorizons.common.wrappers.worldGeneration.mimicObject.DhLitWorldGenRegion_forge
[31Jul2026 16:06:13.917] [DH-World Gen Thread[5]/ERROR] [bettercaves/]: Liquid regions will not be generated for this chunk. This may be fatal!
[31Jul2026 16:06:13.935] [DH-World Gen Thread[5]/ERROR] [bettercaves/]: Better Caves expected a ServerLevel, but got: com.seibel.distanthorizons.common.wrappers.worldGeneration.mimicObject.DhLitWorldGenRegion_forge
[31Jul2026 16:06:13.939] [DH-World Gen Thread[5]/ERROR] [bettercaves/]: Liquid regions will not be generated for this chunk. This may be fatal!
[31Jul2026 16:06:13.957] [DH-World Gen Thread[5]/ERROR] [bettercaves/]: Better Caves expected a ServerLevel, but got: com.seibel.distanthorizons.common.wrappers.worldGeneration.mimicObject.DhLitWorldGenRegion_forge
[31Jul2026 16:06:13.958] [DH-World Gen Thread[5]/ERROR] [bettercaves/]: Liquid regions will not be generated for this chunk. This may be fatal!
[31Jul2026 16:06:13.958] [DH-World Gen Thread[3]/ERROR] [bettercaves/]: Better Caves expected a ServerLevel, but got: com.seibel.distanthorizons.common.wrappers.worldGeneration.mimicObject.DhLitWorldGenRegion_forge
[31Jul2026 16:06:13.959] [DH-World Gen Thread[3]/ERROR] [bettercaves/]: Liquid regions will not be generated for this chunk. This may be fatal!
[31Jul2026 16:06:13.970] [DH-World Gen Thread[3]/ERROR] [bettercaves/]: Better Caves expected a ServerLevel, but got: com.seibel.distanthorizons.common.wrappers.worldGeneration.mimicObject.DhLitWorldGenRegion_forge
[31Jul2026 16:06:13.970] [DH-World Gen Thread[3]/ERROR] [bettercaves/]: Liquid regions will not be generated for this chunk. This may be fatal!
[31Jul2026 16:06:13.971] [DH-World Gen Thread[3]/ERROR] [bettercaves/]: Better Caves expected a ServerLevel, but got: com.seibel.distanthorizons.common.wrappers.worldGeneration.mimicObject.DhLitWorldGenRegion_forge
[31Jul2026 16:06:13.971] [DH-World Gen Thread[3]/ERROR] [bettercaves/]: Liquid regions will not be generated for this chunk. This may be fatal!
[31Jul2026 16:06:14.040] [DH-World Gen Thread[2]/ERROR] [bettercaves/]: Better Caves expected a ServerLevel, but got: com.seibel.distanthorizons.common.wrappers.worldGeneration.mimicObject.DhLitWorldGenRegion_forge
[31Jul2026 16:06:14.052] [DH-World Gen Thread[2]/ERROR] [bettercaves/]: Liquid regions will not be generated for this chunk. This may be fatal!
[31Jul2026 16:06:14.056] [DH-World Gen Thread[2]/ERROR] [bettercaves/]: Better Caves expected a ServerLevel, but got: com.seibel.distanthorizons.common.wrappers.worldGeneration.mimicObject.DhLitWorldGenRegion_forge
[31Jul2026 16:06:14.056] [DH-World Gen Thread[2]/ERROR] [bettercaves/]: Liquid regions will not be generated for this chunk. This may be fatal!
[31Jul2026 16:06:14.056] [DH-World Gen Thread[2]/ERROR] [bettercaves/]: Better Caves expected a ServerLevel, but got: com.seibel.distanthorizons.common.wrappers.worldGeneration.mimicObject.DhLitWorldGenRegion_forge
[31Jul2026 16:06:14.056] [DH-World Gen Thread[2]/ERROR] [bettercaves/]: Liquid regions will not be generated for this chunk. This may be fatal!
[31Jul2026 16:06:14.083] [DH-World Gen Thread[1]/ERROR] [bettercaves/]: Better Caves expected a ServerLevel, but got: com.seibel.distanthorizons.common.wrappers.worldGeneration.mimicObject.DhLitWorldGenRegion_forge
[31Jul2026 16:06:14.104] [DH-World Gen Thread[1]/ERROR] [bettercaves/]: Liquid regions will not be generated for this chunk. This may be fatal!
[31Jul2026 16:06:14.114] [DH-World Gen Thread[1]/ERROR] [bettercaves/]: Better Caves expected a ServerLevel, but got: com.seibel.distanthorizons.common.wrappers.worldGeneration.mimicObject.DhLitWorldGenRegion_forge
[31Jul2026 16:06:14.117] [DH-World Gen Thread[1]/ERROR] [bettercaves/]: Liquid regions will not be generated for this chunk. This may be fatal!
[31Jul2026 16:06:14.123] [DH-World Gen Thread[1]/ERROR] [bettercaves/]: Better Caves expected a ServerLevel, but got: com.seibel.distanthorizons.common.wrappers.worldGeneration.mimicObject.DhLitWorldGenRegion_forge
[31Jul2026 16:06:14.132] [DH-World Gen Thread[1]/ERROR] [bettercaves/]: Liquid regions will not be generated for this chunk. This may be fatal!
[31Jul2026 16:06:14.160] [DH-World Gen Thread[4]/ERROR] [bettercaves/]: Better Caves expected a ServerLevel, but got: com.seibel.distanthorizons.common.wrappers.worldGeneration.mimicObject.DhLitWorldGenRegion_forge
[31Jul2026 16:06:14.164] [DH-World Gen Thread[4]/ERROR] [bettercaves/]: Liquid regions will not be generated for this chunk. This may be fatal!
[31Jul2026 16:06:14.164] [DH-World Gen Thread[4]/ERROR] [bettercaves/]: Better Caves expected a ServerLevel, but got: com.seibel.distanthorizons.common.wrappers.worldGeneration.mimicObject.DhLitWorldGenRegion_forge
[31Jul2026 16:06:14.164] [DH-World Gen Thread[4]/ERROR] [bettercaves/]: Liquid regions will not be generated for this chunk. This may be fatal!
[31Jul2026 16:06:14.164] [DH-World Gen Thread[4]/ERROR] [bettercaves/]: Better Caves expected a ServerLevel, but got: com.seibel.distanthorizons.common.wrappers.worldGeneration.mimicObject.DhLitWorldGenRegion_forge
[31Jul2026 16:06:14.164] [DH-World Gen Thread[4]/ERROR] [bettercaves/]: Liquid regions will not be generated for this chunk. This may be fatal!
[31Jul2026 16:06:14.323] [DH-World Gen Thread[0]/ERROR] [bettercaves/]: Better Caves expected a ServerLevel, but got: com.seibel.distanthorizons.common.wrappers.worldGeneration.mimicObject.DhLitWorldGenRegion_forge
[31Jul2026 16:06:14.325] [DH-World Gen Thread[0]/ERROR] [bettercaves/]: Liquid regions will not be generated for this chunk. This may be fatal!
[31Jul2026 16:06:14.325] [DH-World Gen Thread[0]/ERROR] [bettercaves/]: Better Caves expected a ServerLevel, but got: com.seibel.distanthorizons.common.wrappers.worldGeneration.mimicObject.DhLitWorldGenRegion_forge
[31Jul2026 16:06:14.325] [DH-World Gen Thread[0]/ERROR] [bettercaves/]: Liquid regions will not be generated for this chunk. This may be fatal!
[31Jul2026 16:06:14.337] [DH-World Gen Thread[0]/ERROR] [bettercaves/]: Better Caves expected a ServerLevel, but got: com.seibel.distanthorizons.common.wrappers.worldGeneration.mimicObject.DhLitWorldGenRegion_forge
[31Jul2026 16:06:14.339] [DH-World Gen Thread[0]/ERROR] [bettercaves/]: Liquid regions will not be generated for this chunk. This may be fatal!
[31Jul2026 16:06:14.410] [DH-World Gen Thread[5]/ERROR] [bettercaves/]: Better Caves expected a ServerLevel, but got: com.seibel.distanthorizons.common.wrappers.worldGeneration.mimicObject.DhLitWorldGenRegion_forge
[31Jul2026 16:06:14.414] [DH-World Gen Thread[5]/ERROR] [bettercaves/]: Liquid regions will not be generated for this chunk. This may be fatal!
[31Jul2026 16:06:14.414] [DH-World Gen Thread[5]/ERROR] [bettercaves/]: Better Caves expected a ServerLevel, but got: com.seibel.distanthorizons.common.wrappers.worldGeneration.mimicObject.DhLitWorldGenRegion_forge
[31Jul2026 16:06:14.414] [DH-World Gen Thread[5]/ERROR] [bettercaves/]: Liquid regions will not be generated for this chunk. This may be fatal!
[31Jul2026 16:06:14.414] [DH-World Gen Thread[5]/ERROR] [bettercaves/]: Better Caves expected a ServerLevel, but got: com.seibel.distanthorizons.common.wrappers.worldGeneration.mimicObject.DhLitWorldGenRegion_forge
[31Jul2026 16:06:14.414] [DH-World Gen Thread[5]/ERROR] [bettercaves/]: Liquid regions will not be generated for this chunk. This may be fatal!
[31Jul2026 16:06:14.651] [DH-World Gen Thread[2]/ERROR] [bettercaves/]: Better Caves expected a ServerLevel, but got: com.seibel.distanthorizons.common.wrappers.worldGeneration.mimicObject.DhLitWorldGenRegion_forge
[31Jul2026 16:06:14.654] [DH-World Gen Thread[2]/ERROR] [bettercaves/]: Liquid regions will not be generated for this chunk. This may be fatal!
[31Jul2026 16:06:14.697] [DH-World Gen Thread[3]/ERROR] [bettercaves/]: Better Caves expected a ServerLevel, but got: com.seibel.distanthorizons.common.wrappers.worldGeneration.mimicObject.DhLitWorldGenRegion_forge
[31Jul2026 16:06:14.712] [DH-World Gen Thread[3]/ERROR] [bettercaves/]: Liquid regions will not be generated for this chunk. This may be fatal!
[31Jul2026 16:06:14.715] [DH-World Gen Thread[3]/ERROR] [bettercaves/]: Better Caves expected a ServerLevel, but got: com.seibel.distanthorizons.common.wrappers.worldGeneration.mimicObject.DhLitWorldGenRegion_forge
[31Jul2026 16:06:14.716] [DH-World Gen Thread[3]/ERROR] [bettercaves/]: Liquid regions will not be generated for this chunk. This may be fatal!
[31Jul2026 16:06:14.716] [DH-World Gen Thread[3]/ERROR] [bettercaves/]: Better Caves expected a ServerLevel, but got: com.seibel.distanthorizons.common.wrappers.worldGeneration.mimicObject.DhLitWorldGenRegion_forge
[31Jul2026 16:06:14.716] [DH-World Gen Thread[3]/ERROR] [bettercaves/]: Liquid regions will not be generated for this chunk. This may be fatal!
[31Jul2026 16:06:14.776] [DH-World Gen Thread[1]/ERROR] [bettercaves/]: Better Caves expected a ServerLevel, but got: com.seibel.distanthorizons.common.wrappers.worldGeneration.mimicObject.DhLitWorldGenRegion_forge
[31Jul2026 16:06:14.779] [DH-World Gen Thread[1]/ERROR] [bettercaves/]: Liquid regions will not be generated for this chunk. This may be fatal!
[31Jul2026 16:06:14.782] [DH-World Gen Thread[1]/ERROR] [bettercaves/]: Better Caves expected a ServerLevel, but got: com.seibel.distanthorizons.common.wrappers.worldGeneration.mimicObject.DhLitWorldGenRegion_forge
[31Jul2026 16:06:14.782] [DH-World Gen Thread[1]/ERROR] [bettercaves/]: Liquid regions will not be generated for this chunk. This may be fatal!
[31Jul2026 16:06:14.783] [DH-World Gen Thread[1]/ERROR] [bettercaves/]: Better Caves expected a ServerLevel, but got: com.seibel.distanthorizons.common.wrappers.worldGeneration.mimicObject.DhLitWorldGenRegion_forge
[31Jul2026 16:06:14.783] [DH-World Gen Thread[1]/ERROR] [bettercaves/]: Liquid regions will not be generated for this chunk. This may be fatal!
[31Jul2026 16:06:14.815] [DH-World Gen Thread[4]/ERROR] [bettercaves/]: Better Caves expected a ServerLevel, but got: com.seibel.distanthorizons.common.wrappers.worldGeneration.mimicObject.DhLitWorldGenRegion_forge
[31Jul2026 16:06:14.823] [DH-World Gen Thread[4]/ERROR] [bettercaves/]: Liquid regions will not be generated for this chunk. This may be fatal!
[31Jul2026 16:06:15.037] [DH-World Gen Thread[0]/ERROR] [bettercaves/]: Better Caves expected a ServerLevel, but got: com.seibel.distanthorizons.common.wrappers.worldGeneration.mimicObject.DhLitWorldGenRegion_forge
[31Jul2026 16:06:15.043] [DH-World Gen Thread[0]/ERROR] [bettercaves/]: Liquid regions will not be generated for this chunk. This may be fatal!
[31Jul2026 16:06:15.148] [DH-World Gen Thread[5]/ERROR] [bettercaves/]: Better Caves expected a ServerLevel, but got: com.seibel.distanthorizons.common.wrappers.worldGeneration.mimicObject.DhLitWorldGenRegion_forge
[31Jul2026 16:06:15.149] [DH-World Gen Thread[5]/ERROR] [bettercaves/]: Liquid regions will not be generated for this chunk. This may be fatal!
[31Jul2026 16:06:15.154] [DH-World Gen Thread[3]/ERROR] [bettercaves/]: Better Caves expected a ServerLevel, but got: com.seibel.distanthorizons.common.wrappers.worldGeneration.mimicObject.DhLitWorldGenRegion_forge
[31Jul2026 16:06:15.156] [DH-World Gen Thread[3]/ERROR] [bettercaves/]: Liquid regions will not be generated for this chunk. This may be fatal!
[31Jul2026 16:06:15.317] [DH-World Gen Thread[1]/ERROR] [bettercaves/]: Better Caves expected a ServerLevel, but got: com.seibel.distanthorizons.common.wrappers.worldGeneration.mimicObject.DhLitWorldGenRegion_forge
[31Jul2026 16:06:15.326] [DH-World Gen Thread[1]/ERROR] [bettercaves/]: Liquid regions will not be generated for this chunk. This may be fatal!
[31Jul2026 16:06:16.889] [DH-World Gen Thread[4]/ERROR] [bettercaves/]: Better Caves expected a ServerLevel, but got: com.seibel.distanthorizons.common.wrappers.worldGeneration.mimicObject.DhLitWorldGenRegion_forge
[31Jul2026 16:06:16.889] [DH-World Gen Thread[4]/ERROR] [bettercaves/]: Liquid regions will not be generated for this chunk. This may be fatal!
[31Jul2026 16:06:16.889] [DH-World Gen Thread[4]/ERROR] [bettercaves/]: Better Caves expected a ServerLevel, but got: com.seibel.distanthorizons.common.wrappers.worldGeneration.mimicObject.DhLitWorldGenRegion_forge
[31Jul2026 16:06:16.889] [DH-World Gen Thread[4]/ERROR] [bettercaves/]: Liquid regions will not be generated for this chunk. This may be fatal!
[31Jul2026 16:06:16.889] [DH-World Gen Thread[4]/ERROR] [bettercaves/]: Better Caves expected a ServerLevel, but got: com.seibel.distanthorizons.common.wrappers.worldGeneration.mimicObject.DhLitWorldGenRegion_forge
[31Jul2026 16:06:16.889] [DH-World Gen Thread[4]/ERROR] [bettercaves/]: Liquid regions will not be generated for this chunk. This may be fatal!
[31Jul2026 16:06:16.890] [DH-World Gen Thread[4]/ERROR] [bettercaves/]: Better Caves expected a ServerLevel, but got: com.seibel.distanthorizons.common.wrappers.worldGeneration.mimicObject.DhLitWorldGenRegion_forge
[31Jul2026 16:06:16.892] [DH-World Gen Thread[4]/ERROR] [bettercaves/]: Liquid regions will not be generated for this chunk. This may be fatal!
[31Jul2026 16:06:16.892] [DH-World Gen Thread[4]/ERROR] [bettercaves/]: Better Caves expected a ServerLevel, but got: com.seibel.distanthorizons.common.wrappers.worldGeneration.mimicObject.DhLitWorldGenRegion_forge
[31Jul2026 16:06:16.892] [DH-World Gen Thread[4]/ERROR] [bettercaves/]: Liquid regions will not be generated for this chunk. This may be fatal!
[31Jul2026 16:06:16.892] [DH-World Gen Thread[4]/ERROR] [bettercaves/]: Better Caves expected a ServerLevel, but got: com.seibel.distanthorizons.common.wrappers.worldGeneration.mimicObject.DhLitWorldGenRegion_forge
[31Jul2026 16:06:16.892] [DH-World Gen Thread[4]/ERROR] [bettercaves/]: Liquid regions will not be generated for this chunk. This may be fatal!
[31Jul2026 16:06:16.892] [DH-World Gen Thread[4]/ERROR] [bettercaves/]: Better Caves expected a ServerLevel, but got: com.seibel.distanthorizons.common.wrappers.worldGeneration.mimicObject.DhLitWorldGenRegion_forge
[31Jul2026 16:06:16.896] [DH-World Gen Thread[4]/ERROR] [bettercaves/]: Liquid regions will not be generated for this chunk. This may be fatal!
[31Jul2026 16:06:16.901] [DH-World Gen Thread[4]/ERROR] [bettercaves/]: Better Caves expected a ServerLevel, but got: com.seibel.distanthorizons.common.wrappers.worldGeneration.mimicObject.DhLitWorldGenRegion_forge
[31Jul2026 16:06:16.901] [DH-World Gen Thread[4]/ERROR] [bettercaves/]: Liquid regions will not be generated for this chunk. This may be fatal!
[31Jul2026 16:06:16.901] [DH-World Gen Thread[4]/ERROR] [bettercaves/]: Better Caves expected a ServerLevel, but got: com.seibel.distanthorizons.common.wrappers.worldGeneration.mimicObject.DhLitWorldGenRegion_forge
[31Jul2026 16:06:16.901] [DH-World Gen Thread[4]/ERROR] [bettercaves/]: Liquid regions will not be generated for this chunk. This may be fatal!
[31Jul2026 16:06:16.901] [DH-World Gen Thread[0]/ERROR] [bettercaves/]: Better Caves expected a ServerLevel, but got: com.seibel.distanthorizons.common.wrappers.worldGeneration.mimicObject.DhLitWorldGenRegion_forge
[31Jul2026 16:06:16.905] [DH-World Gen Thread[0]/ERROR] [bettercaves/]: Liquid regions will not be generated for this chunk. This may be fatal!
[31Jul2026 16:06:16.906] [DH-World Gen Thread[0]/ERROR] [bettercaves/]: Better Caves expected a ServerLevel, but got: com.seibel.distanthorizons.common.wrappers.worldGeneration.mimicObject.DhLitWorldGenRegion_forge
[31Jul2026 16:06:16.906] [DH-World Gen Thread[0]/ERROR] [bettercaves/]: Liquid regions will not be generated for this chunk. This may be fatal!
[31Jul2026 16:06:16.907] [DH-World Gen Thread[0]/ERROR] [bettercaves/]: Better Caves expected a ServerLevel, but got: com.seibel.distanthorizons.common.wrappers.worldGeneration.mimicObject.DhLitWorldGenRegion_forge
[31Jul2026 16:06:16.907] [DH-World Gen Thread[0]/ERROR] [bettercaves/]: Liquid regions will not be generated for this chunk. This may be fatal!
[31Jul2026 16:06:16.907] [DH-World Gen Thread[0]/ERROR] [bettercaves/]: Better Caves expected a ServerLevel, but got: com.seibel.distanthorizons.common.wrappers.worldGeneration.mimicObject.DhLitWorldGenRegion_forge
[31Jul2026 16:06:16.907] [DH-World Gen Thread[0]/ERROR] [bettercaves/]: Liquid regions will not be generated for this chunk. This may be fatal!
[31Jul2026 16:06:16.907] [DH-World Gen Thread[0]/ERROR] [bettercaves/]: Better Caves expected a ServerLevel, but got: com.seibel.distanthorizons.common.wrappers.worldGeneration.mimicObject.DhLitWorldGenRegion_forge
[31Jul2026 16:06:16.907] [DH-World Gen Thread[0]/ERROR] [bettercaves/]: Liquid regions will not be generated for this chunk. This may be fatal!
[31Jul2026 16:06:16.907] [DH-World Gen Thread[0]/ERROR] [bettercaves/]: Better Caves expected a ServerLevel, but got: com.seibel.distanthorizons.common.wrappers.worldGeneration.mimicObject.DhLitWorldGenRegion_forge
[31Jul2026 16:06:16.907] [DH-World Gen Thread[0]/ERROR] [bettercaves/]: Liquid regions will not be generated for this chunk. This may be fatal!
[31Jul2026 16:06:16.907] [DH-World Gen Thread[0]/ERROR] [bettercaves/]: Better Caves expected a ServerLevel, but got: com.seibel.distanthorizons.common.wrappers.worldGeneration.mimicObject.DhLitWorldGenRegion_forge
[31Jul2026 16:06:16.907] [DH-World Gen Thread[0]/ERROR] [bettercaves/]: Liquid regions will not be generated for this chunk. This may be fatal!
[31Jul2026 16:06:16.952] [DH-World Gen Thread[0]/ERROR] [bettercaves/]: Better Caves expected a ServerLevel, but got: com.seibel.distanthorizons.common.wrappers.worldGeneration.mimicObject.DhLitWorldGenRegion_forge
[31Jul2026 16:06:16.953] [DH-World Gen Thread[0]/ERROR] [bettercaves/]: Liquid regions will not be generated for this chunk. This may be fatal!
[31Jul2026 16:06:16.953] [DH-World Gen Thread[0]/ERROR] [bettercaves/]: Better Caves expected a ServerLevel, but got: com.seibel.distanthorizons.common.wrappers.worldGeneration.mimicObject.DhLitWorldGenRegion_forge
[31Jul2026 16:06:16.953] [DH-World Gen Thread[0]/ERROR] [bettercaves/]: Liquid regions will not be generated for this chunk. This may be fatal!
[31Jul2026 16:06:16.957] [DH-World Gen Thread[2]/ERROR] [bettercaves/]: Better Caves expected a ServerLevel, but got: com.seibel.distanthorizons.common.wrappers.worldGeneration.mimicObject.DhLitWorldGenRegion_forge
[31Jul2026 16:06:16.957] [DH-World Gen Thread[2]/ERROR] [bettercaves/]: Liquid regions will not be generated for this chunk. This may be fatal!
[31Jul2026 16:06:16.958] [DH-World Gen Thread[2]/ERROR] [bettercaves/]: Better Caves expected a ServerLevel, but got: com.seibel.distanthorizons.common.wrappers.worldGeneration.mimicObject.DhLitWorldGenRegion_forge
[31Jul2026 16:06:16.958] [DH-World Gen Thread[2]/ERROR] [bettercaves/]: Liquid regions will not be generated for this chunk. This may be fatal!
[31Jul2026 16:06:16.958] [DH-World Gen Thread[2]/ERROR] [bettercaves/]: Better Caves expected a ServerLevel, but got: com.seibel.distanthorizons.common.wrappers.worldGeneration.mimicObject.DhLitWorldGenRegion_forge
[31Jul2026 16:06:16.958] [DH-World Gen Thread[2]/ERROR] [bettercaves/]: Liquid regions will not be generated for this chunk. This may be fatal!
[31Jul2026 16:06:16.965] [DH-World Gen Thread[2]/ERROR] [bettercaves/]: Better Caves expected a ServerLevel, but got: com.seibel.distanthorizons.common.wrappers.worldGeneration.mimicObject.DhLitWorldGenRegion_forge
[31Jul2026 16:06:16.965] [DH-World Gen Thread[2]/ERROR] [bettercaves/]: Liquid regions will not be generated for this chunk. This may be fatal!
[31Jul2026 16:06:16.966] [DH-World Gen Thread[2]/ERROR] [bettercaves/]: Better Caves expected a ServerLevel, but got: com.seibel.distanthorizons.common.wrappers.worldGeneration.mimicObject.DhLitWorldGenRegion_forge
[31Jul2026 16:06:16.966] [DH-World Gen Thread[2]/ERROR] [bettercaves/]: Liquid regions will not be generated for this chunk. This may be fatal!
[31Jul2026 16:06:16.966] [DH-World Gen Thread[2]/ERROR] [bettercaves/]: Better Caves expected a ServerLevel, but got: com.seibel.distanthorizons.common.wrappers.worldGeneration.mimicObject.DhLitWorldGenRegion_forge
[31Jul2026 16:06:16.967] [DH-World Gen Thread[2]/ERROR] [bettercaves/]: Liquid regions will not be generated for this chunk. This may be fatal!
[31Jul2026 16:06:16.975] [DH-World Gen Thread[2]/ERROR] [bettercaves/]: Better Caves expected a ServerLevel, but got: com.seibel.distanthorizons.common.wrappers.worldGeneration.mimicObject.DhLitWorldGenRegion_forge
[31Jul2026 16:06:16.975] [DH-World Gen Thread[2]/ERROR] [bettercaves/]: Liquid regions will not be generated for this chunk. This may be fatal!
[31Jul2026 16:06:16.975] [DH-World Gen Thread[2]/ERROR] [bettercaves/]: Better Caves expected a ServerLevel, but got: com.seibel.distanthorizons.common.wrappers.worldGeneration.mimicObject.DhLitWorldGenRegion_forge
[31Jul2026 16:06:16.975] [DH-World Gen Thread[2]/ERROR] [bettercaves/]: Liquid regions will not be generated for this chunk. This may be fatal!
[31Jul2026 16:06:16.977] [DH-World Gen Thread[2]/ERROR] [bettercaves/]: Better Caves expected a ServerLevel, but got: com.seibel.distanthorizons.common.wrappers.worldGeneration.mimicObject.DhLitWorldGenRegion_forge
[31Jul2026 16:06:16.978] [DH-World Gen Thread[2]/ERROR] [bettercaves/]: Liquid regions will not be generated for this chunk. This may be fatal!
[31Jul2026 16:06:16.980] [DH-World Gen Thread[5]/ERROR] [bettercaves/]: Better Caves expected a ServerLevel, but got: com.seibel.distanthorizons.common.wrappers.worldGeneration.mimicObject.DhLitWorldGenRegion_forge
[31Jul2026 16:06:16.980] [DH-World Gen Thread[5]/ERROR] [bettercaves/]: Liquid regions will not be generated for this chunk. This may be fatal!
[31Jul2026 16:06:16.981] [DH-World Gen Thread[5]/ERROR] [bettercaves/]: Better Caves expected a ServerLevel, but got: com.seibel.distanthorizons.common.wrappers.worldGeneration.mimicObject.DhLitWorldGenRegion_forge
[31Jul2026 16:06:16.981] [DH-World Gen Thread[5]/ERROR] [bettercaves/]: Liquid regions will not be generated for this chunk. This may be fatal!
[31Jul2026 16:06:16.981] [DH-World Gen Thread[5]/ERROR] [bettercaves/]: Better Caves expected a ServerLevel, but got: com.seibel.distanthorizons.common.wrappers.worldGeneration.mimicObject.DhLitWorldGenRegion_forge
[31Jul2026 16:06:16.981] [DH-World Gen Thread[5]/ERROR] [bettercaves/]: Liquid regions will not be generated for this chunk. This may be fatal!
[31Jul2026 16:06:16.981] [DH-World Gen Thread[5]/ERROR] [bettercaves/]: Better Caves expected a ServerLevel, but got: com.seibel.distanthorizons.common.wrappers.worldGeneration.mimicObject.DhLitWorldGenRegion_forge
[31Jul2026 16:06:16.981] [DH-World Gen Thread[5]/ERROR] [bettercaves/]: Liquid regions will not be generated for this chunk. This may be fatal!
[31Jul2026 16:06:16.981] [DH-World Gen Thread[5]/ERROR] [bettercaves/]: Better Caves expected a ServerLevel, but got: com.seibel.distanthorizons.common.wrappers.worldGeneration.mimicObject.DhLitWorldGenRegion_forge
[31Jul2026 16:06:16.981] [DH-World Gen Thread[5]/ERROR] [bettercaves/]: Liquid regions will not be generated for this chunk. This may be fatal!
[31Jul2026 16:06:16.981] [DH-World Gen Thread[5]/ERROR] [bettercaves/]: Better Caves expected a ServerLevel, but got: com.seibel.distanthorizons.common.wrappers.worldGeneration.mimicObject.DhLitWorldGenRegion_forge
[31Jul2026 16:06:16.981] [DH-World Gen Thread[5]/ERROR] [bettercaves/]: Liquid regions will not be generated for this chunk. This may be fatal!
[31Jul2026 16:06:16.981] [DH-World Gen Thread[5]/ERROR] [bettercaves/]: Better Caves expected a ServerLevel, but got: com.seibel.distanthorizons.common.wrappers.worldGeneration.mimicObject.DhLitWorldGenRegion_forge
[31Jul2026 16:06:16.981] [DH-World Gen Thread[5]/ERROR] [bettercaves/]: Liquid regions will not be generated for this chunk. This may be fatal!
[31Jul2026 16:06:16.981] [DH-World Gen Thread[5]/ERROR] [bettercaves/]: Better Caves expected a ServerLevel, but got: com.seibel.distanthorizons.common.wrappers.worldGeneration.mimicObject.DhLitWorldGenRegion_forge
[31Jul2026 16:06:16.981] [DH-World Gen Thread[5]/ERROR] [bettercaves/]: Liquid regions will not be generated for this chunk. This may be fatal!
[31Jul2026 16:06:16.982] [DH-World Gen Thread[5]/ERROR] [bettercaves/]: Better Caves expected a ServerLevel, but got: com.seibel.distanthorizons.common.wrappers.worldGeneration.mimicObject.DhLitWorldGenRegion_forge
[31Jul2026 16:06:16.982] [DH-World Gen Thread[5]/ERROR] [bettercaves/]: Liquid regions will not be generated for this chunk. This may be fatal!
[31Jul2026 16:06:16.982] [DH-World Gen Thread[1]/ERROR] [bettercaves/]: Better Caves expected a ServerLevel, but got: com.seibel.distanthorizons.common.wrappers.worldGeneration.mimicObject.DhLitWorldGenRegion_forge
[31Jul2026 16:06:16.982] [DH-World Gen Thread[1]/ERROR] [bettercaves/]: Liquid regions will not be generated for this chunk. This may be fatal!
[31Jul2026 16:06:16.982] [DH-World Gen Thread[1]/ERROR] [bettercaves/]: Better Caves expected a ServerLevel, but got: com.seibel.distanthorizons.common.wrappers.worldGeneration.mimicObject.DhLitWorldGenRegion_forge
[31Jul2026 16:06:16.996] [DH-World Gen Thread[1]/ERROR] [bettercaves/]: Liquid regions will not be generated for this chunk. This may be fatal!
[31Jul2026 16:06:17.025] [DH-World Gen Thread[1]/ERROR] [bettercaves/]: Better Caves expected a ServerLevel, but got: com.seibel.distanthorizons.common.wrappers.worldGeneration.mimicObject.DhLitWorldGenRegion_forge
[31Jul2026 16:06:17.050] [DH-World Gen Thread[1]/ERROR] [bettercaves/]: Liquid regions will not be generated for this chunk. This may be fatal!
[31Jul2026 16:06:17.055] [DH-World Gen Thread[1]/ERROR] [bettercaves/]: Better Caves expected a ServerLevel, but got: com.seibel.distanthorizons.common.wrappers.worldGeneration.mimicObject.DhLitWorldGenRegion_forge
[31Jul2026 16:06:17.067] [DH-World Gen Thread[1]/ERROR] [bettercaves/]: Liquid regions will not be generated for this chunk. This may be fatal!
[31Jul2026 16:06:17.075] [DH-World Gen Thread[1]/ERROR] [bettercaves/]: Better Caves expected a ServerLevel, but got: com.seibel.distanthorizons.common.wrappers.worldGeneration.mimicObject.DhLitWorldGenRegion_forge
[31Jul2026 16:06:17.092] [DH-World Gen Thread[1]/ERROR] [bettercaves/]: Liquid regions will not be generated for this chunk. This may be fatal!
[31Jul2026 16:06:17.095] [DH-World Gen Thread[1]/ERROR] [bettercaves/]: Better Caves expected a ServerLevel, but got: com.seibel.distanthorizons.common.wrappers.worldGeneration.mimicObject.DhLitWorldGenRegion_forge
[31Jul2026 16:06:17.101] [DH-World Gen Thread[1]/ERROR] [bettercaves/]: Liquid regions will not be generated for this chunk. This may be fatal!
[31Jul2026 16:06:17.104] [DH-World Gen Thread[1]/ERROR] [bettercaves/]: Better Caves expected a ServerLevel, but got: com.seibel.distanthorizons.common.wrappers.worldGeneration.mimicObject.DhLitWorldGenRegion_forge
[31Jul2026 16:06:17.111] [DH-World Gen Thread[1]/ERROR] [bettercaves/]: Liquid regions will not be generated for this chunk. This may be fatal!
[31Jul2026 16:06:17.178] [DH-World Gen Thread[1]/ERROR] [bettercaves/]: Better Caves expected a ServerLevel, but got: com.seibel.distanthorizons.common.wrappers.worldGeneration.mimicObject.DhLitWorldGenRegion_forge
[31Jul2026 16:06:17.185] [DH-World Gen Thread[1]/ERROR] [bettercaves/]: Liquid regions will not be generated for this chunk. This may be fatal!
[31Jul2026 16:06:17.226] [DH-World Gen Thread[1]/ERROR] [bettercaves/]: Better Caves expected a ServerLevel, but got: com.seibel.distanthorizons.common.wrappers.worldGeneration.mimicObject.DhLitWorldGenRegion_forge
[31Jul2026 16:06:17.230] [DH-World Gen Thread[1]/ERROR] [bettercaves/]: Liquid regions will not be generated for this chunk. This may be fatal!
[31Jul2026 16:06:18.430] [DH-World Gen Thread[0]/ERROR] [bettercaves/]: Better Caves expected a ServerLevel, but got: com.seibel.distanthorizons.common.wrappers.worldGeneration.mimicObject.DhLitWorldGenRegion_forge
[31Jul2026 16:06:18.430] [DH-World Gen Thread[0]/ERROR] [bettercaves/]: Liquid regions will not be generated for this chunk. This may be fatal!
[31Jul2026 16:06:18.431] [DH-World Gen Thread[0]/ERROR] [bettercaves/]: Better Caves expected a ServerLevel, but got: com.seibel.distanthorizons.common.wrappers.worldGeneration.mimicObject.DhLitWorldGenRegion_forge
[31Jul2026 16:06:18.431] [DH-World Gen Thread[0]/ERROR] [bettercaves/]: Liquid regions will not be generated for this chunk. This may be fatal!
[31Jul2026 16:06:18.431] [DH-World Gen Thread[0]/ERROR] [bettercaves/]: Better Caves expected a ServerLevel, but got: com.seibel.distanthorizons.common.wrappers.worldGeneration.mimicObject.DhLitWorldGenRegion_forge
[31Jul2026 16:06:18.431] [DH-World Gen Thread[0]/ERROR] [bettercaves/]: Liquid regions will not be generated for this chunk. This may be fatal!
[31Jul2026 16:06:18.452] [DH-World Gen Thread[5]/ERROR] [bettercaves/]: Better Caves expected a ServerLevel, but got: com.seibel.distanthorizons.common.wrappers.worldGeneration.mimicObject.DhLitWorldGenRegion_forge
[31Jul2026 16:06:18.453] [DH-World Gen Thread[5]/ERROR] [bettercaves/]: Liquid regions will not be generated for this chunk. This may be fatal!
[31Jul2026 16:06:18.471] [DH-World Gen Thread[5]/ERROR] [bettercaves/]: Better Caves expected a ServerLevel, but got: com.seibel.distanthorizons.common.wrappers.worldGeneration.mimicObject.DhLitWorldGenRegion_forge
[31Jul2026 16:06:18.471] [DH-World Gen Thread[5]/ERROR] [bettercaves/]: Liquid regions will not be generated for this chunk. This may be fatal!
[31Jul2026 16:06:18.472] [DH-World Gen Thread[5]/ERROR] [bettercaves/]: Better Caves expected a ServerLevel, but got: com.seibel.distanthorizons.common.wrappers.worldGeneration.mimicObject.DhLitWorldGenRegion_forge
[31Jul2026 16:06:18.472] [DH-World Gen Thread[5]/ERROR] [bettercaves/]: Liquid regions will not be generated for this chunk. This may be fatal!
[31Jul2026 16:06:18.498] [DH-World Gen Thread[4]/ERROR] [bettercaves/]: Better Caves expected a ServerLevel, but got: com.seibel.distanthorizons.common.wrappers.worldGeneration.mimicObject.DhLitWorldGenRegion_forge
[31Jul2026 16:06:18.507] [DH-World Gen Thread[4]/ERROR] [bettercaves/]: Liquid regions will not be generated for this chunk. This may be fatal!
[31Jul2026 16:06:18.523] [DH-World Gen Thread[4]/ERROR] [bettercaves/]: Better Caves expected a ServerLevel, but got: com.seibel.distanthorizons.common.wrappers.worldGeneration.mimicObject.DhLitWorldGenRegion_forge
[31Jul2026 16:06:18.524] [DH-World Gen Thread[4]/ERROR] [bettercaves/]: Liquid regions will not be generated for this chunk. This may be fatal!
[31Jul2026 16:06:18.530] [DH-World Gen Thread[4]/ERROR] [bettercaves/]: Better Caves expected a ServerLevel, but got: com.seibel.distanthorizons.common.wrappers.worldGeneration.mimicObject.DhLitWorldGenRegion_forge
[31Jul2026 16:06:18.530] [DH-World Gen Thread[4]/ERROR] [bettercaves/]: Liquid regions will not be generated for this chunk. This may be fatal!
[31Jul2026 16:06:18.531] [DH-World Gen Thread[2]/ERROR] [bettercaves/]: Better Caves expected a ServerLevel, but got: com.seibel.distanthorizons.common.wrappers.worldGeneration.mimicObject.DhLitWorldGenRegion_forge
[31Jul2026 16:06:18.531] [DH-World Gen Thread[2]/ERROR] [bettercaves/]: Liquid regions will not be generated for this chunk. This may be fatal!
[31Jul2026 16:06:18.532] [DH-World Gen Thread[2]/ERROR] [bettercaves/]: Better Caves expected a ServerLevel, but got: com.seibel.distanthorizons.common.wrappers.worldGeneration.mimicObject.DhLitWorldGenRegion_forge
[31Jul2026 16:06:18.532] [DH-World Gen Thread[2]/ERROR] [bettercaves/]: Liquid regions will not be generated for this chunk. This may be fatal!
[31Jul2026 16:06:18.890] [DH-World Gen Thread[2]/ERROR] [bettercaves/]: Better Caves expected a ServerLevel, but got: com.seibel.distanthorizons.common.wrappers.worldGeneration.mimicObject.DhLitWorldGenRegion_forge
[31Jul2026 16:06:18.891] [DH-World Gen Thread[2]/ERROR] [bettercaves/]: Liquid regions will not be generated for this chunk. This may be fatal!
[31Jul2026 16:06:18.950] [DH-World Gen Thread[0]/ERROR] [bettercaves/]: Better Caves expected a ServerLevel, but got: com.seibel.distanthorizons.common.wrappers.worldGeneration.mimicObject.DhLitWorldGenRegion_forge
[31Jul2026 16:06:18.950] [DH-World Gen Thread[0]/ERROR] [bettercaves/]: Liquid regions will not be generated for this chunk. This may be fatal!
[31Jul2026 16:06:18.950] [DH-World Gen Thread[0]/ERROR] [bettercaves/]: Better Caves expected a ServerLevel, but got: com.seibel.distanthorizons.common.wrappers.worldGeneration.mimicObject.DhLitWorldGenRegion_forge
[31Jul2026 16:06:18.950] [DH-World Gen Thread[0]/ERROR] [bettercaves/]: Liquid regions will not be generated for this chunk. This may be fatal!
[31Jul2026 16:06:18.950] [DH-World Gen Thread[0]/ERROR] [bettercaves/]: Better Caves expected a ServerLevel, but got: com.seibel.distanthorizons.common.wrappers.worldGeneration.mimicObject.DhLitWorldGenRegion_forge
[31Jul2026 16:06:18.950] [DH-World Gen Thread[0]/ERROR] [bettercaves/]: Liquid regions will not be generated for this chunk. This may be fatal!
[31Jul2026 16:06:18.966] [DH-World Gen Thread[5]/ERROR] [bettercaves/]: Better Caves expected a ServerLevel, but got: com.seibel.distanthorizons.common.wrappers.worldGeneration.mimicObject.DhLitWorldGenRegion_forge
[31Jul2026 16:06:18.973] [DH-World Gen Thread[5]/ERROR] [bettercaves/]: Liquid regions will not be generated for this chunk. This may be fatal!
[31Jul2026 16:06:18.977] [DH-World Gen Thread[5]/ERROR] [bettercaves/]: Better Caves expected a ServerLevel, but got: com.seibel.distanthorizons.common.wrappers.worldGeneration.mimicObject.DhLitWorldGenRegion_forge
[31Jul2026 16:06:18.977] [DH-World Gen Thread[5]/ERROR] [bettercaves/]: Liquid regions will not be generated for this chunk. This may be fatal!
[31Jul2026 16:06:18.977] [DH-World Gen Thread[5]/ERROR] [bettercaves/]: Better Caves expected a ServerLevel, but got: com.seibel.distanthorizons.common.wrappers.worldGeneration.mimicObject.DhLitWorldGenRegion_forge
[31Jul2026 16:06:18.977] [DH-World Gen Thread[5]/ERROR] [bettercaves/]: Liquid regions will not be generated for this chunk. This may be fatal!
[31Jul2026 16:06:19.011] [DH-World Gen Thread[1]/ERROR] [bettercaves/]: Better Caves expected a ServerLevel, but got: com.seibel.distanthorizons.common.wrappers.worldGeneration.mimicObject.DhLitWorldGenRegion_forge
[31Jul2026 16:06:19.012] [DH-World Gen Thread[1]/ERROR] [bettercaves/]: Liquid regions will not be generated for this chunk. This may be fatal!
[31Jul2026 16:06:19.027] [DH-World Gen Thread[1]/ERROR] [bettercaves/]: Better Caves expected a ServerLevel, but got: com.seibel.distanthorizons.common.wrappers.worldGeneration.mimicObject.DhLitWorldGenRegion_forge
[31Jul2026 16:06:19.027] [DH-World Gen Thread[1]/ERROR] [bettercaves/]: Liquid regions will not be generated for this chunk. This may be fatal!
[31Jul2026 16:06:19.031] [DH-World Gen Thread[1]/ERROR] [bettercaves/]: Better Caves expected a ServerLevel, but got: com.seibel.distanthorizons.common.wrappers.worldGeneration.mimicObject.DhLitWorldGenRegion_forge
[31Jul2026 16:06:19.056] [DH-World Gen Thread[1]/ERROR] [bettercaves/]: Liquid regions will not be generated for this chunk. This may be fatal!
[31Jul2026 16:06:19.071] [DH-World Gen Thread[4]/ERROR] [bettercaves/]: Better Caves expected a ServerLevel, but got: com.seibel.distanthorizons.common.wrappers.worldGeneration.mimicObject.DhLitWorldGenRegion_forge
[31Jul2026 16:06:19.074] [DH-World Gen Thread[4]/ERROR] [bettercaves/]: Liquid regions will not be generated for this chunk. This may be fatal!
[31Jul2026 16:06:19.075] [DH-World Gen Thread[4]/ERROR] [bettercaves/]: Better Caves expected a ServerLevel, but got: com.seibel.distanthorizons.common.wrappers.worldGeneration.mimicObject.DhLitWorldGenRegion_forge
[31Jul2026 16:06:19.076] [DH-World Gen Thread[4]/ERROR] [bettercaves/]: Liquid regions will not be generated for this chunk. This may be fatal!
[31Jul2026 16:06:19.076] [DH-World Gen Thread[4]/ERROR] [bettercaves/]: Better Caves expected a ServerLevel, but got: com.seibel.distanthorizons.common.wrappers.worldGeneration.mimicObject.DhLitWorldGenRegion_forge
[31Jul2026 16:06:19.076] [DH-World Gen Thread[4]/ERROR] [bettercaves/]: Liquid regions will not be generated for this chunk. This may be fatal!
[31Jul2026 16:06:19.325] [DH-World Gen Thread[2]/ERROR] [bettercaves/]: Better Caves expected a ServerLevel, but got: com.seibel.distanthorizons.common.wrappers.worldGeneration.mimicObject.DhLitWorldGenRegion_forge
[31Jul2026 16:06:19.331] [DH-World Gen Thread[2]/ERROR] [bettercaves/]: Liquid regions will not be generated for this chunk. This may be fatal!
[31Jul2026 16:06:19.337] [DH-World Gen Thread[2]/ERROR] [bettercaves/]: Better Caves expected a ServerLevel, but got: com.seibel.distanthorizons.common.wrappers.worldGeneration.mimicObject.DhLitWorldGenRegion_forge
[31Jul2026 16:06:19.344] [DH-World Gen Thread[2]/ERROR] [bettercaves/]: Liquid regions will not be generated for this chunk. This may be fatal!
[31Jul2026 16:06:19.344] [DH-World Gen Thread[2]/ERROR] [bettercaves/]: Better Caves expected a ServerLevel, but got: com.seibel.distanthorizons.common.wrappers.worldGeneration.mimicObject.DhLitWorldGenRegion_forge
[31Jul2026 16:06:19.345] [DH-World Gen Thread[2]/ERROR] [bettercaves/]: Liquid regions will not be generated for this chunk. This may be fatal!
[31Jul2026 16:06:19.417] [DH-World Gen Thread[0]/ERROR] [bettercaves/]: Better Caves expected a ServerLevel, but got: com.seibel.distanthorizons.common.wrappers.worldGeneration.mimicObject.DhLitWorldGenRegion_forge
[31Jul2026 16:06:19.417] [DH-World Gen Thread[0]/ERROR] [bettercaves/]: Liquid regions will not be generated for this chunk. This may be fatal!
[31Jul2026 16:06:19.435] [DH-World Gen Thread[5]/ERROR] [bettercaves/]: Better Caves expected a ServerLevel, but got: com.seibel.distanthorizons.common.wrappers.worldGeneration.mimicObject.DhLitWorldGenRegion_forge
[31Jul2026 16:06:19.436] [DH-World Gen Thread[5]/ERROR] [bettercaves/]: Liquid regions will not be generated for this chunk. This may be fatal!
[31Jul2026 16:06:19.588] [DH-World Gen Thread[4]/ERROR] [bettercaves/]: Better Caves expected a ServerLevel, but got: com.seibel.distanthorizons.common.wrappers.worldGeneration.mimicObject.DhLitWorldGenRegion_forge
[31Jul2026 16:06:19.612] [DH-World Gen Thread[4]/ERROR] [bettercaves/]: Liquid regions will not be generated for this chunk. This may be fatal!
[31Jul2026 16:06:19.773] [DH-World Gen Thread[1]/ERROR] [bettercaves/]: Better Caves expected a ServerLevel, but got: com.seibel.distanthorizons.common.wrappers.worldGeneration.mimicObject.DhLitWorldGenRegion_forge
[31Jul2026 16:06:19.826] [DH-World Gen Thread[1]/ERROR] [bettercaves/]: Liquid regions will not be generated for this chunk. This may be fatal!
[31Jul2026 16:06:19.837] [DH-World Gen Thread[1]/ERROR] [bettercaves/]: Better Caves expected a ServerLevel, but got: com.seibel.distanthorizons.common.wrappers.worldGeneration.mimicObject.DhLitWorldGenRegion_forge
[31Jul2026 16:06:19.869] [DH-World Gen Thread[1]/ERROR] [bettercaves/]: Liquid regions will not be generated for this chunk. This may be fatal!
[31Jul2026 16:06:19.897] [DH-World Gen Thread[1]/ERROR] [bettercaves/]: Better Caves expected a ServerLevel, but got: com.seibel.distanthorizons.common.wrappers.worldGeneration.mimicObject.DhLitWorldGenRegion_forge
[31Jul2026 16:06:19.905] [DH-World Gen Thread[1]/ERROR] [bettercaves/]: Liquid regions will not be generated for this chunk. This may be fatal!
[31Jul2026 16:06:19.932] [DH-World Gen Thread[2]/ERROR] [bettercaves/]: Better Caves expected a ServerLevel, but got: com.seibel.distanthorizons.common.wrappers.worldGeneration.mimicObject.DhLitWorldGenRegion_forge
[31Jul2026 16:06:19.943] [DH-World Gen Thread[2]/ERROR] [bettercaves/]: Liquid regions will not be generated for this chunk. This may be fatal!
[31Jul2026 16:06:20.425] [DH-World Gen Thread[1]/ERROR] [bettercaves/]: Better Caves expected a ServerLevel, but got: com.seibel.distanthorizons.common.wrappers.worldGeneration.mimicObject.DhLitWorldGenRegion_forge
[31Jul2026 16:06:20.449] [DH-World Gen Thread[1]/ERROR] [bettercaves/]: Liquid regions will not be generated for this chunk. This may be fatal!
[31Jul2026 16:06:21.535] [DH-World Gen Thread[3]/ERROR] [bettercaves/]: Better Caves expected a ServerLevel, but got: com.seibel.distanthorizons.common.wrappers.worldGeneration.mimicObject.DhLitWorldGenRegion_forge
[31Jul2026 16:06:21.545] [DH-World Gen Thread[3]/ERROR] [bettercaves/]: Liquid regions will not be generated for this chunk. This may be fatal!
[31Jul2026 16:06:21.546] [DH-World Gen Thread[3]/ERROR] [bettercaves/]: Better Caves expected a ServerLevel, but got: com.seibel.distanthorizons.common.wrappers.worldGeneration.mimicObject.DhLitWorldGenRegion_forge
[31Jul2026 16:06:21.552] [DH-World Gen Thread[3]/ERROR] [bettercaves/]: Liquid regions will not be generated for this chunk. This may be fatal!
[31Jul2026 16:06:21.553] [DH-World Gen Thread[3]/ERROR] [bettercaves/]: Better Caves expected a ServerLevel, but got: com.seibel.distanthorizons.common.wrappers.worldGeneration.mimicObject.DhLitWorldGenRegion_forge
[31Jul2026 16:06:21.553] [DH-World Gen Thread[3]/ERROR] [bettercaves/]: Liquid regions will not be generated for this chunk. This may be fatal!
[31Jul2026 16:06:21.553] [DH-World Gen Thread[3]/ERROR] [bettercaves/]: Better Caves expected a ServerLevel, but got: com.seibel.distanthorizons.common.wrappers.worldGeneration.mimicObject.DhLitWorldGenRegion_forge
[31Jul2026 16:06:21.554] [DH-World Gen Thread[3]/ERROR] [bettercaves/]: Liquid regions will not be generated for this chunk. This may be fatal!
[31Jul2026 16:06:21.554] [DH-World Gen Thread[3]/ERROR] [bettercaves/]: Better Caves expected a ServerLevel, but got: com.seibel.distanthorizons.common.wrappers.worldGeneration.mimicObject.DhLitWorldGenRegion_forge
[31Jul2026 16:06:21.554] [DH-World Gen Thread[3]/ERROR] [bettercaves/]: Liquid regions will not be generated for this chunk. This may be fatal!
[31Jul2026 16:06:21.554] [DH-World Gen Thread[3]/ERROR] [bettercaves/]: Better Caves expected a ServerLevel, but got: com.seibel.distanthorizons.common.wrappers.worldGeneration.mimicObject.DhLitWorldGenRegion_forge
[31Jul2026 16:06:21.554] [DH-World Gen Thread[3]/ERROR] [bettercaves/]: Liquid regions will not be generated for this chunk. This may be fatal!
[31Jul2026 16:06:21.554] [DH-World Gen Thread[3]/ERROR] [bettercaves/]: Better Caves expected a ServerLevel, but got: com.seibel.distanthorizons.common.wrappers.worldGeneration.mimicObject.DhLitWorldGenRegion_forge
[31Jul2026 16:06:21.554] [DH-World Gen Thread[3]/ERROR] [bettercaves/]: Liquid regions will not be generated for this chunk. This may be fatal!
[31Jul2026 16:06:21.555] [DH-World Gen Thread[3]/ERROR] [bettercaves/]: Better Caves expected a ServerLevel, but got: com.seibel.distanthorizons.common.wrappers.worldGeneration.mimicObject.DhLitWorldGenRegion_forge
[31Jul2026 16:06:21.555] [DH-World Gen Thread[3]/ERROR] [bettercaves/]: Liquid regions will not be generated for this chunk. This may be fatal!
[31Jul2026 16:06:21.556] [DH-World Gen Thread[3]/ERROR] [bettercaves/]: Better Caves expected a ServerLevel, but got: com.seibel.distanthorizons.common.wrappers.worldGeneration.mimicObject.DhLitWorldGenRegion_forge
[31Jul2026 16:06:21.556] [DH-World Gen Thread[3]/ERROR] [bettercaves/]: Liquid regions will not be generated for this chunk. This may be fatal!
[31Jul2026 16:06:21.556] [DH-World Gen Thread[0]/ERROR] [bettercaves/]: Better Caves expected a ServerLevel, but got: com.seibel.distanthorizons.common.wrappers.worldGeneration.mimicObject.DhLitWorldGenRegion_forge
[31Jul2026 16:06:21.556] [DH-World Gen Thread[0]/ERROR] [bettercaves/]: Liquid regions will not be generated for this chunk. This may be fatal!
[31Jul2026 16:06:21.556] [DH-World Gen Thread[0]/ERROR] [bettercaves/]: Better Caves expected a ServerLevel, but got: com.seibel.distanthorizons.common.wrappers.worldGeneration.mimicObject.DhLitWorldGenRegion_forge
[31Jul2026 16:06:21.556] [DH-World Gen Thread[0]/ERROR] [bettercaves/]: Liquid regions will not be generated for this chunk. This may be fatal!
[31Jul2026 16:06:21.563] [DH-World Gen Thread[0]/ERROR] [bettercaves/]: Better Caves expected a ServerLevel, but got: com.seibel.distanthorizons.common.wrappers.worldGeneration.mimicObject.DhLitWorldGenRegion_forge
[31Jul2026 16:06:21.563] [DH-World Gen Thread[0]/ERROR] [bettercaves/]: Liquid regions will not be generated for this chunk. This may be fatal!
[31Jul2026 16:06:21.564] [DH-World Gen Thread[0]/ERROR] [bettercaves/]: Better Caves expected a ServerLevel, but got: com.seibel.distanthorizons.common.wrappers.worldGeneration.mimicObject.DhLitWorldGenRegion_forge
[31Jul2026 16:06:21.565] [DH-World Gen Thread[0]/ERROR] [bettercaves/]: Liquid regions will not be generated for this chunk. This may be fatal!
[31Jul2026 16:06:21.565] [DH-World Gen Thread[0]/ERROR] [bettercaves/]: Better Caves expected a ServerLevel, but got: com.seibel.distanthorizons.common.wrappers.worldGeneration.mimicObject.DhLitWorldGenRegion_forge
[31Jul2026 16:06:21.565] [DH-World Gen Thread[0]/ERROR] [bettercaves/]: Liquid regions will not be generated for this chunk. This may be fatal!
[31Jul2026 16:06:21.566] [DH-World Gen Thread[0]/ERROR] [bettercaves/]: Better Caves expected a ServerLevel, but got: com.seibel.distanthorizons.common.wrappers.worldGeneration.mimicObject.DhLitWorldGenRegion_forge
[31Jul2026 16:06:21.567] [DH-World Gen Thread[0]/ERROR] [bettercaves/]: Liquid regions will not be generated for this chunk. This may be fatal!
[31Jul2026 16:06:21.567] [DH-World Gen Thread[0]/ERROR] [bettercaves/]: Better Caves expected a ServerLevel, but got: com.seibel.distanthorizons.common.wrappers.worldGeneration.mimicObject.DhLitWorldGenRegion_forge
[31Jul2026 16:06:21.567] [DH-World Gen Thread[0]/ERROR] [bettercaves/]: Liquid regions will not be generated for this chunk. This may be fatal!
[31Jul2026 16:06:21.567] [DH-World Gen Thread[0]/ERROR] [bettercaves/]: Better Caves expected a ServerLevel, but got: com.seibel.distanthorizons.common.wrappers.worldGeneration.mimicObject.DhLitWorldGenRegion_forge
[31Jul2026 16:06:21.567] [DH-World Gen Thread[0]/ERROR] [bettercaves/]: Liquid regions will not be generated for this chunk. This may be fatal!
[31Jul2026 16:06:21.567] [DH-World Gen Thread[0]/ERROR] [bettercaves/]: Better Caves expected a ServerLevel, but got: com.seibel.distanthorizons.common.wrappers.worldGeneration.mimicObject.DhLitWorldGenRegion_forge
[31Jul2026 16:06:21.567] [DH-World Gen Thread[0]/ERROR] [bettercaves/]: Liquid regions will not be generated for this chunk. This may be fatal!
[31Jul2026 16:06:21.569] [DH-World Gen Thread[5]/ERROR] [bettercaves/]: Better Caves expected a ServerLevel, but got: com.seibel.distanthorizons.common.wrappers.worldGeneration.mimicObject.DhLitWorldGenRegion_forge
[31Jul2026 16:06:21.569] [DH-World Gen Thread[5]/ERROR] [bettercaves/]: Liquid regions will not be generated for this chunk. This may be fatal!
[31Jul2026 16:06:21.569] [DH-World Gen Thread[5]/ERROR] [bettercaves/]: Better Caves expected a ServerLevel, but got: com.seibel.distanthorizons.common.wrappers.worldGeneration.mimicObject.DhLitWorldGenRegion_forge
[31Jul2026 16:06:21.569] [DH-World Gen Thread[5]/ERROR] [bettercaves/]: Liquid regions will not be generated for this chunk. This may be fatal!
[31Jul2026 16:06:21.569] [DH-World Gen Thread[5]/ERROR] [bettercaves/]: Better Caves expected a ServerLevel, but got: com.seibel.distanthorizons.common.wrappers.worldGeneration.mimicObject.DhLitWorldGenRegion_forge
[31Jul2026 16:06:21.569] [DH-World Gen Thread[5]/ERROR] [bettercaves/]: Liquid regions will not be generated for this chunk. This may be fatal!
[31Jul2026 16:06:21.571] [DH-World Gen Thread[5]/ERROR] [bettercaves/]: Better Caves expected a ServerLevel, but got: com.seibel.distanthorizons.common.wrappers.worldGeneration.mimicObject.DhLitWorldGenRegion_forge
[31Jul2026 16:06:21.571] [DH-World Gen Thread[5]/ERROR] [bettercaves/]: Liquid regions will not be generated for this chunk. This may be fatal!
[31Jul2026 16:06:21.571] [DH-World Gen Thread[5]/ERROR] [bettercaves/]: Better Caves expected a ServerLevel, but got: com.seibel.distanthorizons.common.wrappers.worldGeneration.mimicObject.DhLitWorldGenRegion_forge
[31Jul2026 16:06:21.571] [DH-World Gen Thread[5]/ERROR] [bettercaves/]: Liquid regions will not be generated for this chunk. This may be fatal!
[31Jul2026 16:06:21.571] [DH-World Gen Thread[5]/ERROR] [bettercaves/]: Better Caves expected a ServerLevel, but got: com.seibel.distanthorizons.common.wrappers.worldGeneration.mimicObject.DhLitWorldGenRegion_forge
[31Jul2026 16:06:21.571] [DH-World Gen Thread[5]/ERROR] [bettercaves/]: Liquid regions will not be generated for this chunk. This may be fatal!
[31Jul2026 16:06:21.571] [DH-World Gen Thread[5]/ERROR] [bettercaves/]: Better Caves expected a ServerLevel, but got: com.seibel.distanthorizons.common.wrappers.worldGeneration.mimicObject.DhLitWorldGenRegion_forge
[31Jul2026 16:06:21.571] [DH-World Gen Thread[5]/ERROR] [bettercaves/]: Liquid regions will not be generated for this chunk. This may be fatal!
[31Jul2026 16:06:21.581] [DH-World Gen Thread[5]/ERROR] [bettercaves/]: Better Caves expected a ServerLevel, but got: com.seibel.distanthorizons.common.wrappers.worldGeneration.mimicObject.DhLitWorldGenRegion_forge
[31Jul2026 16:06:21.581] [DH-World Gen Thread[5]/ERROR] [bettercaves/]: Liquid regions will not be generated for this chunk. This may be fatal!
[31Jul2026 16:06:21.582] [DH-World Gen Thread[5]/ERROR] [bettercaves/]: Better Caves expected a ServerLevel, but got: com.seibel.distanthorizons.common.wrappers.worldGeneration.mimicObject.DhLitWorldGenRegion_forge
[31Jul2026 16:06:21.582] [DH-World Gen Thread[5]/ERROR] [bettercaves/]: Liquid regions will not be generated for this chunk. This may be fatal!
[31Jul2026 16:06:21.613] [DH-World Gen Thread[4]/ERROR] [bettercaves/]: Better Caves expected a ServerLevel, but got: com.seibel.distanthorizons.common.wrappers.worldGeneration.mimicObject.DhLitWorldGenRegion_forge
[31Jul2026 16:06:21.614] [DH-World Gen Thread[4]/ERROR] [bettercaves/]: Liquid regions will not be generated for this chunk. This may be fatal!
[31Jul2026 16:06:21.614] [DH-World Gen Thread[4]/ERROR] [bettercaves/]: Better Caves expected a ServerLevel, but got: com.seibel.distanthorizons.common.wrappers.worldGeneration.mimicObject.DhLitWorldGenRegion_forge
[31Jul2026 16:06:21.614] [DH-World Gen Thread[4]/ERROR] [bettercaves/]: Liquid regions will not be generated for this chunk. This may be fatal!
[31Jul2026 16:06:21.614] [DH-World Gen Thread[4]/ERROR] [bettercaves/]: Better Caves expected a ServerLevel, but got: com.seibel.distanthorizons.common.wrappers.worldGeneration.mimicObject.DhLitWorldGenRegion_forge
[31Jul2026 16:06:21.614] [DH-World Gen Thread[4]/ERROR] [bettercaves/]: Liquid regions will not be generated for this chunk. This may be fatal!
[31Jul2026 16:06:21.614] [DH-World Gen Thread[4]/ERROR] [bettercaves/]: Better Caves expected a ServerLevel, but got: com.seibel.distanthorizons.common.wrappers.worldGeneration.mimicObject.DhLitWorldGenRegion_forge
[31Jul2026 16:06:21.614] [DH-World Gen Thread[4]/ERROR] [bettercaves/]: Liquid regions will not be generated for this chunk. This may be fatal!
[31Jul2026 16:06:21.614] [DH-World Gen Thread[4]/ERROR] [bettercaves/]: Better Caves expected a ServerLevel, but got: com.seibel.distanthorizons.common.wrappers.worldGeneration.mimicObject.DhLitWorldGenRegion_forge
[31Jul2026 16:06:21.614] [DH-World Gen Thread[4]/ERROR] [bettercaves/]: Liquid regions will not be generated for this chunk. This may be fatal!
[31Jul2026 16:06:21.614] [DH-World Gen Thread[4]/ERROR] [bettercaves/]: Better Caves expected a ServerLevel, but got: com.seibel.distanthorizons.common.wrappers.worldGeneration.mimicObject.DhLitWorldGenRegion_forge
[31Jul2026 16:06:21.614] [DH-World Gen Thread[4]/ERROR] [bettercaves/]: Liquid regions will not be generated for this chunk. This may be fatal!
[31Jul2026 16:06:21.615] [DH-World Gen Thread[4]/ERROR] [bettercaves/]: Better Caves expected a ServerLevel, but got: com.seibel.distanthorizons.common.wrappers.worldGeneration.mimicObject.DhLitWorldGenRegion_forge
[31Jul2026 16:06:21.615] [DH-World Gen Thread[4]/ERROR] [bettercaves/]: Liquid regions will not be generated for this chunk. This may be fatal!
[31Jul2026 16:06:21.615] [DH-World Gen Thread[4]/ERROR] [bettercaves/]: Better Caves expected a ServerLevel, but got: com.seibel.distanthorizons.common.wrappers.worldGeneration.mimicObject.DhLitWorldGenRegion_forge
[31Jul2026 16:06:21.615] [DH-World Gen Thread[4]/ERROR] [bettercaves/]: Liquid regions will not be generated for this chunk. This may be fatal!
[31Jul2026 16:06:21.615] [DH-World Gen Thread[4]/ERROR] [bettercaves/]: Better Caves expected a ServerLevel, but got: com.seibel.distanthorizons.common.wrappers.worldGeneration.mimicObject.DhLitWorldGenRegion_forge
[31Jul2026 16:06:21.615] [DH-World Gen Thread[4]/ERROR] [bettercaves/]: Liquid regions will not be generated for this chunk. This may be fatal!
[31Jul2026 16:06:21.615] [DH-World Gen Thread[2]/ERROR] [bettercaves/]: Better Caves expected a ServerLevel, but got: com.seibel.distanthorizons.common.wrappers.worldGeneration.mimicObject.DhLitWorldGenRegion_forge
[31Jul2026 16:06:21.626] [DH-World Gen Thread[2]/ERROR] [bettercaves/]: Liquid regions will not be generated for this chunk. This may be fatal!
[31Jul2026 16:06:21.642] [DH-World Gen Thread[2]/ERROR] [bettercaves/]: Better Caves expected a ServerLevel, but got: com.seibel.distanthorizons.common.wrappers.worldGeneration.mimicObject.DhLitWorldGenRegion_forge
[31Jul2026 16:06:21.646] [DH-World Gen Thread[2]/ERROR] [bettercaves/]: Liquid regions will not be generated for this chunk. This may be fatal!
[31Jul2026 16:06:21.663] [DH-World Gen Thread[2]/ERROR] [bettercaves/]: Better Caves expected a ServerLevel, but got: com.seibel.distanthorizons.common.wrappers.worldGeneration.mimicObject.DhLitWorldGenRegion_forge
[31Jul2026 16:06:21.664] [DH-World Gen Thread[2]/ERROR] [bettercaves/]: Liquid regions will not be generated for this chunk. This may be fatal!
[31Jul2026 16:06:21.669] [DH-World Gen Thread[2]/ERROR] [bettercaves/]: Better Caves expected a ServerLevel, but got: com.seibel.distanthorizons.common.wrappers.worldGeneration.mimicObject.DhLitWorldGenRegion_forge
[31Jul2026 16:06:21.669] [DH-World Gen Thread[2]/ERROR] [bettercaves/]: Liquid regions will not be generated for this chunk. This may be fatal!
[31Jul2026 16:06:21.669] [DH-World Gen Thread[2]/ERROR] [bettercaves/]: Better Caves expected a ServerLevel, but got: com.seibel.distanthorizons.common.wrappers.worldGeneration.mimicObject.DhLitWorldGenRegion_forge
[31Jul2026 16:06:21.669] [DH-World Gen Thread[2]/ERROR] [bettercaves/]: Liquid regions will not be generated for this chunk. This may be fatal!
[31Jul2026 16:06:21.670] [DH-World Gen Thread[2]/ERROR] [bettercaves/]: Better Caves expected a ServerLevel, but got: com.seibel.distanthorizons.common.wrappers.worldGeneration.mimicObject.DhLitWorldGenRegion_forge
[31Jul2026 16:06:21.670] [DH-World Gen Thread[2]/ERROR] [bettercaves/]: Liquid regions will not be generated for this chunk. This may be fatal!
[31Jul2026 16:06:21.670] [DH-World Gen Thread[2]/ERROR] [bettercaves/]: Better Caves expected a ServerLevel, but got: com.seibel.distanthorizons.common.wrappers.worldGeneration.mimicObject.DhLitWorldGenRegion_forge
[31Jul2026 16:06:21.670] [DH-World Gen Thread[2]/ERROR] [bettercaves/]: Liquid regions will not be generated for this chunk. This may be fatal!
[31Jul2026 16:06:21.670] [DH-World Gen Thread[2]/ERROR] [bettercaves/]: Better Caves expected a ServerLevel, but got: com.seibel.distanthorizons.common.wrappers.worldGeneration.mimicObject.DhLitWorldGenRegion_forge
[31Jul2026 16:06:21.670] [DH-World Gen Thread[2]/ERROR] [bettercaves/]: Liquid regions will not be generated for this chunk. This may be fatal!
[31Jul2026 16:06:21.670] [DH-World Gen Thread[2]/ERROR] [bettercaves/]: Better Caves expected a ServerLevel, but got: com.seibel.distanthorizons.common.wrappers.worldGeneration.mimicObject.DhLitWorldGenRegion_forge
[31Jul2026 16:06:21.670] [DH-World Gen Thread[2]/ERROR] [bettercaves/]: Liquid regions will not be generated for this chunk. This may be fatal!
[31Jul2026 16:06:21.671] [DH-World Gen Thread[1]/ERROR] [bettercaves/]: Better Caves expected a ServerLevel, but got: com.seibel.distanthorizons.common.wrappers.worldGeneration.mimicObject.DhLitWorldGenRegion_forge
[31Jul2026 16:06:21.676] [DH-World Gen Thread[1]/ERROR] [bettercaves/]: Liquid regions will not be generated for this chunk. This may be fatal!
[31Jul2026 16:06:21.677] [DH-World Gen Thread[1]/ERROR] [bettercaves/]: Better Caves expected a ServerLevel, but got: com.seibel.distanthorizons.common.wrappers.worldGeneration.mimicObject.DhLitWorldGenRegion_forge
[31Jul2026 16:06:21.677] [DH-World Gen Thread[1]/ERROR] [bettercaves/]: Liquid regions will not be generated for this chunk. This may be fatal!
[31Jul2026 16:06:21.689] [DH-World Gen Thread[1]/ERROR] [bettercaves/]: Better Caves expected a ServerLevel, but got: com.seibel.distanthorizons.common.wrappers.worldGeneration.mimicObject.DhLitWorldGenRegion_forge
[31Jul2026 16:06:21.694] [DH-World Gen Thread[1]/ERROR] [bettercaves/]: Liquid regions will not be generated for this chunk. This may be fatal!
[31Jul2026 16:06:21.695] [DH-World Gen Thread[1]/ERROR] [bettercaves/]: Better Caves expected a ServerLevel, but got: com.seibel.distanthorizons.common.wrappers.worldGeneration.mimicObject.DhLitWorldGenRegion_forge
[31Jul2026 16:06:21.695] [DH-World Gen Thread[1]/ERROR] [bettercaves/]: Liquid regions will not be generated for this chunk. This may be fatal!
[31Jul2026 16:06:21.695] [DH-World Gen Thread[1]/ERROR] [bettercaves/]: Better Caves expected a ServerLevel, but got: com.seibel.distanthorizons.common.wrappers.worldGeneration.mimicObject.DhLitWorldGenRegion_forge
[31Jul2026 16:06:21.696] [DH-World Gen Thread[1]/ERROR] [bettercaves/]: Liquid regions will not be generated for this chunk. This may be fatal!
[31Jul2026 16:06:21.696] [DH-World Gen Thread[1]/ERROR] [bettercaves/]: Better Caves expected a ServerLevel, but got: com.seibel.distanthorizons.common.wrappers.worldGeneration.mimicObject.DhLitWorldGenRegion_forge
[31Jul2026 16:06:21.696] [DH-World Gen Thread[1]/ERROR] [bettercaves/]: Liquid regions will not be generated for this chunk. This may be fatal!
[31Jul2026 16:06:21.696] [DH-World Gen Thread[1]/ERROR] [bettercaves/]: Better Caves expected a ServerLevel, but got: com.seibel.distanthorizons.common.wrappers.worldGeneration.mimicObject.DhLitWorldGenRegion_forge
[31Jul2026 16:06:21.696] [DH-World Gen Thread[1]/ERROR] [bettercaves/]: Liquid regions will not be generated for this chunk. This may be fatal!
[31Jul2026 16:06:21.696] [DH-World Gen Thread[1]/ERROR] [bettercaves/]: Better Caves expected a ServerLevel, but got: com.seibel.distanthorizons.common.wrappers.worldGeneration.mimicObject.DhLitWorldGenRegion_forge
[31Jul2026 16:06:21.696] [DH-World Gen Thread[1]/ERROR] [bettercaves/]: Liquid regions will not be generated for this chunk. This may be fatal!
[31Jul2026 16:06:21.696] [DH-World Gen Thread[1]/ERROR] [bettercaves/]: Better Caves expected a ServerLevel, but got: com.seibel.distanthorizons.common.wrappers.worldGeneration.mimicObject.DhLitWorldGenRegion_forge
[31Jul2026 16:06:21.696] [DH-World Gen Thread[1]/ERROR] [bettercaves/]: Liquid regions will not be generated for this chunk. This may be fatal!
[31Jul2026 16:06:22.833] [DH-World Gen Thread[3]/ERROR] [bettercaves/]: Better Caves expected a ServerLevel, but got: com.seibel.distanthorizons.common.wrappers.worldGeneration.mimicObject.DhLitWorldGenRegion_forge
[31Jul2026 16:06:22.834] [DH-World Gen Thread[3]/ERROR] [bettercaves/]: Liquid regions will not be generated for this chunk. This may be fatal!
[31Jul2026 16:06:22.836] [DH-World Gen Thread[3]/ERROR] [bettercaves/]: Better Caves expected a ServerLevel, but got: com.seibel.distanthorizons.common.wrappers.worldGeneration.mimicObject.DhLitWorldGenRegion_forge
[31Jul2026 16:06:22.844] [DH-World Gen Thread[3]/ERROR] [bettercaves/]: Liquid regions will not be generated for this chunk. This may be fatal!
[31Jul2026 16:06:22.844] [DH-World Gen Thread[3]/ERROR] [bettercaves/]: Better Caves expected a ServerLevel, but got: com.seibel.distanthorizons.common.wrappers.worldGeneration.mimicObject.DhLitWorldGenRegion_forge
[31Jul2026 16:06:22.845] [DH-World Gen Thread[3]/ERROR] [bettercaves/]: Liquid regions will not be generated for this chunk. This may be fatal!
[31Jul2026 16:06:22.926] [DH-World Gen Thread[0]/ERROR] [bettercaves/]: Better Caves expected a ServerLevel, but got: com.seibel.distanthorizons.common.wrappers.worldGeneration.mimicObject.DhLitWorldGenRegion_forge
[31Jul2026 16:06:22.927] [DH-World Gen Thread[0]/ERROR] [bettercaves/]: Liquid regions will not be generated for this chunk. This may be fatal!
[31Jul2026 16:06:22.927] [DH-World Gen Thread[0]/ERROR] [bettercaves/]: Better Caves expected a ServerLevel, but got: com.seibel.distanthorizons.common.wrappers.worldGeneration.mimicObject.DhLitWorldGenRegion_forge
[31Jul2026 16:06:22.930] [DH-World Gen Thread[0]/ERROR] [bettercaves/]: Liquid regions will not be generated for this chunk. This may be fatal!
[31Jul2026 16:06:22.947] [DH-World Gen Thread[0]/ERROR] [bettercaves/]: Better Caves expected a ServerLevel, but got: com.seibel.distanthorizons.common.wrappers.worldGeneration.mimicObject.DhLitWorldGenRegion_forge
[31Jul2026 16:06:22.949] [DH-World Gen Thread[0]/ERROR] [bettercaves/]: Liquid regions will not be generated for this chunk. This may be fatal!
[31Jul2026 16:06:22.980] [DH-World Gen Thread[1]/ERROR] [bettercaves/]: Better Caves expected a ServerLevel, but got: com.seibel.distanthorizons.common.wrappers.worldGeneration.mimicObject.DhLitWorldGenRegion_forge
[31Jul2026 16:06:23.002] [DH-World Gen Thread[1]/ERROR] [bettercaves/]: Liquid regions will not be generated for this chunk. This may be fatal!
[31Jul2026 16:06:23.022] [DH-World Gen Thread[1]/ERROR] [bettercaves/]: Better Caves expected a ServerLevel, but got: com.seibel.distanthorizons.common.wrappers.worldGeneration.mimicObject.DhLitWorldGenRegion_forge
[31Jul2026 16:06:23.033] [DH-World Gen Thread[1]/ERROR] [bettercaves/]: Liquid regions will not be generated for this chunk. This may be fatal!
[31Jul2026 16:06:23.051] [DH-World Gen Thread[1]/ERROR] [bettercaves/]: Better Caves expected a ServerLevel, but got: com.seibel.distanthorizons.common.wrappers.worldGeneration.mimicObject.DhLitWorldGenRegion_forge
[31Jul2026 16:06:23.051] [DH-World Gen Thread[1]/ERROR] [bettercaves/]: Liquid regions will not be generated for this chunk. This may be fatal!
[31Jul2026 16:06:23.188] [DH-World Gen Thread[5]/ERROR] [bettercaves/]: Better Caves expected a ServerLevel, but got: com.seibel.distanthorizons.common.wrappers.worldGeneration.mimicObject.DhLitWorldGenRegion_forge
[31Jul2026 16:06:23.191] [DH-World Gen Thread[5]/ERROR] [bettercaves/]: Liquid regions will not be generated for this chunk. This may be fatal!
[31Jul2026 16:06:23.192] [DH-World Gen Thread[5]/ERROR] [bettercaves/]: Better Caves expected a ServerLevel, but got: com.seibel.distanthorizons.common.wrappers.worldGeneration.mimicObject.DhLitWorldGenRegion_forge
[31Jul2026 16:06:23.192] [DH-World Gen Thread[5]/ERROR] [bettercaves/]: Liquid regions will not be generated for this chunk. This may be fatal!
[31Jul2026 16:06:23.192] [DH-World Gen Thread[5]/ERROR] [bettercaves/]: Better Caves expected a ServerLevel, but got: com.seibel.distanthorizons.common.wrappers.worldGeneration.mimicObject.DhLitWorldGenRegion_forge
[31Jul2026 16:06:23.192] [DH-World Gen Thread[5]/ERROR] [bettercaves/]: Liquid regions will not be generated for this chunk. This may be fatal!
[31Jul2026 16:06:23.192] [DH-World Gen Thread[3]/ERROR] [bettercaves/]: Better Caves expected a ServerLevel, but got: com.seibel.distanthorizons.common.wrappers.worldGeneration.mimicObject.DhLitWorldGenRegion_forge
[31Jul2026 16:06:23.196] [DH-World Gen Thread[3]/ERROR] [bettercaves/]: Liquid regions will not be generated for this chunk. This may be fatal!
[31Jul2026 16:06:23.204] [DH-World Gen Thread[3]/ERROR] [bettercaves/]: Better Caves expected a ServerLevel, but got: com.seibel.distanthorizons.common.wrappers.worldGeneration.mimicObject.DhLitWorldGenRegion_forge
[31Jul2026 16:06:23.205] [DH-World Gen Thread[3]/ERROR] [bettercaves/]: Liquid regions will not be generated for this chunk. This may be fatal!
[31Jul2026 16:06:23.208] [DH-World Gen Thread[3]/ERROR] [bettercaves/]: Better Caves expected a ServerLevel, but got: com.seibel.distanthorizons.common.wrappers.worldGeneration.mimicObject.DhLitWorldGenRegion_forge
[31Jul2026 16:06:23.209] [DH-World Gen Thread[3]/ERROR] [bettercaves/]: Liquid regions will not be generated for this chunk. This may be fatal!
[31Jul2026 16:06:23.220] [DH-World Gen Thread[4]/ERROR] [bettercaves/]: Better Caves expected a ServerLevel, but got: com.seibel.distanthorizons.common.wrappers.worldGeneration.mimicObject.DhLitWorldGenRegion_forge
[31Jul2026 16:06:23.221] [DH-World Gen Thread[4]/ERROR] [bettercaves/]: Liquid regions will not be generated for this chunk. This may be fatal!
[31Jul2026 16:06:23.221] [DH-World Gen Thread[4]/ERROR] [bettercaves/]: Better Caves expected a ServerLevel, but got: com.seibel.distanthorizons.common.wrappers.worldGeneration.mimicObject.DhLitWorldGenRegion_forge
[31Jul2026 16:06:23.221] [DH-World Gen Thread[4]/ERROR] [bettercaves/]: Liquid regions will not be generated for this chunk. This may be fatal!
[31Jul2026 16:06:23.221] [DH-World Gen Thread[4]/ERROR] [bettercaves/]: Better Caves expected a ServerLevel, but got: com.seibel.distanthorizons.common.wrappers.worldGeneration.mimicObject.DhLitWorldGenRegion_forge
[31Jul2026 16:06:23.221] [DH-World Gen Thread[4]/ERROR] [bettercaves/]: Liquid regions will not be generated for this chunk. This may be fatal!
[31Jul2026 16:06:23.406] [DH-World Gen Thread[0]/ERROR] [bettercaves/]: Better Caves expected a ServerLevel, but got: com.seibel.distanthorizons.common.wrappers.worldGeneration.mimicObject.DhLitWorldGenRegion_forge
[31Jul2026 16:06:23.406] [DH-World Gen Thread[0]/ERROR] [bettercaves/]: Liquid regions will not be generated for this chunk. This may be fatal!
[31Jul2026 16:06:23.406] [DH-World Gen Thread[0]/ERROR] [bettercaves/]: Better Caves expected a ServerLevel, but got: com.seibel.distanthorizons.common.wrappers.worldGeneration.mimicObject.DhLitWorldGenRegion_forge
[31Jul2026 16:06:23.406] [DH-World Gen Thread[0]/ERROR] [bettercaves/]: Liquid regions will not be generated for this chunk. This may be fatal!
[31Jul2026 16:06:23.406] [DH-World Gen Thread[0]/ERROR] [bettercaves/]: Better Caves expected a ServerLevel, but got: com.seibel.distanthorizons.common.wrappers.worldGeneration.mimicObject.DhLitWorldGenRegion_forge
[31Jul2026 16:06:23.406] [DH-World Gen Thread[0]/ERROR] [bettercaves/]: Liquid regions will not be generated for this chunk. This may be fatal!
[31Jul2026 16:06:23.443] [DH-World Gen Thread[1]/ERROR] [bettercaves/]: Better Caves expected a ServerLevel, but got: com.seibel.distanthorizons.common.wrappers.worldGeneration.mimicObject.DhLitWorldGenRegion_forge
[31Jul2026 16:06:23.443] [DH-World Gen Thread[1]/ERROR] [bettercaves/]: Liquid regions will not be generated for this chunk. This may be fatal!
[31Jul2026 16:06:23.444] [DH-World Gen Thread[1]/ERROR] [bettercaves/]: Better Caves expected a ServerLevel, but got: com.seibel.distanthorizons.common.wrappers.worldGeneration.mimicObject.DhLitWorldGenRegion_forge
[31Jul2026 16:06:23.446] [DH-World Gen Thread[1]/ERROR] [bettercaves/]: Liquid regions will not be generated for this chunk. This may be fatal!
[31Jul2026 16:06:23.447] [DH-World Gen Thread[1]/ERROR] [bettercaves/]: Better Caves expected a ServerLevel, but got: com.seibel.distanthorizons.common.wrappers.worldGeneration.mimicObject.DhLitWorldGenRegion_forge
[31Jul2026 16:06:23.449] [DH-World Gen Thread[1]/ERROR] [bettercaves/]: Liquid regions will not be generated for this chunk. This may be fatal!
[31Jul2026 16:06:23.689] [DH-World Gen Thread[5]/ERROR] [bettercaves/]: Better Caves expected a ServerLevel, but got: com.seibel.distanthorizons.common.wrappers.worldGeneration.mimicObject.DhLitWorldGenRegion_forge
[31Jul2026 16:06:23.821] [DH-World Gen Thread[5]/ERROR] [bettercaves/]: Liquid regions will not be generated for this chunk. This may be fatal!
[31Jul2026 16:06:23.833] [DH-World Gen Thread[5]/ERROR] [bettercaves/]: Better Caves expected a ServerLevel, but got: com.seibel.distanthorizons.common.wrappers.worldGeneration.mimicObject.DhLitWorldGenRegion_forge
[31Jul2026 16:06:23.838] [DH-World Gen Thread[5]/ERROR] [bettercaves/]: Liquid regions will not be generated for this chunk. This may be fatal!
[31Jul2026 16:06:23.838] [DH-World Gen Thread[5]/ERROR] [bettercaves/]: Better Caves expected a ServerLevel, but got: com.seibel.distanthorizons.common.wrappers.worldGeneration.mimicObject.DhLitWorldGenRegion_forge
[31Jul2026 16:06:23.838] [DH-World Gen Thread[5]/ERROR] [bettercaves/]: Liquid regions will not be generated for this chunk. This may be fatal!
[31Jul2026 16:06:23.849] [DH-World Gen Thread[4]/ERROR] [bettercaves/]: Better Caves expected a ServerLevel, but got: com.seibel.distanthorizons.common.wrappers.worldGeneration.mimicObject.DhLitWorldGenRegion_forge
[31Jul2026 16:06:23.850] [DH-World Gen Thread[4]/ERROR] [bettercaves/]: Liquid regions will not be generated for this chunk. This may be fatal!
[31Jul2026 16:06:23.874] [DH-World Gen Thread[4]/ERROR] [bettercaves/]: Better Caves expected a ServerLevel, but got: com.seibel.distanthorizons.common.wrappers.worldGeneration.mimicObject.DhLitWorldGenRegion_forge
[31Jul2026 16:06:23.880] [DH-World Gen Thread[4]/ERROR] [bettercaves/]: Liquid regions will not be generated for this chunk. This may be fatal!
[31Jul2026 16:06:23.881] [DH-World Gen Thread[4]/ERROR] [bettercaves/]: Better Caves expected a ServerLevel, but got: com.seibel.distanthorizons.common.wrappers.worldGeneration.mimicObject.DhLitWorldGenRegion_forge
[31Jul2026 16:06:23.881] [DH-World Gen Thread[4]/ERROR] [bettercaves/]: Liquid regions will not be generated for this chunk. This may be fatal!
[31Jul2026 16:06:23.881] [DH-World Gen Thread[2]/ERROR] [bettercaves/]: Better Caves expected a ServerLevel, but got: com.seibel.distanthorizons.common.wrappers.worldGeneration.mimicObject.DhLitWorldGenRegion_forge
[31Jul2026 16:06:23.882] [DH-World Gen Thread[2]/ERROR] [bettercaves/]: Liquid regions will not be generated for this chunk. This may be fatal!
[31Jul2026 16:06:23.882] [DH-World Gen Thread[2]/ERROR] [bettercaves/]: Better Caves expected a ServerLevel, but got: com.seibel.distanthorizons.common.wrappers.worldGeneration.mimicObject.DhLitWorldGenRegion_forge
[31Jul2026 16:06:23.882] [DH-World Gen Thread[2]/ERROR] [bettercaves/]: Liquid regions will not be generated for this chunk. This may be fatal!
[31Jul2026 16:06:23.883] [DH-World Gen Thread[2]/ERROR] [bettercaves/]: Better Caves expected a ServerLevel, but got: com.seibel.distanthorizons.common.wrappers.worldGeneration.mimicObject.DhLitWorldGenRegion_forge
[31Jul2026 16:06:23.883] [DH-World Gen Thread[2]/ERROR] [bettercaves/]: Liquid regions will not be generated for this chunk. This may be fatal!
[31Jul2026 16:06:23.986] [DH-World Gen Thread[3]/ERROR] [bettercaves/]: Better Caves expected a ServerLevel, but got: com.seibel.distanthorizons.common.wrappers.worldGeneration.mimicObject.DhLitWorldGenRegion_forge
[31Jul2026 16:06:23.989] [DH-World Gen Thread[3]/ERROR] [bettercaves/]: Liquid regions will not be generated for this chunk. This may be fatal!
[31Jul2026 16:06:24.076] [DH-World Gen Thread[1]/ERROR] [bettercaves/]: Better Caves expected a ServerLevel, but got: com.seibel.distanthorizons.common.wrappers.worldGeneration.mimicObject.DhLitWorldGenRegion_forge
[31Jul2026 16:06:24.089] [DH-World Gen Thread[1]/ERROR] [bettercaves/]: Liquid regions will not be generated for this chunk. This may be fatal!
[31Jul2026 16:06:24.147] [DH-World Gen Thread[0]/ERROR] [bettercaves/]: Better Caves expected a ServerLevel, but got: com.seibel.distanthorizons.common.wrappers.worldGeneration.mimicObject.DhLitWorldGenRegion_forge
[31Jul2026 16:06:24.147] [DH-World Gen Thread[0]/ERROR] [bettercaves/]: Liquid regions will not be generated for this chunk. This may be fatal!
[31Jul2026 16:06:24.357] [DH-World Gen Thread[2]/ERROR] [bettercaves/]: Better Caves expected a ServerLevel, but got: com.seibel.distanthorizons.common.wrappers.worldGeneration.mimicObject.DhLitWorldGenRegion_forge
[31Jul2026 16:06:24.369] [DH-World Gen Thread[2]/ERROR] [bettercaves/]: Liquid regions will not be generated for this chunk. This may be fatal!
[31Jul2026 16:06:24.372] [DH-World Gen Thread[2]/ERROR] [bettercaves/]: Better Caves expected a ServerLevel, but got: com.seibel.distanthorizons.common.wrappers.worldGeneration.mimicObject.DhLitWorldGenRegion_forge
[31Jul2026 16:06:24.394] [DH-World Gen Thread[2]/ERROR] [bettercaves/]: Liquid regions will not be generated for this chunk. This may be fatal!
[31Jul2026 16:06:24.409] [DH-World Gen Thread[2]/ERROR] [bettercaves/]: Better Caves expected a ServerLevel, but got: com.seibel.distanthorizons.common.wrappers.worldGeneration.mimicObject.DhLitWorldGenRegion_forge
[31Jul2026 16:06:24.410] [DH-World Gen Thread[2]/ERROR] [bettercaves/]: Liquid regions will not be generated for this chunk. This may be fatal!
[31Jul2026 16:06:24.419] [DH-World Gen Thread[5]/ERROR] [bettercaves/]: Better Caves expected a ServerLevel, but got: com.seibel.distanthorizons.common.wrappers.worldGeneration.mimicObject.DhLitWorldGenRegion_forge
[31Jul2026 16:06:24.419] [DH-World Gen Thread[5]/ERROR] [bettercaves/]: Liquid regions will not be generated for this chunk. This may be fatal!
[31Jul2026 16:06:24.692] [DH-World Gen Thread[4]/ERROR] [bettercaves/]: Better Caves expected a ServerLevel, but got: com.seibel.distanthorizons.common.wrappers.worldGeneration.mimicObject.DhLitWorldGenRegion_forge
[31Jul2026 16:06:24.721] [DH-World Gen Thread[4]/ERROR] [bettercaves/]: Liquid regions will not be generated for this chunk. This may be fatal!
[31Jul2026 16:06:25.372] [DH-World Gen Thread[2]/ERROR] [bettercaves/]: Better Caves expected a ServerLevel, but got: com.seibel.distanthorizons.common.wrappers.worldGeneration.mimicObject.DhLitWorldGenRegion_forge
[31Jul2026 16:06:25.376] [DH-World Gen Thread[2]/ERROR] [bettercaves/]: Liquid regions will not be generated for this chunk. This may be fatal!
[31Jul2026 16:06:26.928] [DH-World Gen Thread[0]/ERROR] [bettercaves/]: Better Caves expected a ServerLevel, but got: com.seibel.distanthorizons.common.wrappers.worldGeneration.mimicObject.DhLitWorldGenRegion_forge
[31Jul2026 16:06:26.928] [DH-World Gen Thread[0]/ERROR] [bettercaves/]: Liquid regions will not be generated for this chunk. This may be fatal!
[31Jul2026 16:06:26.928] [DH-World Gen Thread[0]/ERROR] [bettercaves/]: Better Caves expected a ServerLevel, but got: com.seibel.distanthorizons.common.wrappers.worldGeneration.mimicObject.DhLitWorldGenRegion_forge
[31Jul2026 16:06:26.928] [DH-World Gen Thread[0]/ERROR] [bettercaves/]: Liquid regions will not be generated for this chunk. This may be fatal!
[31Jul2026 16:06:26.928] [DH-World Gen Thread[0]/ERROR] [bettercaves/]: Better Caves expected a ServerLevel, but got: com.seibel.distanthorizons.common.wrappers.worldGeneration.mimicObject.DhLitWorldGenRegion_forge
[31Jul2026 16:06:26.930] [DH-World Gen Thread[0]/ERROR] [bettercaves/]: Liquid regions will not be generated for this chunk. This may be fatal!
[31Jul2026 16:06:26.930] [DH-World Gen Thread[0]/ERROR] [bettercaves/]: Better Caves expected a ServerLevel, but got: com.seibel.distanthorizons.common.wrappers.worldGeneration.mimicObject.DhLitWorldGenRegion_forge
[31Jul2026 16:06:26.930] [DH-World Gen Thread[0]/ERROR] [bettercaves/]: Liquid regions will not be generated for this chunk. This may be fatal!
[31Jul2026 16:06:26.930] [DH-World Gen Thread[0]/ERROR] [bettercaves/]: Better Caves expected a ServerLevel, but got: com.seibel.distanthorizons.common.wrappers.worldGeneration.mimicObject.DhLitWorldGenRegion_forge
[31Jul2026 16:06:26.930] [DH-World Gen Thread[0]/ERROR] [bettercaves/]: Liquid regions will not be generated for this chunk. This may be fatal!
[31Jul2026 16:06:26.930] [DH-World Gen Thread[0]/ERROR] [bettercaves/]: Better Caves expected a ServerLevel, but got: com.seibel.distanthorizons.common.wrappers.worldGeneration.mimicObject.DhLitWorldGenRegion_forge
[31Jul2026 16:06:26.930] [DH-World Gen Thread[0]/ERROR] [bettercaves/]: Liquid regions will not be generated for this chunk. This may be fatal!
[31Jul2026 16:06:26.930] [DH-World Gen Thread[0]/ERROR] [bettercaves/]: Better Caves expected a ServerLevel, but got: com.seibel.distanthorizons.common.wrappers.worldGeneration.mimicObject.DhLitWorldGenRegion_forge
[31Jul2026 16:06:26.930] [DH-World Gen Thread[0]/ERROR] [bettercaves/]: Liquid regions will not be generated for this chunk. This may be fatal!
[31Jul2026 16:06:26.931] [DH-World Gen Thread[0]/ERROR] [bettercaves/]: Better Caves expected a ServerLevel, but got: com.seibel.distanthorizons.common.wrappers.worldGeneration.mimicObject.DhLitWorldGenRegion_forge
[31Jul2026 16:06:26.931] [DH-World Gen Thread[0]/ERROR] [bettercaves/]: Liquid regions will not be generated for this chunk. This may be fatal!
[31Jul2026 16:06:26.931] [DH-World Gen Thread[0]/ERROR] [bettercaves/]: Better Caves expected a ServerLevel, but got: com.seibel.distanthorizons.common.wrappers.worldGeneration.mimicObject.DhLitWorldGenRegion_forge
[31Jul2026 16:06:26.931] [DH-World Gen Thread[0]/ERROR] [bettercaves/]: Liquid regions will not be generated for this chunk. This may be fatal!
[31Jul2026 16:06:26.945] [DH-World Gen Thread[3]/ERROR] [bettercaves/]: Better Caves expected a ServerLevel, but got: com.seibel.distanthorizons.common.wrappers.worldGeneration.mimicObject.DhLitWorldGenRegion_forge
[31Jul2026 16:06:26.946] [DH-World Gen Thread[3]/ERROR] [bettercaves/]: Liquid regions will not be generated for this chunk. This may be fatal!
[31Jul2026 16:06:26.947] [DH-World Gen Thread[3]/ERROR] [bettercaves/]: Better Caves expected a ServerLevel, but got: com.seibel.distanthorizons.common.wrappers.worldGeneration.mimicObject.DhLitWorldGenRegion_forge
[31Jul2026 16:06:26.947] [DH-World Gen Thread[3]/ERROR] [bettercaves/]: Liquid regions will not be generated for this chunk. This may be fatal!
[31Jul2026 16:06:26.955] [DH-World Gen Thread[3]/ERROR] [bettercaves/]: Better Caves expected a ServerLevel, but got: com.seibel.distanthorizons.common.wrappers.worldGeneration.mimicObject.DhLitWorldGenRegion_forge
[31Jul2026 16:06:26.956] [DH-World Gen Thread[3]/ERROR] [bettercaves/]: Liquid regions will not be generated for this chunk. This may be fatal!
[31Jul2026 16:06:26.956] [DH-World Gen Thread[3]/ERROR] [bettercaves/]: Better Caves expected a ServerLevel, but got: com.seibel.distanthorizons.common.wrappers.worldGeneration.mimicObject.DhLitWorldGenRegion_forge
[31Jul2026 16:06:26.956] [DH-World Gen Thread[3]/ERROR] [bettercaves/]: Liquid regions will not be generated for this chunk. This may be fatal!
[31Jul2026 16:06:26.956] [DH-World Gen Thread[3]/ERROR] [bettercaves/]: Better Caves expected a ServerLevel, but got: com.seibel.distanthorizons.common.wrappers.worldGeneration.mimicObject.DhLitWorldGenRegion_forge
[31Jul2026 16:06:26.956] [DH-World Gen Thread[3]/ERROR] [bettercaves/]: Liquid regions will not be generated for this chunk. This may be fatal!
[31Jul2026 16:06:26.957] [DH-World Gen Thread[3]/ERROR] [bettercaves/]: Better Caves expected a ServerLevel, but got: com.seibel.distanthorizons.common.wrappers.worldGeneration.mimicObject.DhLitWorldGenRegion_forge
[31Jul2026 16:06:26.957] [DH-World Gen Thread[3]/ERROR] [bettercaves/]: Liquid regions will not be generated for this chunk. This may be fatal!
[31Jul2026 16:06:26.957] [DH-World Gen Thread[3]/ERROR] [bettercaves/]: Better Caves expected a ServerLevel, but got: com.seibel.distanthorizons.common.wrappers.worldGeneration.mimicObject.DhLitWorldGenRegion_forge
[31Jul2026 16:06:26.957] [DH-World Gen Thread[3]/ERROR] [bettercaves/]: Liquid regions will not be generated for this chunk. This may be fatal!
[31Jul2026 16:06:26.957] [DH-World Gen Thread[3]/ERROR] [bettercaves/]: Better Caves expected a ServerLevel, but got: com.seibel.distanthorizons.common.wrappers.worldGeneration.mimicObject.DhLitWorldGenRegion_forge
[31Jul2026 16:06:26.957] [DH-World Gen Thread[3]/ERROR] [bettercaves/]: Liquid regions will not be generated for this chunk. This may be fatal!
[31Jul2026 16:06:26.959] [DH-World Gen Thread[3]/ERROR] [bettercaves/]: Better Caves expected a ServerLevel, but got: com.seibel.distanthorizons.common.wrappers.worldGeneration.mimicObject.DhLitWorldGenRegion_forge
[31Jul2026 16:06:26.959] [DH-World Gen Thread[3]/ERROR] [bettercaves/]: Liquid regions will not be generated for this chunk. This may be fatal!
[31Jul2026 16:06:26.967] [DH-World Gen Thread[1]/ERROR] [bettercaves/]: Better Caves expected a ServerLevel, but got: com.seibel.distanthorizons.common.wrappers.worldGeneration.mimicObject.DhLitWorldGenRegion_forge
[31Jul2026 16:06:26.967] [DH-World Gen Thread[1]/ERROR] [bettercaves/]: Liquid regions will not be generated for this chunk. This may be fatal!
[31Jul2026 16:06:26.975] [DH-World Gen Thread[1]/ERROR] [bettercaves/]: Better Caves expected a ServerLevel, but got: com.seibel.distanthorizons.common.wrappers.worldGeneration.mimicObject.DhLitWorldGenRegion_forge
[31Jul2026 16:06:26.975] [DH-World Gen Thread[1]/ERROR] [bettercaves/]: Liquid regions will not be generated for this chunk. This may be fatal!
[31Jul2026 16:06:26.975] [DH-World Gen Thread[1]/ERROR] [bettercaves/]: Better Caves expected a ServerLevel, but got: com.seibel.distanthorizons.common.wrappers.worldGeneration.mimicObject.DhLitWorldGenRegion_forge
[31Jul2026 16:06:26.975] [DH-World Gen Thread[1]/ERROR] [bettercaves/]: Liquid regions will not be generated for this chunk. This may be fatal!
[31Jul2026 16:06:26.976] [DH-World Gen Thread[1]/ERROR] [bettercaves/]: Better Caves expected a ServerLevel, but got: com.seibel.distanthorizons.common.wrappers.worldGeneration.mimicObject.DhLitWorldGenRegion_forge
[31Jul2026 16:06:26.976] [DH-World Gen Thread[1]/ERROR] [bettercaves/]: Liquid regions will not be generated for this chunk. This may be fatal!
[31Jul2026 16:06:26.976] [DH-World Gen Thread[1]/ERROR] [bettercaves/]: Better Caves expected a ServerLevel, but got: com.seibel.distanthorizons.common.wrappers.worldGeneration.mimicObject.DhLitWorldGenRegion_forge
[31Jul2026 16:06:26.976] [DH-World Gen Thread[1]/ERROR] [bettercaves/]: Liquid regions will not be generated for this chunk. This may be fatal!
[31Jul2026 16:06:26.993] [DH-World Gen Thread[1]/ERROR] [bettercaves/]: Better Caves expected a ServerLevel, but got: com.seibel.distanthorizons.common.wrappers.worldGeneration.mimicObject.DhLitWorldGenRegion_forge
[31Jul2026 16:06:26.994] [DH-World Gen Thread[1]/ERROR] [bettercaves/]: Liquid regions will not be generated for this chunk. This may be fatal!
[31Jul2026 16:06:26.994] [DH-World Gen Thread[5]/ERROR] [bettercaves/]: Better Caves expected a ServerLevel, but got: com.seibel.distanthorizons.common.wrappers.worldGeneration.mimicObject.DhLitWorldGenRegion_forge
[31Jul2026 16:06:26.994] [DH-World Gen Thread[5]/ERROR] [bettercaves/]: Liquid regions will not be generated for this chunk. This may be fatal!
[31Jul2026 16:06:26.994] [DH-World Gen Thread[5]/ERROR] [bettercaves/]: Better Caves expected a ServerLevel, but got: com.seibel.distanthorizons.common.wrappers.worldGeneration.mimicObject.DhLitWorldGenRegion_forge
[31Jul2026 16:06:26.994] [DH-World Gen Thread[5]/ERROR] [bettercaves/]: Liquid regions will not be generated for this chunk. This may be fatal!
[31Jul2026 16:06:27.003] [DH-World Gen Thread[5]/ERROR] [bettercaves/]: Better Caves expected a ServerLevel, but got: com.seibel.distanthorizons.common.wrappers.worldGeneration.mimicObject.DhLitWorldGenRegion_forge
[31Jul2026 16:06:27.004] [DH-World Gen Thread[5]/ERROR] [bettercaves/]: Liquid regions will not be generated for this chunk. This may be fatal!
[31Jul2026 16:06:27.062] [DH-World Gen Thread[5]/ERROR] [bettercaves/]: Better Caves expected a ServerLevel, but got: com.seibel.distanthorizons.common.wrappers.worldGeneration.mimicObject.DhLitWorldGenRegion_forge
[31Jul2026 16:06:27.063] [DH-World Gen Thread[5]/ERROR] [bettercaves/]: Liquid regions will not be generated for this chunk. This may be fatal!
[31Jul2026 16:06:27.110] [DH-World Gen Thread[5]/ERROR] [bettercaves/]: Better Caves expected a ServerLevel, but got: com.seibel.distanthorizons.common.wrappers.worldGeneration.mimicObject.DhLitWorldGenRegion_forge
[31Jul2026 16:06:27.112] [DH-World Gen Thread[5]/ERROR] [bettercaves/]: Liquid regions will not be generated for this chunk. This may be fatal!
[31Jul2026 16:06:27.112] [DH-World Gen Thread[5]/ERROR] [bettercaves/]: Better Caves expected a ServerLevel, but got: com.seibel.distanthorizons.common.wrappers.worldGeneration.mimicObject.DhLitWorldGenRegion_forge
[31Jul2026 16:06:27.112] [DH-World Gen Thread[5]/ERROR] [bettercaves/]: Liquid regions will not be generated for this chunk. This may be fatal!
[31Jul2026 16:06:27.112] [DH-World Gen Thread[5]/ERROR] [bettercaves/]: Better Caves expected a ServerLevel, but got: com.seibel.distanthorizons.common.wrappers.worldGeneration.mimicObject.DhLitWorldGenRegion_forge
[31Jul2026 16:06:27.112] [DH-World Gen Thread[5]/ERROR] [bettercaves/]: Liquid regions will not be generated for this chunk. This may be fatal!
[31Jul2026 16:06:27.112] [DH-World Gen Thread[5]/ERROR] [bettercaves/]: Better Caves expected a ServerLevel, but got: com.seibel.distanthorizons.common.wrappers.worldGeneration.mimicObject.DhLitWorldGenRegion_forge
[31Jul2026 16:06:27.112] [DH-World Gen Thread[5]/ERROR] [bettercaves/]: Liquid regions will not be generated for this chunk. This may be fatal!
[31Jul2026 16:06:27.112] [DH-World Gen Thread[5]/ERROR] [bettercaves/]: Better Caves expected a ServerLevel, but got: com.seibel.distanthorizons.common.wrappers.worldGeneration.mimicObject.DhLitWorldGenRegion_forge
[31Jul2026 16:06:27.113] [DH-World Gen Thread[5]/ERROR] [bettercaves/]: Liquid regions will not be generated for this chunk. This may be fatal!
[31Jul2026 16:06:27.114] [DH-World Gen Thread[1]/ERROR] [bettercaves/]: Better Caves expected a ServerLevel, but got: com.seibel.distanthorizons.common.wrappers.worldGeneration.mimicObject.DhLitWorldGenRegion_forge
[31Jul2026 16:06:27.114] [DH-World Gen Thread[1]/ERROR] [bettercaves/]: Liquid regions will not be generated for this chunk. This may be fatal!
[31Jul2026 16:06:27.114] [DH-World Gen Thread[1]/ERROR] [bettercaves/]: Better Caves expected a ServerLevel, but got: com.seibel.distanthorizons.common.wrappers.worldGeneration.mimicObject.DhLitWorldGenRegion_forge
[31Jul2026 16:06:27.115] [DH-World Gen Thread[1]/ERROR] [bettercaves/]: Liquid regions will not be generated for this chunk. This may be fatal!
[31Jul2026 16:06:27.115] [DH-World Gen Thread[1]/ERROR] [bettercaves/]: Better Caves expected a ServerLevel, but got: com.seibel.distanthorizons.common.wrappers.worldGeneration.mimicObject.DhLitWorldGenRegion_forge
[31Jul2026 16:06:27.120] [DH-World Gen Thread[1]/ERROR] [bettercaves/]: Liquid regions will not be generated for this chunk. This may be fatal!
[31Jul2026 16:06:27.460] [DH-World Gen Thread[4]/ERROR] [bettercaves/]: Better Caves expected a ServerLevel, but got: com.seibel.distanthorizons.common.wrappers.worldGeneration.mimicObject.DhLitWorldGenRegion_forge
[31Jul2026 16:06:27.466] [DH-World Gen Thread[4]/ERROR] [bettercaves/]: Liquid regions will not be generated for this chunk. This may be fatal!
[31Jul2026 16:06:27.467] [DH-World Gen Thread[4]/ERROR] [bettercaves/]: Better Caves expected a ServerLevel, but got: com.seibel.distanthorizons.common.wrappers.worldGeneration.mimicObject.DhLitWorldGenRegion_forge
[31Jul2026 16:06:27.472] [DH-World Gen Thread[4]/ERROR] [bettercaves/]: Liquid regions will not be generated for this chunk. This may be fatal!
[31Jul2026 16:06:27.473] [DH-World Gen Thread[4]/ERROR] [bettercaves/]: Better Caves expected a ServerLevel, but got: com.seibel.distanthorizons.common.wrappers.worldGeneration.mimicObject.DhLitWorldGenRegion_forge
[31Jul2026 16:06:27.473] [DH-World Gen Thread[4]/ERROR] [bettercaves/]: Liquid regions will not be generated for this chunk. This may be fatal!
[31Jul2026 16:06:27.473] [DH-World Gen Thread[4]/ERROR] [bettercaves/]: Better Caves expected a ServerLevel, but got: com.seibel.distanthorizons.common.wrappers.worldGeneration.mimicObject.DhLitWorldGenRegion_forge
[31Jul2026 16:06:27.481] [DH-World Gen Thread[4]/ERROR] [bettercaves/]: Liquid regions will not be generated for this chunk. This may be fatal!
[31Jul2026 16:06:27.481] [DH-World Gen Thread[4]/ERROR] [bettercaves/]: Better Caves expected a ServerLevel, but got: com.seibel.distanthorizons.common.wrappers.worldGeneration.mimicObject.DhLitWorldGenRegion_forge
[31Jul2026 16:06:27.481] [DH-World Gen Thread[4]/ERROR] [bettercaves/]: Liquid regions will not be generated for this chunk. This may be fatal!
[31Jul2026 16:06:27.481] [DH-World Gen Thread[4]/ERROR] [bettercaves/]: Better Caves expected a ServerLevel, but got: com.seibel.distanthorizons.common.wrappers.worldGeneration.mimicObject.DhLitWorldGenRegion_forge
[31Jul2026 16:06:27.482] [DH-World Gen Thread[4]/ERROR] [bettercaves/]: Liquid regions will not be generated for this chunk. This may be fatal!
[31Jul2026 16:06:27.482] [DH-World Gen Thread[4]/ERROR] [bettercaves/]: Better Caves expected a ServerLevel, but got: com.seibel.distanthorizons.common.wrappers.worldGeneration.mimicObject.DhLitWorldGenRegion_forge
[31Jul2026 16:06:27.482] [DH-World Gen Thread[4]/ERROR] [bettercaves/]: Liquid regions will not be generated for this chunk. This may be fatal!
[31Jul2026 16:06:27.482] [DH-World Gen Thread[4]/ERROR] [bettercaves/]: Better Caves expected a ServerLevel, but got: com.seibel.distanthorizons.common.wrappers.worldGeneration.mimicObject.DhLitWorldGenRegion_forge
[31Jul2026 16:06:27.482] [DH-World Gen Thread[4]/ERROR] [bettercaves/]: Liquid regions will not be generated for this chunk. This may be fatal!
[31Jul2026 16:06:27.483] [DH-World Gen Thread[4]/ERROR] [bettercaves/]: Better Caves expected a ServerLevel, but got: com.seibel.distanthorizons.common.wrappers.worldGeneration.mimicObject.DhLitWorldGenRegion_forge
[31Jul2026 16:06:27.483] [DH-World Gen Thread[4]/ERROR] [bettercaves/]: Liquid regions will not be generated for this chunk. This may be fatal!
[31Jul2026 16:06:28.560] [DH-World Gen Thread[0]/ERROR] [bettercaves/]: Better Caves expected a ServerLevel, but got: com.seibel.distanthorizons.common.wrappers.worldGeneration.mimicObject.DhLitWorldGenRegion_forge
[31Jul2026 16:06:28.561] [DH-World Gen Thread[0]/ERROR] [bettercaves/]: Liquid regions will not be generated for this chunk. This may be fatal!
[31Jul2026 16:06:28.570] [DH-World Gen Thread[0]/ERROR] [bettercaves/]: Better Caves expected a ServerLevel, but got: com.seibel.distanthorizons.common.wrappers.worldGeneration.mimicObject.DhLitWorldGenRegion_forge
[31Jul2026 16:06:28.570] [DH-World Gen Thread[0]/ERROR] [bettercaves/]: Liquid regions will not be generated for this chunk. This may be fatal!
[31Jul2026 16:06:28.570] [DH-World Gen Thread[0]/ERROR] [bettercaves/]: Better Caves expected a ServerLevel, but got: com.seibel.distanthorizons.common.wrappers.worldGeneration.mimicObject.DhLitWorldGenRegion_forge
[31Jul2026 16:06:28.570] [DH-World Gen Thread[0]/ERROR] [bettercaves/]: Liquid regions will not be generated for this chunk. This may be fatal!
[31Jul2026 16:06:28.703] [DH-World Gen Thread[5]/ERROR] [bettercaves/]: Better Caves expected a ServerLevel, but got: com.seibel.distanthorizons.common.wrappers.worldGeneration.mimicObject.DhLitWorldGenRegion_forge
[31Jul2026 16:06:28.703] [DH-World Gen Thread[5]/ERROR] [bettercaves/]: Liquid regions will not be generated for this chunk. This may be fatal!
[31Jul2026 16:06:28.703] [DH-World Gen Thread[5]/ERROR] [bettercaves/]: Better Caves expected a ServerLevel, but got: com.seibel.distanthorizons.common.wrappers.worldGeneration.mimicObject.DhLitWorldGenRegion_forge
[31Jul2026 16:06:28.703] [DH-World Gen Thread[5]/ERROR] [bettercaves/]: Liquid regions will not be generated for this chunk. This may be fatal!
[31Jul2026 16:06:28.705] [DH-World Gen Thread[5]/ERROR] [bettercaves/]: Better Caves expected a ServerLevel, but got: com.seibel.distanthorizons.common.wrappers.worldGeneration.mimicObject.DhLitWorldGenRegion_forge
[31Jul2026 16:06:28.705] [DH-World Gen Thread[5]/ERROR] [bettercaves/]: Liquid regions will not be generated for this chunk. This may be fatal!
[31Jul2026 16:06:28.768] [DH-World Gen Thread[3]/ERROR] [bettercaves/]: Better Caves expected a ServerLevel, but got: com.seibel.distanthorizons.common.wrappers.worldGeneration.mimicObject.DhLitWorldGenRegion_forge
[31Jul2026 16:06:28.778] [DH-World Gen Thread[3]/ERROR] [bettercaves/]: Liquid regions will not be generated for this chunk. This may be fatal!
[31Jul2026 16:06:28.782] [DH-World Gen Thread[3]/ERROR] [bettercaves/]: Better Caves expected a ServerLevel, but got: com.seibel.distanthorizons.common.wrappers.worldGeneration.mimicObject.DhLitWorldGenRegion_forge
[31Jul2026 16:06:28.805] [DH-World Gen Thread[3]/ERROR] [bettercaves/]: Liquid regions will not be generated for this chunk. This may be fatal!
[31Jul2026 16:06:28.808] [DH-World Gen Thread[3]/ERROR] [bettercaves/]: Better Caves expected a ServerLevel, but got: com.seibel.distanthorizons.common.wrappers.worldGeneration.mimicObject.DhLitWorldGenRegion_forge
[31Jul2026 16:06:28.808] [DH-World Gen Thread[3]/ERROR] [bettercaves/]: Liquid regions will not be generated for this chunk. This may be fatal!
[31Jul2026 16:06:28.873] [DH-World Gen Thread[1]/ERROR] [bettercaves/]: Better Caves expected a ServerLevel, but got: com.seibel.distanthorizons.common.wrappers.worldGeneration.mimicObject.DhLitWorldGenRegion_forge
[31Jul2026 16:06:28.875] [DH-World Gen Thread[1]/ERROR] [bettercaves/]: Liquid regions will not be generated for this chunk. This may be fatal!
[31Jul2026 16:06:28.876] [DH-World Gen Thread[1]/ERROR] [bettercaves/]: Better Caves expected a ServerLevel, but got: com.seibel.distanthorizons.common.wrappers.worldGeneration.mimicObject.DhLitWorldGenRegion_forge
[31Jul2026 16:06:28.876] [DH-World Gen Thread[1]/ERROR] [bettercaves/]: Liquid regions will not be generated for this chunk. This may be fatal!
[31Jul2026 16:06:28.876] [DH-World Gen Thread[1]/ERROR] [bettercaves/]: Better Caves expected a ServerLevel, but got: com.seibel.distanthorizons.common.wrappers.worldGeneration.mimicObject.DhLitWorldGenRegion_forge
[31Jul2026 16:06:28.876] [DH-World Gen Thread[1]/ERROR] [bettercaves/]: Liquid regions will not be generated for this chunk. This may be fatal!
[31Jul2026 16:06:29.083] [DH-World Gen Thread[0]/ERROR] [bettercaves/]: Better Caves expected a ServerLevel, but got: com.seibel.distanthorizons.common.wrappers.worldGeneration.mimicObject.DhLitWorldGenRegion_forge
[31Jul2026 16:06:29.084] [DH-World Gen Thread[0]/ERROR] [bettercaves/]: Liquid regions will not be generated for this chunk. This may be fatal!
[31Jul2026 16:06:29.084] [DH-World Gen Thread[0]/ERROR] [bettercaves/]: Better Caves expected a ServerLevel, but got: com.seibel.distanthorizons.common.wrappers.worldGeneration.mimicObject.DhLitWorldGenRegion_forge
[31Jul2026 16:06:29.085] [DH-World Gen Thread[0]/ERROR] [bettercaves/]: Liquid regions will not be generated for this chunk. This may be fatal!
[31Jul2026 16:06:29.085] [DH-World Gen Thread[0]/ERROR] [bettercaves/]: Better Caves expected a ServerLevel, but got: com.seibel.distanthorizons.common.wrappers.worldGeneration.mimicObject.DhLitWorldGenRegion_forge
[31Jul2026 16:06:29.085] [DH-World Gen Thread[0]/ERROR] [bettercaves/]: Liquid regions will not be generated for this chunk. This may be fatal!
[31Jul2026 16:06:29.190] [DH-World Gen Thread[5]/ERROR] [bettercaves/]: Better Caves expected a ServerLevel, but got: com.seibel.distanthorizons.common.wrappers.worldGeneration.mimicObject.DhLitWorldGenRegion_forge
[31Jul2026 16:06:29.200] [DH-World Gen Thread[5]/ERROR] [bettercaves/]: Liquid regions will not be generated for this chunk. This may be fatal!
[31Jul2026 16:06:29.229] [DH-World Gen Thread[5]/ERROR] [bettercaves/]: Better Caves expected a ServerLevel, but got: com.seibel.distanthorizons.common.wrappers.worldGeneration.mimicObject.DhLitWorldGenRegion_forge
[31Jul2026 16:06:29.271] [DH-World Gen Thread[5]/ERROR] [bettercaves/]: Liquid regions will not be generated for this chunk. This may be fatal!
[31Jul2026 16:06:29.305] [DH-World Gen Thread[5]/ERROR] [bettercaves/]: Better Caves expected a ServerLevel, but got: com.seibel.distanthorizons.common.wrappers.worldGeneration.mimicObject.DhLitWorldGenRegion_forge
[31Jul2026 16:06:29.371] [DH-World Gen Thread[5]/ERROR] [bettercaves/]: Liquid regions will not be generated for this chunk. This may be fatal!
[31Jul2026 16:06:29.400] [DH-World Gen Thread[3]/ERROR] [bettercaves/]: Better Caves expected a ServerLevel, but got: com.seibel.distanthorizons.common.wrappers.worldGeneration.mimicObject.DhLitWorldGenRegion_forge
[31Jul2026 16:06:29.440] [DH-World Gen Thread[3]/ERROR] [bettercaves/]: Liquid regions will not be generated for this chunk. This may be fatal!
[31Jul2026 16:06:29.445] [DH-World Gen Thread[4]/ERROR] [bettercaves/]: Better Caves expected a ServerLevel, but got: com.seibel.distanthorizons.common.wrappers.worldGeneration.mimicObject.DhLitWorldGenRegion_forge
[31Jul2026 16:06:29.445] [DH-World Gen Thread[4]/ERROR] [bettercaves/]: Liquid regions will not be generated for this chunk. This may be fatal!
[31Jul2026 16:06:29.445] [DH-World Gen Thread[4]/ERROR] [bettercaves/]: Better Caves expected a ServerLevel, but got: com.seibel.distanthorizons.common.wrappers.worldGeneration.mimicObject.DhLitWorldGenRegion_forge
[31Jul2026 16:06:29.445] [DH-World Gen Thread[4]/ERROR] [bettercaves/]: Liquid regions will not be generated for this chunk. This may be fatal!
[31Jul2026 16:06:29.445] [DH-World Gen Thread[4]/ERROR] [bettercaves/]: Better Caves expected a ServerLevel, but got: com.seibel.distanthorizons.common.wrappers.worldGeneration.mimicObject.DhLitWorldGenRegion_forge
[31Jul2026 16:06:29.445] [DH-World Gen Thread[4]/ERROR] [bettercaves/]: Liquid regions will not be generated for this chunk. This may be fatal!
[31Jul2026 16:06:29.445] [DH-World Gen Thread[3]/ERROR] [bettercaves/]: Better Caves expected a ServerLevel, but got: com.seibel.distanthorizons.common.wrappers.worldGeneration.mimicObject.DhLitWorldGenRegion_forge
[31Jul2026 16:06:29.446] [DH-World Gen Thread[3]/ERROR] [bettercaves/]: Liquid regions will not be generated for this chunk. This may be fatal!
[31Jul2026 16:06:29.446] [DH-World Gen Thread[3]/ERROR] [bettercaves/]: Better Caves expected a ServerLevel, but got: com.seibel.distanthorizons.common.wrappers.worldGeneration.mimicObject.DhLitWorldGenRegion_forge
[31Jul2026 16:06:29.446] [DH-World Gen Thread[3]/ERROR] [bettercaves/]: Liquid regions will not be generated for this chunk. This may be fatal!
[31Jul2026 16:06:29.463] [DH-World Gen Thread[1]/ERROR] [bettercaves/]: Better Caves expected a ServerLevel, but got: com.seibel.distanthorizons.common.wrappers.worldGeneration.mimicObject.DhLitWorldGenRegion_forge
[31Jul2026 16:06:29.473] [DH-World Gen Thread[1]/ERROR] [bettercaves/]: Liquid regions will not be generated for this chunk. This may be fatal!
[31Jul2026 16:06:29.473] [DH-World Gen Thread[1]/ERROR] [bettercaves/]: Better Caves expected a ServerLevel, but got: com.seibel.distanthorizons.common.wrappers.worldGeneration.mimicObject.DhLitWorldGenRegion_forge
[31Jul2026 16:06:29.473] [DH-World Gen Thread[1]/ERROR] [bettercaves/]: Liquid regions will not be generated for this chunk. This may be fatal!
[31Jul2026 16:06:29.473] [DH-World Gen Thread[1]/ERROR] [bettercaves/]: Better Caves expected a ServerLevel, but got: com.seibel.distanthorizons.common.wrappers.worldGeneration.mimicObject.DhLitWorldGenRegion_forge
[31Jul2026 16:06:29.475] [DH-World Gen Thread[1]/ERROR] [bettercaves/]: Liquid regions will not be generated for this chunk. This may be fatal!
[31Jul2026 16:06:29.590] [DH-World Gen Thread[0]/ERROR] [bettercaves/]: Better Caves expected a ServerLevel, but got: com.seibel.distanthorizons.common.wrappers.worldGeneration.mimicObject.DhLitWorldGenRegion_forge
[31Jul2026 16:06:29.591] [DH-World Gen Thread[0]/ERROR] [bettercaves/]: Liquid regions will not be generated for this chunk. This may be fatal!
[31Jul2026 16:06:29.827] [DH-World Gen Thread[5]/ERROR] [bettercaves/]: Better Caves expected a ServerLevel, but got: com.seibel.distanthorizons.common.wrappers.worldGeneration.mimicObject.DhLitWorldGenRegion_forge
[31Jul2026 16:06:29.832] [DH-World Gen Thread[5]/ERROR] [bettercaves/]: Liquid regions will not be generated for this chunk. This may be fatal!
[31Jul2026 16:06:29.851] [DH-World Gen Thread[4]/ERROR] [bettercaves/]: Better Caves expected a ServerLevel, but got: com.seibel.distanthorizons.common.wrappers.worldGeneration.mimicObject.DhLitWorldGenRegion_forge
[31Jul2026 16:06:29.857] [DH-World Gen Thread[4]/ERROR] [bettercaves/]: Liquid regions will not be generated for this chunk. This may be fatal!
[31Jul2026 16:06:29.859] [DH-World Gen Thread[4]/ERROR] [bettercaves/]: Better Caves expected a ServerLevel, but got: com.seibel.distanthorizons.common.wrappers.worldGeneration.mimicObject.DhLitWorldGenRegion_forge
[31Jul2026 16:06:29.860] [DH-World Gen Thread[4]/ERROR] [bettercaves/]: Liquid regions will not be generated for this chunk. This may be fatal!
[31Jul2026 16:06:29.860] [DH-World Gen Thread[4]/ERROR] [bettercaves/]: Better Caves expected a ServerLevel, but got: com.seibel.distanthorizons.common.wrappers.worldGeneration.mimicObject.DhLitWorldGenRegion_forge
[31Jul2026 16:06:29.860] [DH-World Gen Thread[4]/ERROR] [bettercaves/]: Liquid regions will not be generated for this chunk. This may be fatal!
[31Jul2026 16:06:29.909] [DH-World Gen Thread[1]/ERROR] [bettercaves/]: Better Caves expected a ServerLevel, but got: com.seibel.distanthorizons.common.wrappers.worldGeneration.mimicObject.DhLitWorldGenRegion_forge
[31Jul2026 16:06:29.910] [DH-World Gen Thread[1]/ERROR] [bettercaves/]: Liquid regions will not be generated for this chunk. This may be fatal!
[31Jul2026 16:06:29.996] [DH-World Gen Thread[3]/ERROR] [bettercaves/]: Better Caves expected a ServerLevel, but got: com.seibel.distanthorizons.common.wrappers.worldGeneration.mimicObject.DhLitWorldGenRegion_forge
[31Jul2026 16:06:30.079] [DH-World Gen Thread[3]/ERROR] [bettercaves/]: Liquid regions will not be generated for this chunk. This may be fatal!
[31Jul2026 16:06:30.551] [DH-World Gen Thread[4]/ERROR] [bettercaves/]: Better Caves expected a ServerLevel, but got: com.seibel.distanthorizons.common.wrappers.worldGeneration.mimicObject.DhLitWorldGenRegion_forge
[31Jul2026 16:06:30.551] [DH-World Gen Thread[4]/ERROR] [bettercaves/]: Liquid regions will not be generated for this chunk. This may be fatal!
[31Jul2026 16:06:31.565] [DH-World Gen Thread[2]/ERROR] [bettercaves/]: Better Caves expected a ServerLevel, but got: com.seibel.distanthorizons.common.wrappers.worldGeneration.mimicObject.DhLitWorldGenRegion_forge
[31Jul2026 16:06:31.604] [DH-World Gen Thread[2]/ERROR] [bettercaves/]: Liquid regions will not be generated for this chunk. This may be fatal!
[31Jul2026 16:06:31.627] [DH-World Gen Thread[2]/ERROR] [bettercaves/]: Better Caves expected a ServerLevel, but got: com.seibel.distanthorizons.common.wrappers.worldGeneration.mimicObject.DhLitWorldGenRegion_forge
[31Jul2026 16:06:31.634] [DH-World Gen Thread[2]/ERROR] [bettercaves/]: Liquid regions will not be generated for this chunk. This may be fatal!
[31Jul2026 16:06:31.636] [DH-World Gen Thread[2]/ERROR] [bettercaves/]: Better Caves expected a ServerLevel, but got: com.seibel.distanthorizons.common.wrappers.worldGeneration.mimicObject.DhLitWorldGenRegion_forge
[31Jul2026 16:06:31.639] [DH-World Gen Thread[2]/ERROR] [bettercaves/]: Liquid regions will not be generated for this chunk. This may be fatal!
[31Jul2026 16:06:31.640] [DH-World Gen Thread[5]/ERROR] [bettercaves/]: Better Caves expected a ServerLevel, but got: com.seibel.distanthorizons.common.wrappers.worldGeneration.mimicObject.DhLitWorldGenRegion_forge
[31Jul2026 16:06:31.640] [DH-World Gen Thread[5]/ERROR] [bettercaves/]: Liquid regions will not be generated for this chunk. This may be fatal!
[31Jul2026 16:06:31.640] [DH-World Gen Thread[5]/ERROR] [bettercaves/]: Better Caves expected a ServerLevel, but got: com.seibel.distanthorizons.common.wrappers.worldGeneration.mimicObject.DhLitWorldGenRegion_forge
[31Jul2026 16:06:31.640] [DH-World Gen Thread[5]/ERROR] [bettercaves/]: Liquid regions will not be generated for this chunk. This may be fatal!
[31Jul2026 16:06:31.640] [DH-World Gen Thread[5]/ERROR] [bettercaves/]: Better Caves expected a ServerLevel, but got: com.seibel.distanthorizons.common.wrappers.worldGeneration.mimicObject.DhLitWorldGenRegion_forge
[31Jul2026 16:06:31.640] [DH-World Gen Thread[5]/ERROR] [bettercaves/]: Liquid regions will not be generated for this chunk. This may be fatal!
[31Jul2026 16:06:31.640] [DH-World Gen Thread[5]/ERROR] [bettercaves/]: Better Caves expected a ServerLevel, but got: com.seibel.distanthorizons.common.wrappers.worldGeneration.mimicObject.DhLitWorldGenRegion_forge
[31Jul2026 16:06:31.641] [DH-World Gen Thread[5]/ERROR] [bettercaves/]: Liquid regions will not be generated for this chunk. This may be fatal!
[31Jul2026 16:06:31.641] [DH-World Gen Thread[5]/ERROR] [bettercaves/]: Better Caves expected a ServerLevel, but got: com.seibel.distanthorizons.common.wrappers.worldGeneration.mimicObject.DhLitWorldGenRegion_forge
[31Jul2026 16:06:31.641] [DH-World Gen Thread[5]/ERROR] [bettercaves/]: Liquid regions will not be generated for this chunk. This may be fatal!
[31Jul2026 16:06:31.641] [DH-World Gen Thread[5]/ERROR] [bettercaves/]: Better Caves expected a ServerLevel, but got: com.seibel.distanthorizons.common.wrappers.worldGeneration.mimicObject.DhLitWorldGenRegion_forge
[31Jul2026 16:06:31.641] [DH-World Gen Thread[5]/ERROR] [bettercaves/]: Liquid regions will not be generated for this chunk. This may be fatal!
[31Jul2026 16:06:31.654] [DH-World Gen Thread[5]/ERROR] [bettercaves/]: Better Caves expected a ServerLevel, but got: com.seibel.distanthorizons.common.wrappers.worldGeneration.mimicObject.DhLitWorldGenRegion_forge
[31Jul2026 16:06:31.654] [DH-World Gen Thread[5]/ERROR] [bettercaves/]: Liquid regions will not be generated for this chunk. This may be fatal!
[31Jul2026 16:06:31.654] [DH-World Gen Thread[5]/ERROR] [bettercaves/]: Better Caves expected a ServerLevel, but got: com.seibel.distanthorizons.common.wrappers.worldGeneration.mimicObject.DhLitWorldGenRegion_forge
[31Jul2026 16:06:31.654] [DH-World Gen Thread[5]/ERROR] [bettercaves/]: Liquid regions will not be generated for this chunk. This may be fatal!
[31Jul2026 16:06:31.659] [DH-World Gen Thread[5]/ERROR] [bettercaves/]: Better Caves expected a ServerLevel, but got: com.seibel.distanthorizons.common.wrappers.worldGeneration.mimicObject.DhLitWorldGenRegion_forge
[31Jul2026 16:06:31.659] [DH-World Gen Thread[5]/ERROR] [bettercaves/]: Liquid regions will not be generated for this chunk. This may be fatal!
[31Jul2026 16:06:31.660] [DH-World Gen Thread[0]/ERROR] [bettercaves/]: Better Caves expected a ServerLevel, but got: com.seibel.distanthorizons.common.wrappers.worldGeneration.mimicObject.DhLitWorldGenRegion_forge
[31Jul2026 16:06:31.660] [DH-World Gen Thread[0]/ERROR] [bettercaves/]: Liquid regions will not be generated for this chunk. This may be fatal!
[31Jul2026 16:06:31.660] [DH-World Gen Thread[0]/ERROR] [bettercaves/]: Better Caves expected a ServerLevel, but got: com.seibel.distanthorizons.common.wrappers.worldGeneration.mimicObject.DhLitWorldGenRegion_forge
[31Jul2026 16:06:31.660] [DH-World Gen Thread[0]/ERROR] [bettercaves/]: Liquid regions will not be generated for this chunk. This may be fatal!
[31Jul2026 16:06:31.664] [DH-World Gen Thread[0]/ERROR] [bettercaves/]: Better Caves expected a ServerLevel, but got: com.seibel.distanthorizons.common.wrappers.worldGeneration.mimicObject.DhLitWorldGenRegion_forge
[31Jul2026 16:06:31.664] [DH-World Gen Thread[0]/ERROR] [bettercaves/]: Liquid regions will not be generated for this chunk. This may be fatal!
[31Jul2026 16:06:31.664] [DH-World Gen Thread[0]/ERROR] [bettercaves/]: Better Caves expected a ServerLevel, but got: com.seibel.distanthorizons.common.wrappers.worldGeneration.mimicObject.DhLitWorldGenRegion_forge
[31Jul2026 16:06:31.664] [DH-World Gen Thread[0]/ERROR] [bettercaves/]: Liquid regions will not be generated for this chunk. This may be fatal!
[31Jul2026 16:06:31.664] [DH-World Gen Thread[0]/ERROR] [bettercaves/]: Better Caves expected a ServerLevel, but got: com.seibel.distanthorizons.common.wrappers.worldGeneration.mimicObject.DhLitWorldGenRegion_forge
[31Jul2026 16:06:31.664] [DH-World Gen Thread[0]/ERROR] [bettercaves/]: Liquid regions will not be generated for this chunk. This may be fatal!
[31Jul2026 16:06:31.665] [DH-World Gen Thread[0]/ERROR] [bettercaves/]: Better Caves expected a ServerLevel, but got: com.seibel.distanthorizons.common.wrappers.worldGeneration.mimicObject.DhLitWorldGenRegion_forge
[31Jul2026 16:06:31.665] [DH-World Gen Thread[0]/ERROR] [bettercaves/]: Liquid regions will not be generated for this chunk. This may be fatal!
[31Jul2026 16:06:31.665] [DH-World Gen Thread[0]/ERROR] [bettercaves/]: Better Caves expected a ServerLevel, but got: com.seibel.distanthorizons.common.wrappers.worldGeneration.mimicObject.DhLitWorldGenRegion_forge
[31Jul2026 16:06:31.665] [DH-World Gen Thread[0]/ERROR] [bettercaves/]: Liquid regions will not be generated for this chunk. This may be fatal!
[31Jul2026 16:06:31.665] [DH-World Gen Thread[0]/ERROR] [bettercaves/]: Better Caves expected a ServerLevel, but got: com.seibel.distanthorizons.common.wrappers.worldGeneration.mimicObject.DhLitWorldGenRegion_forge
[31Jul2026 16:06:31.665] [DH-World Gen Thread[0]/ERROR] [bettercaves/]: Liquid regions will not be generated for this chunk. This may be fatal!
[31Jul2026 16:06:31.665] [DH-World Gen Thread[0]/ERROR] [bettercaves/]: Better Caves expected a ServerLevel, but got: com.seibel.distanthorizons.common.wrappers.worldGeneration.mimicObject.DhLitWorldGenRegion_forge
[31Jul2026 16:06:31.665] [DH-World Gen Thread[0]/ERROR] [bettercaves/]: Liquid regions will not be generated for this chunk. This may be fatal!
[31Jul2026 16:06:31.665] [DH-World Gen Thread[2]/ERROR] [bettercaves/]: Better Caves expected a ServerLevel, but got: com.seibel.distanthorizons.common.wrappers.worldGeneration.mimicObject.DhLitWorldGenRegion_forge
[31Jul2026 16:06:31.667] [DH-World Gen Thread[2]/ERROR] [bettercaves/]: Liquid regions will not be generated for this chunk. This may be fatal!
[31Jul2026 16:06:31.667] [DH-World Gen Thread[2]/ERROR] [bettercaves/]: Better Caves expected a ServerLevel, but got: com.seibel.distanthorizons.common.wrappers.worldGeneration.mimicObject.DhLitWorldGenRegion_forge
[31Jul2026 16:06:31.667] [DH-World Gen Thread[2]/ERROR] [bettercaves/]: Liquid regions will not be generated for this chunk. This may be fatal!
[31Jul2026 16:06:31.667] [DH-World Gen Thread[2]/ERROR] [bettercaves/]: Better Caves expected a ServerLevel, but got: com.seibel.distanthorizons.common.wrappers.worldGeneration.mimicObject.DhLitWorldGenRegion_forge
[31Jul2026 16:06:31.667] [DH-World Gen Thread[2]/ERROR] [bettercaves/]: Liquid regions will not be generated for this chunk. This may be fatal!
[31Jul2026 16:06:31.676] [DH-World Gen Thread[2]/ERROR] [bettercaves/]: Better Caves expected a ServerLevel, but got: com.seibel.distanthorizons.common.wrappers.worldGeneration.mimicObject.DhLitWorldGenRegion_forge
[31Jul2026 16:06:31.677] [DH-World Gen Thread[2]/ERROR] [bettercaves/]: Liquid regions will not be generated for this chunk. This may be fatal!
[31Jul2026 16:06:31.679] [DH-World Gen Thread[2]/ERROR] [bettercaves/]: Better Caves expected a ServerLevel, but got: com.seibel.distanthorizons.common.wrappers.worldGeneration.mimicObject.DhLitWorldGenRegion_forge
[31Jul2026 16:06:31.679] [DH-World Gen Thread[2]/ERROR] [bettercaves/]: Liquid regions will not be generated for this chunk. This may be fatal!
[31Jul2026 16:06:31.679] [DH-World Gen Thread[2]/ERROR] [bettercaves/]: Better Caves expected a ServerLevel, but got: com.seibel.distanthorizons.common.wrappers.worldGeneration.mimicObject.DhLitWorldGenRegion_forge
[31Jul2026 16:06:31.679] [DH-World Gen Thread[2]/ERROR] [bettercaves/]: Liquid regions will not be generated for this chunk. This may be fatal!
[31Jul2026 16:06:33.573] [DH-World Gen Thread[0]/ERROR] [bettercaves/]: Better Caves expected a ServerLevel, but got: com.seibel.distanthorizons.common.wrappers.worldGeneration.mimicObject.DhLitWorldGenRegion_forge
[31Jul2026 16:06:33.573] [DH-World Gen Thread[0]/ERROR] [bettercaves/]: Liquid regions will not be generated for this chunk. This may be fatal!
[31Jul2026 16:06:33.574] [DH-World Gen Thread[0]/ERROR] [bettercaves/]: Better Caves expected a ServerLevel, but got: com.seibel.distanthorizons.common.wrappers.worldGeneration.mimicObject.DhLitWorldGenRegion_forge
[31Jul2026 16:06:33.574] [DH-World Gen Thread[0]/ERROR] [bettercaves/]: Liquid regions will not be generated for this chunk. This may be fatal!
[31Jul2026 16:06:33.574] [DH-World Gen Thread[0]/ERROR] [bettercaves/]: Better Caves expected a ServerLevel, but got: com.seibel.distanthorizons.common.wrappers.worldGeneration.mimicObject.DhLitWorldGenRegion_forge
[31Jul2026 16:06:33.574] [DH-World Gen Thread[0]/ERROR] [bettercaves/]: Liquid regions will not be generated for this chunk. This may be fatal!
[31Jul2026 16:06:33.719] [DH-World Gen Thread[2]/ERROR] [bettercaves/]: Better Caves expected a ServerLevel, but got: com.seibel.distanthorizons.common.wrappers.worldGeneration.mimicObject.DhLitWorldGenRegion_forge
[31Jul2026 16:06:33.721] [DH-World Gen Thread[2]/ERROR] [bettercaves/]: Liquid regions will not be generated for this chunk. This may be fatal!
[31Jul2026 16:06:33.723] [DH-World Gen Thread[2]/ERROR] [bettercaves/]: Better Caves expected a ServerLevel, but got: com.seibel.distanthorizons.common.wrappers.worldGeneration.mimicObject.DhLitWorldGenRegion_forge
[31Jul2026 16:06:33.727] [DH-World Gen Thread[2]/ERROR] [bettercaves/]: Liquid regions will not be generated for this chunk. This may be fatal!
[31Jul2026 16:06:33.727] [DH-World Gen Thread[2]/ERROR] [bettercaves/]: Better Caves expected a ServerLevel, but got: com.seibel.distanthorizons.common.wrappers.worldGeneration.mimicObject.DhLitWorldGenRegion_forge
[31Jul2026 16:06:33.727] [DH-World Gen Thread[2]/ERROR] [bettercaves/]: Liquid regions will not be generated for this chunk. This may be fatal!
[31Jul2026 16:06:33.831] [DH-World Gen Thread[5]/ERROR] [bettercaves/]: Better Caves expected a ServerLevel, but got: com.seibel.distanthorizons.common.wrappers.worldGeneration.mimicObject.DhLitWorldGenRegion_forge
[31Jul2026 16:06:33.836] [DH-World Gen Thread[5]/ERROR] [bettercaves/]: Liquid regions will not be generated for this chunk. This may be fatal!
[31Jul2026 16:06:33.859] [DH-World Gen Thread[5]/ERROR] [bettercaves/]: Better Caves expected a ServerLevel, but got: com.seibel.distanthorizons.common.wrappers.worldGeneration.mimicObject.DhLitWorldGenRegion_forge
[31Jul2026 16:06:33.859] [DH-World Gen Thread[5]/ERROR] [bettercaves/]: Liquid regions will not be generated for this chunk. This may be fatal!
[31Jul2026 16:06:33.859] [DH-World Gen Thread[5]/ERROR] [bettercaves/]: Better Caves expected a ServerLevel, but got: com.seibel.distanthorizons.common.wrappers.worldGeneration.mimicObject.DhLitWorldGenRegion_forge
[31Jul2026 16:06:33.859] [DH-World Gen Thread[5]/ERROR] [bettercaves/]: Liquid regions will not be generated for this chunk. This may be fatal!
[31Jul2026 16:06:33.970] [DH-World Gen Thread[1]/ERROR] [bettercaves/]: Better Caves expected a ServerLevel, but got: com.seibel.distanthorizons.common.wrappers.worldGeneration.mimicObject.DhLitWorldGenRegion_forge
[31Jul2026 16:06:33.992] [DH-World Gen Thread[1]/ERROR] [bettercaves/]: Liquid regions will not be generated for this chunk. This may be fatal!
[31Jul2026 16:06:33.992] [DH-World Gen Thread[1]/ERROR] [bettercaves/]: Better Caves expected a ServerLevel, but got: com.seibel.distanthorizons.common.wrappers.worldGeneration.mimicObject.DhLitWorldGenRegion_forge
[31Jul2026 16:06:33.998] [DH-World Gen Thread[1]/ERROR] [bettercaves/]: Liquid regions will not be generated for this chunk. This may be fatal!
[31Jul2026 16:06:34.019] [DH-World Gen Thread[1]/ERROR] [bettercaves/]: Better Caves expected a ServerLevel, but got: com.seibel.distanthorizons.common.wrappers.worldGeneration.mimicObject.DhLitWorldGenRegion_forge
[31Jul2026 16:06:34.020] [DH-World Gen Thread[1]/ERROR] [bettercaves/]: Liquid regions will not be generated for this chunk. This may be fatal!
[31Jul2026 16:06:34.027] [DH-World Gen Thread[1]/ERROR] [bettercaves/]: Better Caves expected a ServerLevel, but got: com.seibel.distanthorizons.common.wrappers.worldGeneration.mimicObject.DhLitWorldGenRegion_forge
[31Jul2026 16:06:34.028] [DH-World Gen Thread[1]/ERROR] [bettercaves/]: Liquid regions will not be generated for this chunk. This may be fatal!
[31Jul2026 16:06:34.028] [DH-World Gen Thread[1]/ERROR] [bettercaves/]: Better Caves expected a ServerLevel, but got: com.seibel.distanthorizons.common.wrappers.worldGeneration.mimicObject.DhLitWorldGenRegion_forge
[31Jul2026 16:06:34.028] [DH-World Gen Thread[1]/ERROR] [bettercaves/]: Liquid regions will not be generated for this chunk. This may be fatal!
[31Jul2026 16:06:34.036] [DH-World Gen Thread[1]/ERROR] [bettercaves/]: Better Caves expected a ServerLevel, but got: com.seibel.distanthorizons.common.wrappers.worldGeneration.mimicObject.DhLitWorldGenRegion_forge
[31Jul2026 16:06:34.059] [DH-World Gen Thread[1]/ERROR] [bettercaves/]: Liquid regions will not be generated for this chunk. This may be fatal!
[31Jul2026 16:06:34.072] [DH-World Gen Thread[1]/ERROR] [bettercaves/]: Better Caves expected a ServerLevel, but got: com.seibel.distanthorizons.common.wrappers.worldGeneration.mimicObject.DhLitWorldGenRegion_forge
[31Jul2026 16:06:34.073] [DH-World Gen Thread[1]/ERROR] [bettercaves/]: Liquid regions will not be generated for this chunk. This may be fatal!
[31Jul2026 16:06:34.074] [DH-World Gen Thread[1]/ERROR] [bettercaves/]: Better Caves expected a ServerLevel, but got: com.seibel.distanthorizons.common.wrappers.worldGeneration.mimicObject.DhLitWorldGenRegion_forge
[31Jul2026 16:06:34.090] [DH-World Gen Thread[1]/ERROR] [bettercaves/]: Liquid regions will not be generated for this chunk. This may be fatal!
[31Jul2026 16:06:34.116] [DH-World Gen Thread[3]/ERROR] [bettercaves/]: Better Caves expected a ServerLevel, but got: com.seibel.distanthorizons.common.wrappers.worldGeneration.mimicObject.DhLitWorldGenRegion_forge
[31Jul2026 16:06:34.124] [DH-World Gen Thread[3]/ERROR] [bettercaves/]: Liquid regions will not be generated for this chunk. This may be fatal!
[31Jul2026 16:06:34.146] [DH-World Gen Thread[3]/ERROR] [bettercaves/]: Better Caves expected a ServerLevel, but got: com.seibel.distanthorizons.common.wrappers.worldGeneration.mimicObject.DhLitWorldGenRegion_forge
[31Jul2026 16:06:34.194] [DH-World Gen Thread[3]/ERROR] [bettercaves/]: Liquid regions will not be generated for this chunk. This may be fatal!
[31Jul2026 16:06:34.195] [DH-World Gen Thread[3]/ERROR] [bettercaves/]: Better Caves expected a ServerLevel, but got: com.seibel.distanthorizons.common.wrappers.worldGeneration.mimicObject.DhLitWorldGenRegion_forge
[31Jul2026 16:06:34.202] [DH-World Gen Thread[3]/ERROR] [bettercaves/]: Liquid regions will not be generated for this chunk. This may be fatal!
[31Jul2026 16:06:34.236] [DH-World Gen Thread[3]/ERROR] [bettercaves/]: Better Caves expected a ServerLevel, but got: com.seibel.distanthorizons.common.wrappers.worldGeneration.mimicObject.DhLitWorldGenRegion_forge
[31Jul2026 16:06:34.259] [DH-World Gen Thread[3]/ERROR] [bettercaves/]: Liquid regions will not be generated for this chunk. This may be fatal!
[31Jul2026 16:06:34.265] [DH-World Gen Thread[3]/ERROR] [bettercaves/]: Better Caves expected a ServerLevel, but got: com.seibel.distanthorizons.common.wrappers.worldGeneration.mimicObject.DhLitWorldGenRegion_forge
[31Jul2026 16:06:34.265] [DH-World Gen Thread[3]/ERROR] [bettercaves/]: Liquid regions will not be generated for this chunk. This may be fatal!
[31Jul2026 16:06:34.265] [DH-World Gen Thread[3]/ERROR] [bettercaves/]: Better Caves expected a ServerLevel, but got: com.seibel.distanthorizons.common.wrappers.worldGeneration.mimicObject.DhLitWorldGenRegion_forge
[31Jul2026 16:06:34.265] [DH-World Gen Thread[3]/ERROR] [bettercaves/]: Liquid regions will not be generated for this chunk. This may be fatal!
[31Jul2026 16:06:34.265] [DH-World Gen Thread[0]/ERROR] [bettercaves/]: Better Caves expected a ServerLevel, but got: com.seibel.distanthorizons.common.wrappers.worldGeneration.mimicObject.DhLitWorldGenRegion_forge
[31Jul2026 16:06:34.266] [DH-World Gen Thread[0]/ERROR] [bettercaves/]: Liquid regions will not be generated for this chunk. This may be fatal!
[31Jul2026 16:06:34.275] [DH-World Gen Thread[0]/ERROR] [bettercaves/]: Better Caves expected a ServerLevel, but got: com.seibel.distanthorizons.common.wrappers.worldGeneration.mimicObject.DhLitWorldGenRegion_forge
[31Jul2026 16:06:34.279] [DH-World Gen Thread[0]/ERROR] [bettercaves/]: Liquid regions will not be generated for this chunk. This may be fatal!
[31Jul2026 16:06:34.279] [DH-World Gen Thread[0]/ERROR] [bettercaves/]: Better Caves expected a ServerLevel, but got: com.seibel.distanthorizons.common.wrappers.worldGeneration.mimicObject.DhLitWorldGenRegion_forge
[31Jul2026 16:06:34.279] [DH-World Gen Thread[0]/ERROR] [bettercaves/]: Liquid regions will not be generated for this chunk. This may be fatal!
[31Jul2026 16:06:34.279] [DH-World Gen Thread[2]/ERROR] [bettercaves/]: Better Caves expected a ServerLevel, but got: com.seibel.distanthorizons.common.wrappers.worldGeneration.mimicObject.DhLitWorldGenRegion_forge
[31Jul2026 16:06:34.284] [DH-World Gen Thread[2]/ERROR] [bettercaves/]: Liquid regions will not be generated for this chunk. This may be fatal!
[31Jul2026 16:06:34.289] [DH-World Gen Thread[2]/ERROR] [bettercaves/]: Better Caves expected a ServerLevel, but got: com.seibel.distanthorizons.common.wrappers.worldGeneration.mimicObject.DhLitWorldGenRegion_forge
[31Jul2026 16:06:34.297] [DH-World Gen Thread[2]/ERROR] [bettercaves/]: Liquid regions will not be generated for this chunk. This may be fatal!
[31Jul2026 16:06:34.302] [DH-World Gen Thread[2]/ERROR] [bettercaves/]: Better Caves expected a ServerLevel, but got: com.seibel.distanthorizons.common.wrappers.worldGeneration.mimicObject.DhLitWorldGenRegion_forge
[31Jul2026 16:06:34.318] [DH-World Gen Thread[2]/ERROR] [bettercaves/]: Liquid regions will not be generated for this chunk. This may be fatal!
[31Jul2026 16:06:34.627] [DH-World Gen Thread[5]/ERROR] [bettercaves/]: Better Caves expected a ServerLevel, but got: com.seibel.distanthorizons.common.wrappers.worldGeneration.mimicObject.DhLitWorldGenRegion_forge
[31Jul2026 16:06:34.627] [DH-World Gen Thread[5]/ERROR] [bettercaves/]: Liquid regions will not be generated for this chunk. This may be fatal!
[31Jul2026 16:06:34.627] [DH-World Gen Thread[5]/ERROR] [bettercaves/]: Better Caves expected a ServerLevel, but got: com.seibel.distanthorizons.common.wrappers.worldGeneration.mimicObject.DhLitWorldGenRegion_forge
[31Jul2026 16:06:34.627] [DH-World Gen Thread[5]/ERROR] [bettercaves/]: Liquid regions will not be generated for this chunk. This may be fatal!
[31Jul2026 16:06:34.627] [DH-World Gen Thread[5]/ERROR] [bettercaves/]: Better Caves expected a ServerLevel, but got: com.seibel.distanthorizons.common.wrappers.worldGeneration.mimicObject.DhLitWorldGenRegion_forge
[31Jul2026 16:06:34.627] [DH-World Gen Thread[5]/ERROR] [bettercaves/]: Liquid regions will not be generated for this chunk. This may be fatal!
[31Jul2026 16:06:35.097] [DH-World Gen Thread[2]/ERROR] [bettercaves/]: Better Caves expected a ServerLevel, but got: com.seibel.distanthorizons.common.wrappers.worldGeneration.mimicObject.DhLitWorldGenRegion_forge
[31Jul2026 16:06:35.132] [DH-World Gen Thread[2]/ERROR] [bettercaves/]: Liquid regions will not be generated for this chunk. This may be fatal!
[31Jul2026 16:06:35.260] [DH-World Gen Thread[0]/ERROR] [bettercaves/]: Better Caves expected a ServerLevel, but got: com.seibel.distanthorizons.common.wrappers.worldGeneration.mimicObject.DhLitWorldGenRegion_forge
[31Jul2026 16:06:35.261] [DH-World Gen Thread[0]/ERROR] [bettercaves/]: Liquid regions will not be generated for this chunk. This may be fatal!
[31Jul2026 16:06:35.427] [DH-World Gen Thread[5]/ERROR] [bettercaves/]: Better Caves expected a ServerLevel, but got: com.seibel.distanthorizons.common.wrappers.worldGeneration.mimicObject.DhLitWorldGenRegion_forge
[31Jul2026 16:06:35.428] [DH-World Gen Thread[5]/ERROR] [bettercaves/]: Liquid regions will not be generated for this chunk. This may be fatal!
[31Jul2026 16:06:36.317] [DH-World Gen Thread[1]/ERROR] [bettercaves/]: Better Caves expected a ServerLevel, but got: com.seibel.distanthorizons.common.wrappers.worldGeneration.mimicObject.DhLitWorldGenRegion_forge
[31Jul2026 16:06:36.324] [DH-World Gen Thread[1]/ERROR] [bettercaves/]: Liquid regions will not be generated for this chunk. This may be fatal!
[31Jul2026 16:06:36.325] [DH-World Gen Thread[1]/ERROR] [bettercaves/]: Better Caves expected a ServerLevel, but got: com.seibel.distanthorizons.common.wrappers.worldGeneration.mimicObject.DhLitWorldGenRegion_forge
[31Jul2026 16:06:36.326] [DH-World Gen Thread[1]/ERROR] [bettercaves/]: Liquid regions will not be generated for this chunk. This may be fatal!
[31Jul2026 16:06:36.590] [DH-World Gen Thread[3]/ERROR] [bettercaves/]: Better Caves expected a ServerLevel, but got: com.seibel.distanthorizons.common.wrappers.worldGeneration.mimicObject.DhLitWorldGenRegion_forge
[31Jul2026 16:06:36.637] [DH-World Gen Thread[3]/ERROR] [bettercaves/]: Liquid regions will not be generated for this chunk. This may be fatal!
[31Jul2026 16:06:36.696] [DH-World Gen Thread[3]/ERROR] [bettercaves/]: Better Caves expected a ServerLevel, but got: com.seibel.distanthorizons.common.wrappers.worldGeneration.mimicObject.DhLitWorldGenRegion_forge
[31Jul2026 16:06:36.737] [DH-World Gen Thread[3]/ERROR] [bettercaves/]: Liquid regions will not be generated for this chunk. This may be fatal!
[31Jul2026 16:06:36.756] [DH-World Gen Thread[1]/ERROR] [bettercaves/]: Better Caves expected a ServerLevel, but got: com.seibel.distanthorizons.common.wrappers.worldGeneration.mimicObject.DhLitWorldGenRegion_forge
[31Jul2026 16:06:36.761] [DH-World Gen Thread[1]/ERROR] [bettercaves/]: Liquid regions will not be generated for this chunk. This may be fatal!
[31Jul2026 16:06:36.762] [DH-World Gen Thread[1]/ERROR] [bettercaves/]: Better Caves expected a ServerLevel, but got: com.seibel.distanthorizons.common.wrappers.worldGeneration.mimicObject.DhLitWorldGenRegion_forge
[31Jul2026 16:06:36.762] [DH-World Gen Thread[1]/ERROR] [bettercaves/]: Liquid regions will not be generated for this chunk. This may be fatal!
[31Jul2026 16:06:36.772] [DH-World Gen Thread[1]/ERROR] [bettercaves/]: Better Caves expected a ServerLevel, but got: com.seibel.distanthorizons.common.wrappers.worldGeneration.mimicObject.DhLitWorldGenRegion_forge
[31Jul2026 16:06:36.774] [DH-World Gen Thread[1]/ERROR] [bettercaves/]: Liquid regions will not be generated for this chunk. This may be fatal!
[31Jul2026 16:06:37.573] [DH-World Gen Thread[1]/ERROR] [bettercaves/]: Better Caves expected a ServerLevel, but got: com.seibel.distanthorizons.common.wrappers.worldGeneration.mimicObject.DhLitWorldGenRegion_forge
[31Jul2026 16:06:37.584] [DH-World Gen Thread[1]/ERROR] [bettercaves/]: Liquid regions will not be generated for this chunk. This may be fatal!
[31Jul2026 16:06:38.407] [DH-World Gen Thread[4]/ERROR] [bettercaves/]: Better Caves expected a ServerLevel, but got: com.seibel.distanthorizons.common.wrappers.worldGeneration.mimicObject.DhLitWorldGenRegion_forge
[31Jul2026 16:06:38.409] [DH-World Gen Thread[4]/ERROR] [bettercaves/]: Liquid regions will not be generated for this chunk. This may be fatal!
[31Jul2026 16:06:38.412] [DH-World Gen Thread[4]/ERROR] [bettercaves/]: Better Caves expected a ServerLevel, but got: com.seibel.distanthorizons.common.wrappers.worldGeneration.mimicObject.DhLitWorldGenRegion_forge
[31Jul2026 16:06:38.416] [DH-World Gen Thread[4]/ERROR] [bettercaves/]: Liquid regions will not be generated for this chunk. This may be fatal!
[31Jul2026 16:06:38.416] [DH-World Gen Thread[4]/ERROR] [bettercaves/]: Better Caves expected a ServerLevel, but got: com.seibel.distanthorizons.common.wrappers.worldGeneration.mimicObject.DhLitWorldGenRegion_forge
[31Jul2026 16:06:38.418] [DH-World Gen Thread[4]/ERROR] [bettercaves/]: Liquid regions will not be generated for this chunk. This may be fatal!
[31Jul2026 16:06:38.419] [DH-World Gen Thread[4]/ERROR] [bettercaves/]: Better Caves expected a ServerLevel, but got: com.seibel.distanthorizons.common.wrappers.worldGeneration.mimicObject.DhLitWorldGenRegion_forge
[31Jul2026 16:06:38.419] [DH-World Gen Thread[4]/ERROR] [bettercaves/]: Liquid regions will not be generated for this chunk. This may be fatal!
[31Jul2026 16:06:38.420] [DH-World Gen Thread[4]/ERROR] [bettercaves/]: Better Caves expected a ServerLevel, but got: com.seibel.distanthorizons.common.wrappers.worldGeneration.mimicObject.DhLitWorldGenRegion_forge
[31Jul2026 16:06:38.422] [DH-World Gen Thread[4]/ERROR] [bettercaves/]: Liquid regions will not be generated for this chunk. This may be fatal!
[31Jul2026 16:06:38.423] [DH-World Gen Thread[4]/ERROR] [bettercaves/]: Better Caves expected a ServerLevel, but got: com.seibel.distanthorizons.common.wrappers.worldGeneration.mimicObject.DhLitWorldGenRegion_forge
[31Jul2026 16:06:38.423] [DH-World Gen Thread[4]/ERROR] [bettercaves/]: Liquid regions will not be generated for this chunk. This may be fatal!
[31Jul2026 16:06:38.448] [DH-World Gen Thread[2]/ERROR] [bettercaves/]: Better Caves expected a ServerLevel, but got: com.seibel.distanthorizons.common.wrappers.worldGeneration.mimicObject.DhLitWorldGenRegion_forge
[31Jul2026 16:06:38.449] [DH-World Gen Thread[2]/ERROR] [bettercaves/]: Liquid regions will not be generated for this chunk. This may be fatal!
[31Jul2026 16:06:38.450] [DH-World Gen Thread[2]/ERROR] [bettercaves/]: Better Caves expected a ServerLevel, but got: com.seibel.distanthorizons.common.wrappers.worldGeneration.mimicObject.DhLitWorldGenRegion_forge
[31Jul2026 16:06:38.451] [DH-World Gen Thread[2]/ERROR] [bettercaves/]: Liquid regions will not be generated for this chunk. This may be fatal!
[31Jul2026 16:06:38.457] [DH-World Gen Thread[2]/ERROR] [bettercaves/]: Better Caves expected a ServerLevel, but got: com.seibel.distanthorizons.common.wrappers.worldGeneration.mimicObject.DhLitWorldGenRegion_forge
[31Jul2026 16:06:38.459] [DH-World Gen Thread[2]/ERROR] [bettercaves/]: Liquid regions will not be generated for this chunk. This may be fatal!
[31Jul2026 16:06:38.461] [DH-World Gen Thread[2]/ERROR] [bettercaves/]: Better Caves expected a ServerLevel, but got: com.seibel.distanthorizons.common.wrappers.worldGeneration.mimicObject.DhLitWorldGenRegion_forge
[31Jul2026 16:06:38.461] [DH-World Gen Thread[2]/ERROR] [bettercaves/]: Liquid regions will not be generated for this chunk. This may be fatal!
[31Jul2026 16:06:38.461] [DH-World Gen Thread[2]/ERROR] [bettercaves/]: Better Caves expected a ServerLevel, but got: com.seibel.distanthorizons.common.wrappers.worldGeneration.mimicObject.DhLitWorldGenRegion_forge
[31Jul2026 16:06:38.461] [DH-World Gen Thread[2]/ERROR] [bettercaves/]: Liquid regions will not be generated for this chunk. This may be fatal!
[31Jul2026 16:06:38.461] [DH-World Gen Thread[2]/ERROR] [bettercaves/]: Better Caves expected a ServerLevel, but got: com.seibel.distanthorizons.common.wrappers.worldGeneration.mimicObject.DhLitWorldGenRegion_forge
[31Jul2026 16:06:38.461] [DH-World Gen Thread[2]/ERROR] [bettercaves/]: Liquid regions will not be generated for this chunk. This may be fatal!
[31Jul2026 16:06:38.820] [DH-World Gen Thread[5]/ERROR] [bettercaves/]: Better Caves expected a ServerLevel, but got: com.seibel.distanthorizons.common.wrappers.worldGeneration.mimicObject.DhLitWorldGenRegion_forge
[31Jul2026 16:06:38.823] [DH-World Gen Thread[5]/ERROR] [bettercaves/]: Liquid regions will not be generated for this chunk. This may be fatal!
[31Jul2026 16:06:38.827] [DH-World Gen Thread[5]/ERROR] [bettercaves/]: Better Caves expected a ServerLevel, but got: com.seibel.distanthorizons.common.wrappers.worldGeneration.mimicObject.DhLitWorldGenRegion_forge
[31Jul2026 16:06:38.827] [DH-World Gen Thread[5]/ERROR] [bettercaves/]: Liquid regions will not be generated for this chunk. This may be fatal!
[31Jul2026 16:06:38.827] [DH-World Gen Thread[5]/ERROR] [bettercaves/]: Better Caves expected a ServerLevel, but got: com.seibel.distanthorizons.common.wrappers.worldGeneration.mimicObject.DhLitWorldGenRegion_forge
[31Jul2026 16:06:38.827] [DH-World Gen Thread[5]/ERROR] [bettercaves/]: Liquid regions will not be generated for this chunk. This may be fatal!
[31Jul2026 16:06:38.827] [DH-World Gen Thread[5]/ERROR] [bettercaves/]: Better Caves expected a ServerLevel, but got: com.seibel.distanthorizons.common.wrappers.worldGeneration.mimicObject.DhLitWorldGenRegion_forge
[31Jul2026 16:06:38.827] [DH-World Gen Thread[5]/ERROR] [bettercaves/]: Liquid regions will not be generated for this chunk. This may be fatal!
[31Jul2026 16:06:38.836] [DH-World Gen Thread[5]/ERROR] [bettercaves/]: Better Caves expected a ServerLevel, but got: com.seibel.distanthorizons.common.wrappers.worldGeneration.mimicObject.DhLitWorldGenRegion_forge
[31Jul2026 16:06:38.836] [DH-World Gen Thread[5]/ERROR] [bettercaves/]: Liquid regions will not be generated for this chunk. This may be fatal!
[31Jul2026 16:06:38.837] [DH-World Gen Thread[5]/ERROR] [bettercaves/]: Better Caves expected a ServerLevel, but got: com.seibel.distanthorizons.common.wrappers.worldGeneration.mimicObject.DhLitWorldGenRegion_forge
[31Jul2026 16:06:38.837] [DH-World Gen Thread[5]/ERROR] [bettercaves/]: Liquid regions will not be generated for this chunk. This may be fatal!
[31Jul2026 16:06:38.837] [DH-World Gen Thread[5]/ERROR] [bettercaves/]: Better Caves expected a ServerLevel, but got: com.seibel.distanthorizons.common.wrappers.worldGeneration.mimicObject.DhLitWorldGenRegion_forge
[31Jul2026 16:06:38.837] [DH-World Gen Thread[5]/ERROR] [bettercaves/]: Liquid regions will not be generated for this chunk. This may be fatal!
[31Jul2026 16:06:38.837] [DH-World Gen Thread[5]/ERROR] [bettercaves/]: Better Caves expected a ServerLevel, but got: com.seibel.distanthorizons.common.wrappers.worldGeneration.mimicObject.DhLitWorldGenRegion_forge
[31Jul2026 16:06:38.837] [DH-World Gen Thread[5]/ERROR] [bettercaves/]: Liquid regions will not be generated for this chunk. This may be fatal!
[31Jul2026 16:06:38.837] [DH-World Gen Thread[5]/ERROR] [bettercaves/]: Better Caves expected a ServerLevel, but got: com.seibel.distanthorizons.common.wrappers.worldGeneration.mimicObject.DhLitWorldGenRegion_forge
[31Jul2026 16:06:38.837] [DH-World Gen Thread[5]/ERROR] [bettercaves/]: Liquid regions will not be generated for this chunk. This may be fatal!
[31Jul2026 16:06:38.852] [DH-World Gen Thread[0]/ERROR] [bettercaves/]: Better Caves expected a ServerLevel, but got: com.seibel.distanthorizons.common.wrappers.worldGeneration.mimicObject.DhLitWorldGenRegion_forge
[31Jul2026 16:06:38.854] [DH-World Gen Thread[0]/ERROR] [bettercaves/]: Liquid regions will not be generated for this chunk. This may be fatal!
[31Jul2026 16:06:38.854] [DH-World Gen Thread[0]/ERROR] [bettercaves/]: Better Caves expected a ServerLevel, but got: com.seibel.distanthorizons.common.wrappers.worldGeneration.mimicObject.DhLitWorldGenRegion_forge
[31Jul2026 16:06:38.854] [DH-World Gen Thread[0]/ERROR] [bettercaves/]: Liquid regions will not be generated for this chunk. This may be fatal!
[31Jul2026 16:06:38.854] [DH-World Gen Thread[0]/ERROR] [bettercaves/]: Better Caves expected a ServerLevel, but got: com.seibel.distanthorizons.common.wrappers.worldGeneration.mimicObject.DhLitWorldGenRegion_forge
[31Jul2026 16:06:38.855] [DH-World Gen Thread[0]/ERROR] [bettercaves/]: Liquid regions will not be generated for this chunk. This may be fatal!
[31Jul2026 16:06:38.855] [DH-World Gen Thread[0]/ERROR] [bettercaves/]: Better Caves expected a ServerLevel, but got: com.seibel.distanthorizons.common.wrappers.worldGeneration.mimicObject.DhLitWorldGenRegion_forge
[31Jul2026 16:06:38.855] [DH-World Gen Thread[0]/ERROR] [bettercaves/]: Liquid regions will not be generated for this chunk. This may be fatal!
[31Jul2026 16:06:38.855] [DH-World Gen Thread[0]/ERROR] [bettercaves/]: Better Caves expected a ServerLevel, but got: com.seibel.distanthorizons.common.wrappers.worldGeneration.mimicObject.DhLitWorldGenRegion_forge
[31Jul2026 16:06:38.855] [DH-World Gen Thread[0]/ERROR] [bettercaves/]: Liquid regions will not be generated for this chunk. This may be fatal!
[31Jul2026 16:06:38.855] [DH-World Gen Thread[0]/ERROR] [bettercaves/]: Better Caves expected a ServerLevel, but got: com.seibel.distanthorizons.common.wrappers.worldGeneration.mimicObject.DhLitWorldGenRegion_forge
[31Jul2026 16:06:38.855] [DH-World Gen Thread[0]/ERROR] [bettercaves/]: Liquid regions will not be generated for this chunk. This may be fatal!
[31Jul2026 16:06:38.855] [DH-World Gen Thread[0]/ERROR] [bettercaves/]: Better Caves expected a ServerLevel, but got: com.seibel.distanthorizons.common.wrappers.worldGeneration.mimicObject.DhLitWorldGenRegion_forge
[31Jul2026 16:06:38.855] [DH-World Gen Thread[0]/ERROR] [bettercaves/]: Liquid regions will not be generated for this chunk. This may be fatal!
[31Jul2026 16:06:38.860] [DH-World Gen Thread[0]/ERROR] [bettercaves/]: Better Caves expected a ServerLevel, but got: com.seibel.distanthorizons.common.wrappers.worldGeneration.mimicObject.DhLitWorldGenRegion_forge
[31Jul2026 16:06:38.860] [DH-World Gen Thread[0]/ERROR] [bettercaves/]: Liquid regions will not be generated for this chunk. This may be fatal!
[31Jul2026 16:06:38.870] [DH-World Gen Thread[0]/ERROR] [bettercaves/]: Better Caves expected a ServerLevel, but got: com.seibel.distanthorizons.common.wrappers.worldGeneration.mimicObject.DhLitWorldGenRegion_forge
[31Jul2026 16:06:38.872] [DH-World Gen Thread[0]/ERROR] [bettercaves/]: Liquid regions will not be generated for this chunk. This may be fatal!
[31Jul2026 16:06:40.089] [DH-World Gen Thread[4]/ERROR] [bettercaves/]: Better Caves expected a ServerLevel, but got: com.seibel.distanthorizons.common.wrappers.worldGeneration.mimicObject.DhLitWorldGenRegion_forge
[31Jul2026 16:06:40.106] [DH-World Gen Thread[4]/ERROR] [bettercaves/]: Liquid regions will not be generated for this chunk. This may be fatal!
[31Jul2026 16:06:40.110] [DH-World Gen Thread[4]/ERROR] [bettercaves/]: Better Caves expected a ServerLevel, but got: com.seibel.distanthorizons.common.wrappers.worldGeneration.mimicObject.DhLitWorldGenRegion_forge
[31Jul2026 16:06:40.110] [DH-World Gen Thread[4]/ERROR] [bettercaves/]: Liquid regions will not be generated for this chunk. This may be fatal!
[31Jul2026 16:06:40.311] [DH-World Gen Thread[2]/ERROR] [bettercaves/]: Better Caves expected a ServerLevel, but got: com.seibel.distanthorizons.common.wrappers.worldGeneration.mimicObject.DhLitWorldGenRegion_forge
[31Jul2026 16:06:40.394] [DH-World Gen Thread[2]/ERROR] [bettercaves/]: Liquid regions will not be generated for this chunk. This may be fatal!
[31Jul2026 16:06:40.449] [DH-World Gen Thread[2]/ERROR] [bettercaves/]: Better Caves expected a ServerLevel, but got: com.seibel.distanthorizons.common.wrappers.worldGeneration.mimicObject.DhLitWorldGenRegion_forge
[31Jul2026 16:06:40.496] [DH-World Gen Thread[2]/ERROR] [bettercaves/]: Liquid regions will not be generated for this chunk. This may be fatal!
[31Jul2026 16:06:40.942] [DH-World Gen Thread[0]/ERROR] [bettercaves/]: Better Caves expected a ServerLevel, but got: com.seibel.distanthorizons.common.wrappers.worldGeneration.mimicObject.DhLitWorldGenRegion_forge
[31Jul2026 16:06:40.944] [DH-World Gen Thread[0]/ERROR] [bettercaves/]: Liquid regions will not be generated for this chunk. This may be fatal!
[31Jul2026 16:06:40.944] [DH-World Gen Thread[0]/ERROR] [bettercaves/]: Better Caves expected a ServerLevel, but got: com.seibel.distanthorizons.common.wrappers.worldGeneration.mimicObject.DhLitWorldGenRegion_forge
[31Jul2026 16:06:40.944] [DH-World Gen Thread[0]/ERROR] [bettercaves/]: Liquid regions will not be generated for this chunk. This may be fatal!
[31Jul2026 16:06:40.944] [DH-World Gen Thread[0]/ERROR] [bettercaves/]: Better Caves expected a ServerLevel, but got: com.seibel.distanthorizons.common.wrappers.worldGeneration.mimicObject.DhLitWorldGenRegion_forge
[31Jul2026 16:06:40.950] [DH-World Gen Thread[0]/ERROR] [bettercaves/]: Liquid regions will not be generated for this chunk. This may be fatal!
[31Jul2026 16:06:41.267] [DH-World Gen Thread[5]/ERROR] [bettercaves/]: Better Caves expected a ServerLevel, but got: com.seibel.distanthorizons.common.wrappers.worldGeneration.mimicObject.DhLitWorldGenRegion_forge
[31Jul2026 16:06:41.268] [DH-World Gen Thread[5]/ERROR] [bettercaves/]: Liquid regions will not be generated for this chunk. This may be fatal!
[31Jul2026 16:06:41.268] [DH-World Gen Thread[5]/ERROR] [bettercaves/]: Better Caves expected a ServerLevel, but got: com.seibel.distanthorizons.common.wrappers.worldGeneration.mimicObject.DhLitWorldGenRegion_forge
[31Jul2026 16:06:41.268] [DH-World Gen Thread[5]/ERROR] [bettercaves/]: Liquid regions will not be generated for this chunk. This may be fatal!
[31Jul2026 16:06:41.268] [DH-World Gen Thread[5]/ERROR] [bettercaves/]: Better Caves expected a ServerLevel, but got: com.seibel.distanthorizons.common.wrappers.worldGeneration.mimicObject.DhLitWorldGenRegion_forge
[31Jul2026 16:06:41.268] [DH-World Gen Thread[5]/ERROR] [bettercaves/]: Liquid regions will not be generated for this chunk. This may be fatal!
[31Jul2026 16:06:41.754] [DH-World Gen Thread[0]/ERROR] [bettercaves/]: Better Caves expected a ServerLevel, but got: com.seibel.distanthorizons.common.wrappers.worldGeneration.mimicObject.DhLitWorldGenRegion_forge
[31Jul2026 16:06:41.757] [DH-World Gen Thread[0]/ERROR] [bettercaves/]: Liquid regions will not be generated for this chunk. This may be fatal!
[31Jul2026 16:06:41.757] [DH-World Gen Thread[0]/ERROR] [bettercaves/]: Better Caves expected a ServerLevel, but got: com.seibel.distanthorizons.common.wrappers.worldGeneration.mimicObject.DhLitWorldGenRegion_forge
[31Jul2026 16:06:41.757] [DH-World Gen Thread[0]/ERROR] [bettercaves/]: Liquid regions will not be generated for this chunk. This may be fatal!
[31Jul2026 16:06:41.757] [DH-World Gen Thread[0]/ERROR] [bettercaves/]: Better Caves expected a ServerLevel, but got: com.seibel.distanthorizons.common.wrappers.worldGeneration.mimicObject.DhLitWorldGenRegion_forge
[31Jul2026 16:06:41.757] [DH-World Gen Thread[0]/ERROR] [bettercaves/]: Liquid regions will not be generated for this chunk. This may be fatal!
[31Jul2026 16:06:42.285] [DH-World Gen Thread[5]/ERROR] [bettercaves/]: Better Caves expected a ServerLevel, but got: com.seibel.distanthorizons.common.wrappers.worldGeneration.mimicObject.DhLitWorldGenRegion_forge
[31Jul2026 16:06:42.287] [DH-World Gen Thread[5]/ERROR] [bettercaves/]: Liquid regions will not be generated for this chunk. This may be fatal!
[31Jul2026 16:06:42.287] [DH-World Gen Thread[5]/ERROR] [bettercaves/]: Better Caves expected a ServerLevel, but got: com.seibel.distanthorizons.common.wrappers.worldGeneration.mimicObject.DhLitWorldGenRegion_forge
[31Jul2026 16:06:42.287] [DH-World Gen Thread[5]/ERROR] [bettercaves/]: Liquid regions will not be generated for this chunk. This may be fatal!
[31Jul2026 16:06:42.287] [DH-World Gen Thread[5]/ERROR] [bettercaves/]: Better Caves expected a ServerLevel, but got: com.seibel.distanthorizons.common.wrappers.worldGeneration.mimicObject.DhLitWorldGenRegion_forge
[31Jul2026 16:06:42.287] [DH-World Gen Thread[5]/ERROR] [bettercaves/]: Liquid regions will not be generated for this chunk. This may be fatal!
[31Jul2026 16:06:42.341] [DH-World Gen Thread[0]/ERROR] [bettercaves/]: Better Caves expected a ServerLevel, but got: com.seibel.distanthorizons.common.wrappers.worldGeneration.mimicObject.DhLitWorldGenRegion_forge
[31Jul2026 16:06:42.342] [DH-World Gen Thread[0]/ERROR] [bettercaves/]: Liquid regions will not be generated for this chunk. This may be fatal!
[31Jul2026 16:06:42.980] [DH-World Gen Thread[3]/ERROR] [bettercaves/]: Better Caves expected a ServerLevel, but got: com.seibel.distanthorizons.common.wrappers.worldGeneration.mimicObject.DhLitWorldGenRegion_forge
[31Jul2026 16:06:42.981] [DH-World Gen Thread[3]/ERROR] [bettercaves/]: Liquid regions will not be generated for this chunk. This may be fatal!
[31Jul2026 16:06:42.981] [DH-World Gen Thread[3]/ERROR] [bettercaves/]: Better Caves expected a ServerLevel, but got: com.seibel.distanthorizons.common.wrappers.worldGeneration.mimicObject.DhLitWorldGenRegion_forge
[31Jul2026 16:06:42.981] [DH-World Gen Thread[3]/ERROR] [bettercaves/]: Liquid regions will not be generated for this chunk. This may be fatal!
[31Jul2026 16:06:42.981] [DH-World Gen Thread[3]/ERROR] [bettercaves/]: Better Caves expected a ServerLevel, but got: com.seibel.distanthorizons.common.wrappers.worldGeneration.mimicObject.DhLitWorldGenRegion_forge
[31Jul2026 16:06:42.981] [DH-World Gen Thread[3]/ERROR] [bettercaves/]: Liquid regions will not be generated for this chunk. This may be fatal!
[31Jul2026 16:06:42.981] [DH-World Gen Thread[3]/ERROR] [bettercaves/]: Better Caves expected a ServerLevel, but got: com.seibel.distanthorizons.common.wrappers.worldGeneration.mimicObject.DhLitWorldGenRegion_forge
[31Jul2026 16:06:42.981] [DH-World Gen Thread[3]/ERROR] [bettercaves/]: Liquid regions will not be generated for this chunk. This may be fatal!
[31Jul2026 16:06:42.981] [DH-World Gen Thread[3]/ERROR] [bettercaves/]: Better Caves expected a ServerLevel, but got: com.seibel.distanthorizons.common.wrappers.worldGeneration.mimicObject.DhLitWorldGenRegion_forge
[31Jul2026 16:06:42.981] [DH-World Gen Thread[3]/ERROR] [bettercaves/]: Liquid regions will not be generated for this chunk. This may be fatal!
[31Jul2026 16:06:42.982] [DH-World Gen Thread[3]/ERROR] [bettercaves/]: Better Caves expected a ServerLevel, but got: com.seibel.distanthorizons.common.wrappers.worldGeneration.mimicObject.DhLitWorldGenRegion_forge
[31Jul2026 16:06:42.982] [DH-World Gen Thread[3]/ERROR] [bettercaves/]: Liquid regions will not be generated for this chunk. This may be fatal!
[31Jul2026 16:06:42.982] [DH-World Gen Thread[3]/ERROR] [bettercaves/]: Better Caves expected a ServerLevel, but got: com.seibel.distanthorizons.common.wrappers.worldGeneration.mimicObject.DhLitWorldGenRegion_forge
[31Jul2026 16:06:42.982] [DH-World Gen Thread[3]/ERROR] [bettercaves/]: Liquid regions will not be generated for this chunk. This may be fatal!
[31Jul2026 16:06:42.982] [DH-World Gen Thread[3]/ERROR] [bettercaves/]: Better Caves expected a ServerLevel, but got: com.seibel.distanthorizons.common.wrappers.worldGeneration.mimicObject.DhLitWorldGenRegion_forge
[31Jul2026 16:06:42.982] [DH-World Gen Thread[3]/ERROR] [bettercaves/]: Liquid regions will not be generated for this chunk. This may be fatal!
[31Jul2026 16:06:42.982] [DH-World Gen Thread[3]/ERROR] [bettercaves/]: Better Caves expected a ServerLevel, but got: com.seibel.distanthorizons.common.wrappers.worldGeneration.mimicObject.DhLitWorldGenRegion_forge
[31Jul2026 16:06:42.982] [DH-World Gen Thread[3]/ERROR] [bettercaves/]: Liquid regions will not be generated for this chunk. This may be fatal!
[31Jul2026 16:06:42.987] [DH-World Gen Thread[1]/ERROR] [bettercaves/]: Better Caves expected a ServerLevel, but got: com.seibel.distanthorizons.common.wrappers.worldGeneration.mimicObject.DhLitWorldGenRegion_forge
[31Jul2026 16:06:42.987] [DH-World Gen Thread[1]/ERROR] [bettercaves/]: Liquid regions will not be generated for this chunk. This may be fatal!
[31Jul2026 16:06:42.987] [DH-World Gen Thread[1]/ERROR] [bettercaves/]: Better Caves expected a ServerLevel, but got: com.seibel.distanthorizons.common.wrappers.worldGeneration.mimicObject.DhLitWorldGenRegion_forge
[31Jul2026 16:06:42.987] [DH-World Gen Thread[1]/ERROR] [bettercaves/]: Liquid regions will not be generated for this chunk. This may be fatal!
[31Jul2026 16:06:42.987] [DH-World Gen Thread[1]/ERROR] [bettercaves/]: Better Caves expected a ServerLevel, but got: com.seibel.distanthorizons.common.wrappers.worldGeneration.mimicObject.DhLitWorldGenRegion_forge
[31Jul2026 16:06:42.987] [DH-World Gen Thread[1]/ERROR] [bettercaves/]: Liquid regions will not be generated for this chunk. This may be fatal!
[31Jul2026 16:06:42.987] [DH-World Gen Thread[1]/ERROR] [bettercaves/]: Better Caves expected a ServerLevel, but got: com.seibel.distanthorizons.common.wrappers.worldGeneration.mimicObject.DhLitWorldGenRegion_forge
[31Jul2026 16:06:42.987] [DH-World Gen Thread[1]/ERROR] [bettercaves/]: Liquid regions will not be generated for this chunk. This may be fatal!
[31Jul2026 16:06:42.987] [DH-World Gen Thread[1]/ERROR] [bettercaves/]: Better Caves expected a ServerLevel, but got: com.seibel.distanthorizons.common.wrappers.worldGeneration.mimicObject.DhLitWorldGenRegion_forge
[31Jul2026 16:06:42.987] [DH-World Gen Thread[1]/ERROR] [bettercaves/]: Liquid regions will not be generated for this chunk. This may be fatal!
[31Jul2026 16:06:42.987] [DH-World Gen Thread[1]/ERROR] [bettercaves/]: Better Caves expected a ServerLevel, but got: com.seibel.distanthorizons.common.wrappers.worldGeneration.mimicObject.DhLitWorldGenRegion_forge
[31Jul2026 16:06:42.987] [DH-World Gen Thread[1]/ERROR] [bettercaves/]: Liquid regions will not be generated for this chunk. This may be fatal!
[31Jul2026 16:06:42.989] [DH-World Gen Thread[1]/ERROR] [bettercaves/]: Better Caves expected a ServerLevel, but got: com.seibel.distanthorizons.common.wrappers.worldGeneration.mimicObject.DhLitWorldGenRegion_forge
[31Jul2026 16:06:42.989] [DH-World Gen Thread[1]/ERROR] [bettercaves/]: Liquid regions will not be generated for this chunk. This may be fatal!
[31Jul2026 16:06:42.989] [DH-World Gen Thread[1]/ERROR] [bettercaves/]: Better Caves expected a ServerLevel, but got: com.seibel.distanthorizons.common.wrappers.worldGeneration.mimicObject.DhLitWorldGenRegion_forge
[31Jul2026 16:06:42.989] [DH-World Gen Thread[1]/ERROR] [bettercaves/]: Liquid regions will not be generated for this chunk. This may be fatal!
[31Jul2026 16:06:42.989] [DH-World Gen Thread[1]/ERROR] [bettercaves/]: Better Caves expected a ServerLevel, but got: com.seibel.distanthorizons.common.wrappers.worldGeneration.mimicObject.DhLitWorldGenRegion_forge
[31Jul2026 16:06:42.989] [DH-World Gen Thread[1]/ERROR] [bettercaves/]: Liquid regions will not be generated for this chunk. This may be fatal!
[31Jul2026 16:06:43.019] [DH-World Gen Thread[4]/ERROR] [bettercaves/]: Better Caves expected a ServerLevel, but got: com.seibel.distanthorizons.common.wrappers.worldGeneration.mimicObject.DhLitWorldGenRegion_forge
[31Jul2026 16:06:43.019] [DH-World Gen Thread[4]/ERROR] [bettercaves/]: Liquid regions will not be generated for this chunk. This may be fatal!
[31Jul2026 16:06:43.019] [DH-World Gen Thread[4]/ERROR] [bettercaves/]: Better Caves expected a ServerLevel, but got: com.seibel.distanthorizons.common.wrappers.worldGeneration.mimicObject.DhLitWorldGenRegion_forge
[31Jul2026 16:06:43.023] [DH-World Gen Thread[4]/ERROR] [bettercaves/]: Liquid regions will not be generated for this chunk. This may be fatal!
[31Jul2026 16:06:43.023] [DH-World Gen Thread[4]/ERROR] [bettercaves/]: Better Caves expected a ServerLevel, but got: com.seibel.distanthorizons.common.wrappers.worldGeneration.mimicObject.DhLitWorldGenRegion_forge
[31Jul2026 16:06:43.023] [DH-World Gen Thread[4]/ERROR] [bettercaves/]: Liquid regions will not be generated for this chunk. This may be fatal!
[31Jul2026 16:06:43.026] [DH-World Gen Thread[4]/ERROR] [bettercaves/]: Better Caves expected a ServerLevel, but got: com.seibel.distanthorizons.common.wrappers.worldGeneration.mimicObject.DhLitWorldGenRegion_forge
[31Jul2026 16:06:43.042] [DH-World Gen Thread[4]/ERROR] [bettercaves/]: Liquid regions will not be generated for this chunk. This may be fatal!
[31Jul2026 16:06:43.045] [DH-World Gen Thread[4]/ERROR] [bettercaves/]: Better Caves expected a ServerLevel, but got: com.seibel.distanthorizons.common.wrappers.worldGeneration.mimicObject.DhLitWorldGenRegion_forge
[31Jul2026 16:06:43.045] [DH-World Gen Thread[4]/ERROR] [bettercaves/]: Liquid regions will not be generated for this chunk. This may be fatal!
[31Jul2026 16:06:43.045] [DH-World Gen Thread[4]/ERROR] [bettercaves/]: Better Caves expected a ServerLevel, but got: com.seibel.distanthorizons.common.wrappers.worldGeneration.mimicObject.DhLitWorldGenRegion_forge
[31Jul2026 16:06:43.045] [DH-World Gen Thread[4]/ERROR] [bettercaves/]: Liquid regions will not be generated for this chunk. This may be fatal!
[31Jul2026 16:06:43.045] [DH-World Gen Thread[4]/ERROR] [bettercaves/]: Better Caves expected a ServerLevel, but got: com.seibel.distanthorizons.common.wrappers.worldGeneration.mimicObject.DhLitWorldGenRegion_forge
[31Jul2026 16:06:43.045] [DH-World Gen Thread[4]/ERROR] [bettercaves/]: Liquid regions will not be generated for this chunk. This may be fatal!
[31Jul2026 16:06:43.057] [DH-World Gen Thread[4]/ERROR] [bettercaves/]: Better Caves expected a ServerLevel, but got: com.seibel.distanthorizons.common.wrappers.worldGeneration.mimicObject.DhLitWorldGenRegion_forge
[31Jul2026 16:06:43.057] [DH-World Gen Thread[4]/ERROR] [bettercaves/]: Liquid regions will not be generated for this chunk. This may be fatal!
[31Jul2026 16:06:43.060] [DH-World Gen Thread[4]/ERROR] [bettercaves/]: Better Caves expected a ServerLevel, but got: com.seibel.distanthorizons.common.wrappers.worldGeneration.mimicObject.DhLitWorldGenRegion_forge
[31Jul2026 16:06:43.063] [DH-World Gen Thread[4]/ERROR] [bettercaves/]: Liquid regions will not be generated for this chunk. This may be fatal!
[31Jul2026 16:06:43.069] [DH-World Gen Thread[2]/ERROR] [bettercaves/]: Better Caves expected a ServerLevel, but got: com.seibel.distanthorizons.common.wrappers.worldGeneration.mimicObject.DhLitWorldGenRegion_forge
[31Jul2026 16:06:43.069] [DH-World Gen Thread[2]/ERROR] [bettercaves/]: Liquid regions will not be generated for this chunk. This may be fatal!
[31Jul2026 16:06:43.069] [DH-World Gen Thread[2]/ERROR] [bettercaves/]: Better Caves expected a ServerLevel, but got: com.seibel.distanthorizons.common.wrappers.worldGeneration.mimicObject.DhLitWorldGenRegion_forge
[31Jul2026 16:06:43.069] [DH-World Gen Thread[2]/ERROR] [bettercaves/]: Liquid regions will not be generated for this chunk. This may be fatal!
[31Jul2026 16:06:43.069] [DH-World Gen Thread[2]/ERROR] [bettercaves/]: Better Caves expected a ServerLevel, but got: com.seibel.distanthorizons.common.wrappers.worldGeneration.mimicObject.DhLitWorldGenRegion_forge
[31Jul2026 16:06:43.069] [DH-World Gen Thread[2]/ERROR] [bettercaves/]: Liquid regions will not be generated for this chunk. This may be fatal!
[31Jul2026 16:06:43.069] [DH-World Gen Thread[2]/ERROR] [bettercaves/]: Better Caves expected a ServerLevel, but got: com.seibel.distanthorizons.common.wrappers.worldGeneration.mimicObject.DhLitWorldGenRegion_forge
[31Jul2026 16:06:43.070] [DH-World Gen Thread[2]/ERROR] [bettercaves/]: Liquid regions will not be generated for this chunk. This may be fatal!
[31Jul2026 16:06:43.070] [DH-World Gen Thread[2]/ERROR] [bettercaves/]: Better Caves expected a ServerLevel, but got: com.seibel.distanthorizons.common.wrappers.worldGeneration.mimicObject.DhLitWorldGenRegion_forge
[31Jul2026 16:06:43.070] [DH-World Gen Thread[2]/ERROR] [bettercaves/]: Liquid regions will not be generated for this chunk. This may be fatal!
[31Jul2026 16:06:43.070] [DH-World Gen Thread[2]/ERROR] [bettercaves/]: Better Caves expected a ServerLevel, but got: com.seibel.distanthorizons.common.wrappers.worldGeneration.mimicObject.DhLitWorldGenRegion_forge
[31Jul2026 16:06:43.070] [DH-World Gen Thread[2]/ERROR] [bettercaves/]: Liquid regions will not be generated for this chunk. This may be fatal!
[31Jul2026 16:06:43.070] [DH-World Gen Thread[2]/ERROR] [bettercaves/]: Better Caves expected a ServerLevel, but got: com.seibel.distanthorizons.common.wrappers.worldGeneration.mimicObject.DhLitWorldGenRegion_forge
[31Jul2026 16:06:43.070] [DH-World Gen Thread[2]/ERROR] [bettercaves/]: Liquid regions will not be generated for this chunk. This may be fatal!
[31Jul2026 16:06:43.070] [DH-World Gen Thread[2]/ERROR] [bettercaves/]: Better Caves expected a ServerLevel, but got: com.seibel.distanthorizons.common.wrappers.worldGeneration.mimicObject.DhLitWorldGenRegion_forge
[31Jul2026 16:06:43.070] [DH-World Gen Thread[2]/ERROR] [bettercaves/]: Liquid regions will not be generated for this chunk. This may be fatal!
[31Jul2026 16:06:43.077] [DH-World Gen Thread[2]/ERROR] [bettercaves/]: Better Caves expected a ServerLevel, but got: com.seibel.distanthorizons.common.wrappers.worldGeneration.mimicObject.DhLitWorldGenRegion_forge
[31Jul2026 16:06:43.079] [DH-World Gen Thread[2]/ERROR] [bettercaves/]: Liquid regions will not be generated for this chunk. This may be fatal!
[31Jul2026 16:06:43.081] [DH-World Gen Thread[5]/ERROR] [bettercaves/]: Better Caves expected a ServerLevel, but got: com.seibel.distanthorizons.common.wrappers.worldGeneration.mimicObject.DhLitWorldGenRegion_forge
[31Jul2026 16:06:43.082] [DH-World Gen Thread[5]/ERROR] [bettercaves/]: Liquid regions will not be generated for this chunk. This may be fatal!
[31Jul2026 16:06:44.506] [DH-World Gen Thread[3]/ERROR] [bettercaves/]: Better Caves expected a ServerLevel, but got: com.seibel.distanthorizons.common.wrappers.worldGeneration.mimicObject.DhLitWorldGenRegion_forge
[31Jul2026 16:06:44.524] [DH-World Gen Thread[3]/ERROR] [bettercaves/]: Liquid regions will not be generated for this chunk. This may be fatal!
[31Jul2026 16:06:44.810] [Server thread/INFO] [net.minecraft.server.network.ServerGamePacketListenerImpl/]: Culo_Pelu lost connection: Disconnected
[31Jul2026 16:06:44.814] [Server thread/INFO] [net.minecraft.server.MinecraftServer/]: Culo_Pelu left the game
[31Jul2026 16:06:44.817] [Server thread/INFO] [DistantHorizons-DistantHorizons-com.seibel.distanthorizons.core.api.internal.ServerApi/]: Player [Culo_Pelu] disconnected.
[31Jul2026 16:06:44.827] [DH-World Gen Thread[1]/ERROR] [bettercaves/]: Better Caves expected a ServerLevel, but got: com.seibel.distanthorizons.common.wrappers.worldGeneration.mimicObject.DhLitWorldGenRegion_forge
[31Jul2026 16:06:44.830] [DH-World Gen Thread[1]/ERROR] [bettercaves/]: Liquid regions will not be generated for this chunk. This may be fatal!
[31Jul2026 16:06:44.837] [DH-World Gen Thread[1]/ERROR] [bettercaves/]: Better Caves expected a ServerLevel, but got: com.seibel.distanthorizons.common.wrappers.worldGeneration.mimicObject.DhLitWorldGenRegion_forge
[31Jul2026 16:06:44.851] [DH-World Gen Thread[1]/ERROR] [bettercaves/]: Liquid regions will not be generated for this chunk. This may be fatal!
[31Jul2026 16:06:44.862] [DH-World Gen Thread[1]/ERROR] [bettercaves/]: Better Caves expected a ServerLevel, but got: com.seibel.distanthorizons.common.wrappers.worldGeneration.mimicObject.DhLitWorldGenRegion_forge
[31Jul2026 16:06:44.863] [DH-World Gen Thread[1]/ERROR] [bettercaves/]: Liquid regions will not be generated for this chunk. This may be fatal!
[31Jul2026 16:06:44.864] [DH-World Gen Thread[3]/ERROR] [bettercaves/]: Better Caves expected a ServerLevel, but got: com.seibel.distanthorizons.common.wrappers.worldGeneration.mimicObject.DhLitWorldGenRegion_forge
[31Jul2026 16:06:44.870] [DH-World Gen Thread[3]/ERROR] [bettercaves/]: Liquid regions will not be generated for this chunk. This may be fatal!
[31Jul2026 16:06:44.873] [DH-World Gen Thread[3]/ERROR] [bettercaves/]: Better Caves expected a ServerLevel, but got: com.seibel.distanthorizons.common.wrappers.worldGeneration.mimicObject.DhLitWorldGenRegion_forge
[31Jul2026 16:06:44.874] [DH-World Gen Thread[3]/ERROR] [bettercaves/]: Liquid regions will not be generated for this chunk. This may be fatal!
[31Jul2026 16:06:44.919] [DH-World Gen Thread[4]/ERROR] [bettercaves/]: Better Caves expected a ServerLevel, but got: com.seibel.distanthorizons.common.wrappers.worldGeneration.mimicObject.DhLitWorldGenRegion_forge
[31Jul2026 16:06:44.925] [DH-World Gen Thread[4]/ERROR] [bettercaves/]: Liquid regions will not be generated for this chunk. This may be fatal!
[31Jul2026 16:06:44.954] [DH-World Gen Thread[4]/ERROR] [bettercaves/]: Better Caves expected a ServerLevel, but got: com.seibel.distanthorizons.common.wrappers.worldGeneration.mimicObject.DhLitWorldGenRegion_forge
[31Jul2026 16:06:44.962] [DH-World Gen Thread[4]/ERROR] [bettercaves/]: Liquid regions will not be generated for this chunk. This may be fatal!
[31Jul2026 16:06:44.962] [DH-World Gen Thread[4]/ERROR] [bettercaves/]: Better Caves expected a ServerLevel, but got: com.seibel.distanthorizons.common.wrappers.worldGeneration.mimicObject.DhLitWorldGenRegion_forge
[31Jul2026 16:06:44.962] [DH-World Gen Thread[4]/ERROR] [bettercaves/]: Liquid regions will not be generated for this chunk. This may be fatal!
[31Jul2026 16:06:45.107] [DH-World Gen Thread[2]/ERROR] [bettercaves/]: Better Caves expected a ServerLevel, but got: com.seibel.distanthorizons.common.wrappers.worldGeneration.mimicObject.DhLitWorldGenRegion_forge
[31Jul2026 16:06:45.129] [DH-World Gen Thread[2]/ERROR] [bettercaves/]: Liquid regions will not be generated for this chunk. This may be fatal!
[31Jul2026 16:06:45.129] [DH-World Gen Thread[2]/ERROR] [bettercaves/]: Better Caves expected a ServerLevel, but got: com.seibel.distanthorizons.common.wrappers.worldGeneration.mimicObject.DhLitWorldGenRegion_forge
[31Jul2026 16:06:45.130] [DH-World Gen Thread[2]/ERROR] [bettercaves/]: Liquid regions will not be generated for this chunk. This may be fatal!
[31Jul2026 16:06:45.180] [DH-World Gen Thread[2]/ERROR] [bettercaves/]: Better Caves expected a ServerLevel, but got: com.seibel.distanthorizons.common.wrappers.worldGeneration.mimicObject.DhLitWorldGenRegion_forge
[31Jul2026 16:06:45.180] [DH-World Gen Thread[2]/ERROR] [bettercaves/]: Liquid regions will not be generated for this chunk. This may be fatal!
[31Jul2026 16:06:45.240] [DH-World Gen Thread[1]/ERROR] [bettercaves/]: Better Caves expected a ServerLevel, but got: com.seibel.distanthorizons.common.wrappers.worldGeneration.mimicObject.DhLitWorldGenRegion_forge
[31Jul2026 16:06:45.241] [DH-World Gen Thread[1]/ERROR] [bettercaves/]: Liquid regions will not be generated for this chunk. This may be fatal!
[31Jul2026 16:06:45.242] [DH-World Gen Thread[1]/ERROR] [bettercaves/]: Better Caves expected a ServerLevel, but got: com.seibel.distanthorizons.common.wrappers.worldGeneration.mimicObject.DhLitWorldGenRegion_forge
[31Jul2026 16:06:45.243] [DH-World Gen Thread[1]/ERROR] [bettercaves/]: Liquid regions will not be generated for this chunk. This may be fatal!
[31Jul2026 16:06:45.243] [DH-World Gen Thread[1]/ERROR] [bettercaves/]: Better Caves expected a ServerLevel, but got: com.seibel.distanthorizons.common.wrappers.worldGeneration.mimicObject.DhLitWorldGenRegion_forge
[31Jul2026 16:06:45.243] [DH-World Gen Thread[1]/ERROR] [bettercaves/]: Liquid regions will not be generated for this chunk. This may be fatal!
[31Jul2026 16:06:45.252] [DH-World Gen Thread[3]/ERROR] [bettercaves/]: Better Caves expected a ServerLevel, but got: com.seibel.distanthorizons.common.wrappers.worldGeneration.mimicObject.DhLitWorldGenRegion_forge
[31Jul2026 16:06:45.254] [DH-World Gen Thread[3]/ERROR] [bettercaves/]: Liquid regions will not be generated for this chunk. This may be fatal!
[31Jul2026 16:06:45.254] [DH-World Gen Thread[3]/ERROR] [bettercaves/]: Better Caves expected a ServerLevel, but got: com.seibel.distanthorizons.common.wrappers.worldGeneration.mimicObject.DhLitWorldGenRegion_forge
[31Jul2026 16:06:45.255] [DH-World Gen Thread[3]/ERROR] [bettercaves/]: Liquid regions will not be generated for this chunk. This may be fatal!
[31Jul2026 16:06:45.255] [DH-World Gen Thread[3]/ERROR] [bettercaves/]: Better Caves expected a ServerLevel, but got: com.seibel.distanthorizons.common.wrappers.worldGeneration.mimicObject.DhLitWorldGenRegion_forge
[31Jul2026 16:06:45.255] [DH-World Gen Thread[3]/ERROR] [bettercaves/]: Liquid regions will not be generated for this chunk. This may be fatal!
[31Jul2026 16:06:45.327] [DH-World Gen Thread[4]/ERROR] [bettercaves/]: Better Caves expected a ServerLevel, but got: com.seibel.distanthorizons.common.wrappers.worldGeneration.mimicObject.DhLitWorldGenRegion_forge
[31Jul2026 16:06:45.327] [DH-World Gen Thread[4]/ERROR] [bettercaves/]: Liquid regions will not be generated for this chunk. This may be fatal!
[31Jul2026 16:06:45.328] [DH-World Gen Thread[4]/ERROR] [bettercaves/]: Better Caves expected a ServerLevel, but got: com.seibel.distanthorizons.common.wrappers.worldGeneration.mimicObject.DhLitWorldGenRegion_forge
[31Jul2026 16:06:45.330] [DH-World Gen Thread[4]/ERROR] [bettercaves/]: Liquid regions will not be generated for this chunk. This may be fatal!
[31Jul2026 16:06:45.330] [DH-World Gen Thread[4]/ERROR] [bettercaves/]: Better Caves expected a ServerLevel, but got: com.seibel.distanthorizons.common.wrappers.worldGeneration.mimicObject.DhLitWorldGenRegion_forge
[31Jul2026 16:06:45.330] [DH-World Gen Thread[4]/ERROR] [bettercaves/]: Liquid regions will not be generated for this chunk. This may be fatal!
[31Jul2026 16:06:45.535] [DH-World Gen Thread[2]/ERROR] [bettercaves/]: Better Caves expected a ServerLevel, but got: com.seibel.distanthorizons.common.wrappers.worldGeneration.mimicObject.DhLitWorldGenRegion_forge
[31Jul2026 16:06:45.535] [DH-World Gen Thread[2]/ERROR] [bettercaves/]: Liquid regions will not be generated for this chunk. This may be fatal!
[31Jul2026 16:06:45.535] [DH-World Gen Thread[2]/ERROR] [bettercaves/]: Better Caves expected a ServerLevel, but got: com.seibel.distanthorizons.common.wrappers.worldGeneration.mimicObject.DhLitWorldGenRegion_forge
[31Jul2026 16:06:45.535] [DH-World Gen Thread[2]/ERROR] [bettercaves/]: Liquid regions will not be generated for this chunk. This may be fatal!
[31Jul2026 16:06:45.536] [DH-World Gen Thread[2]/ERROR] [bettercaves/]: Better Caves expected a ServerLevel, but got: com.seibel.distanthorizons.common.wrappers.worldGeneration.mimicObject.DhLitWorldGenRegion_forge
[31Jul2026 16:06:45.536] [DH-World Gen Thread[2]/ERROR] [bettercaves/]: Liquid regions will not be generated for this chunk. This may be fatal!
[31Jul2026 16:06:45.551] [DH-World Gen Thread[1]/ERROR] [bettercaves/]: Better Caves expected a ServerLevel, but got: com.seibel.distanthorizons.common.wrappers.worldGeneration.mimicObject.DhLitWorldGenRegion_forge
[31Jul2026 16:06:45.551] [DH-World Gen Thread[1]/ERROR] [bettercaves/]: Liquid regions will not be generated for this chunk. This may be fatal!
[31Jul2026 16:06:45.569] [DH-World Gen Thread[3]/ERROR] [bettercaves/]: Better Caves expected a ServerLevel, but got: com.seibel.distanthorizons.common.wrappers.worldGeneration.mimicObject.DhLitWorldGenRegion_forge
[31Jul2026 16:06:45.569] [DH-World Gen Thread[3]/ERROR] [bettercaves/]: Liquid regions will not be generated for this chunk. This may be fatal!
[31Jul2026 16:06:45.684] [DH-World Gen Thread[4]/ERROR] [bettercaves/]: Better Caves expected a ServerLevel, but got: com.seibel.distanthorizons.common.wrappers.worldGeneration.mimicObject.DhLitWorldGenRegion_forge
[31Jul2026 16:06:45.685] [DH-World Gen Thread[4]/ERROR] [bettercaves/]: Liquid regions will not be generated for this chunk. This may be fatal!
[31Jul2026 16:06:45.839] [DH-World Gen Thread[2]/ERROR] [bettercaves/]: Better Caves expected a ServerLevel, but got: com.seibel.distanthorizons.common.wrappers.worldGeneration.mimicObject.DhLitWorldGenRegion_forge
[31Jul2026 16:06:45.839] [DH-World Gen Thread[2]/ERROR] [bettercaves/]: Liquid regions will not be generated for this chunk. This may be fatal!
[31Jul2026 16:06:46.208] [DH-World Gen Thread[0]/ERROR] [bettercaves/]: Better Caves expected a ServerLevel, but got: com.seibel.distanthorizons.common.wrappers.worldGeneration.mimicObject.DhLitWorldGenRegion_forge
[31Jul2026 16:06:46.209] [DH-World Gen Thread[0]/ERROR] [bettercaves/]: Liquid regions will not be generated for this chunk. This may be fatal!
[31Jul2026 16:06:46.209] [DH-World Gen Thread[0]/ERROR] [bettercaves/]: Better Caves expected a ServerLevel, but got: com.seibel.distanthorizons.common.wrappers.worldGeneration.mimicObject.DhLitWorldGenRegion_forge
[31Jul2026 16:06:46.209] [DH-World Gen Thread[0]/ERROR] [bettercaves/]: Liquid regions will not be generated for this chunk. This may be fatal!
[31Jul2026 16:06:46.209] [DH-World Gen Thread[0]/ERROR] [bettercaves/]: Better Caves expected a ServerLevel, but got: com.seibel.distanthorizons.common.wrappers.worldGeneration.mimicObject.DhLitWorldGenRegion_forge
[31Jul2026 16:06:46.209] [DH-World Gen Thread[0]/ERROR] [bettercaves/]: Liquid regions will not be generated for this chunk. This may be fatal!
[31Jul2026 16:06:46.209] [DH-World Gen Thread[0]/ERROR] [bettercaves/]: Better Caves expected a ServerLevel, but got: com.seibel.distanthorizons.common.wrappers.worldGeneration.mimicObject.DhLitWorldGenRegion_forge
[31Jul2026 16:06:46.209] [DH-World Gen Thread[0]/ERROR] [bettercaves/]: Liquid regions will not be generated for this chunk. This may be fatal!
[31Jul2026 16:06:46.209] [DH-World Gen Thread[0]/ERROR] [bettercaves/]: Better Caves expected a ServerLevel, but got: com.seibel.distanthorizons.common.wrappers.worldGeneration.mimicObject.DhLitWorldGenRegion_forge
[31Jul2026 16:06:46.210] [DH-World Gen Thread[0]/ERROR] [bettercaves/]: Liquid regions will not be generated for this chunk. This may be fatal!
[31Jul2026 16:06:46.210] [DH-World Gen Thread[0]/ERROR] [bettercaves/]: Better Caves expected a ServerLevel, but got: com.seibel.distanthorizons.common.wrappers.worldGeneration.mimicObject.DhLitWorldGenRegion_forge
[31Jul2026 16:06:46.210] [DH-World Gen Thread[0]/ERROR] [bettercaves/]: Liquid regions will not be generated for this chunk. This may be fatal!
[31Jul2026 16:06:46.211] [DH-World Gen Thread[0]/ERROR] [bettercaves/]: Better Caves expected a ServerLevel, but got: com.seibel.distanthorizons.common.wrappers.worldGeneration.mimicObject.DhLitWorldGenRegion_forge
[31Jul2026 16:06:46.211] [DH-World Gen Thread[0]/ERROR] [bettercaves/]: Liquid regions will not be generated for this chunk. This may be fatal!
[31Jul2026 16:06:46.211] [DH-World Gen Thread[0]/ERROR] [bettercaves/]: Better Caves expected a ServerLevel, but got: com.seibel.distanthorizons.common.wrappers.worldGeneration.mimicObject.DhLitWorldGenRegion_forge
[31Jul2026 16:06:46.211] [DH-World Gen Thread[0]/ERROR] [bettercaves/]: Liquid regions will not be generated for this chunk. This may be fatal!
[31Jul2026 16:06:46.211] [DH-World Gen Thread[0]/ERROR] [bettercaves/]: Better Caves expected a ServerLevel, but got: com.seibel.distanthorizons.common.wrappers.worldGeneration.mimicObject.DhLitWorldGenRegion_forge
[31Jul2026 16:06:46.211] [DH-World Gen Thread[0]/ERROR] [bettercaves/]: Liquid regions will not be generated for this chunk. This may be fatal!
[31Jul2026 16:06:46.211] [DH-World Gen Thread[5]/ERROR] [bettercaves/]: Better Caves expected a ServerLevel, but got: com.seibel.distanthorizons.common.wrappers.worldGeneration.mimicObject.DhLitWorldGenRegion_forge
[31Jul2026 16:06:46.211] [DH-World Gen Thread[5]/ERROR] [bettercaves/]: Liquid regions will not be generated for this chunk. This may be fatal!
[31Jul2026 16:06:46.211] [DH-World Gen Thread[5]/ERROR] [bettercaves/]: Better Caves expected a ServerLevel, but got: com.seibel.distanthorizons.common.wrappers.worldGeneration.mimicObject.DhLitWorldGenRegion_forge
[31Jul2026 16:06:46.211] [DH-World Gen Thread[5]/ERROR] [bettercaves/]: Liquid regions will not be generated for this chunk. This may be fatal!
[31Jul2026 16:06:46.211] [DH-World Gen Thread[5]/ERROR] [bettercaves/]: Better Caves expected a ServerLevel, but got: com.seibel.distanthorizons.common.wrappers.worldGeneration.mimicObject.DhLitWorldGenRegion_forge
[31Jul2026 16:06:46.211] [DH-World Gen Thread[5]/ERROR] [bettercaves/]: Liquid regions will not be generated for this chunk. This may be fatal!
[31Jul2026 16:06:46.211] [DH-World Gen Thread[5]/ERROR] [bettercaves/]: Better Caves expected a ServerLevel, but got: com.seibel.distanthorizons.common.wrappers.worldGeneration.mimicObject.DhLitWorldGenRegion_forge
[31Jul2026 16:06:46.211] [DH-World Gen Thread[5]/ERROR] [bettercaves/]: Liquid regions will not be generated for this chunk. This may be fatal!
[31Jul2026 16:06:46.219] [DH-World Gen Thread[5]/ERROR] [bettercaves/]: Better Caves expected a ServerLevel, but got: com.seibel.distanthorizons.common.wrappers.worldGeneration.mimicObject.DhLitWorldGenRegion_forge
[31Jul2026 16:06:46.219] [DH-World Gen Thread[5]/ERROR] [bettercaves/]: Liquid regions will not be generated for this chunk. This may be fatal!
[31Jul2026 16:06:46.226] [DH-World Gen Thread[5]/ERROR] [bettercaves/]: Better Caves expected a ServerLevel, but got: com.seibel.distanthorizons.common.wrappers.worldGeneration.mimicObject.DhLitWorldGenRegion_forge
[31Jul2026 16:06:46.226] [DH-World Gen Thread[5]/ERROR] [bettercaves/]: Liquid regions will not be generated for this chunk. This may be fatal!
[31Jul2026 16:06:46.226] [DH-World Gen Thread[5]/ERROR] [bettercaves/]: Better Caves expected a ServerLevel, but got: com.seibel.distanthorizons.common.wrappers.worldGeneration.mimicObject.DhLitWorldGenRegion_forge
[31Jul2026 16:06:46.226] [DH-World Gen Thread[5]/ERROR] [bettercaves/]: Liquid regions will not be generated for this chunk. This may be fatal!
[31Jul2026 16:06:46.226] [DH-World Gen Thread[5]/ERROR] [bettercaves/]: Better Caves expected a ServerLevel, but got: com.seibel.distanthorizons.common.wrappers.worldGeneration.mimicObject.DhLitWorldGenRegion_forge
[31Jul2026 16:06:46.227] [DH-World Gen Thread[5]/ERROR] [bettercaves/]: Liquid regions will not be generated for this chunk. This may be fatal!
[31Jul2026 16:06:46.227] [DH-World Gen Thread[5]/ERROR] [bettercaves/]: Better Caves expected a ServerLevel, but got: com.seibel.distanthorizons.common.wrappers.worldGeneration.mimicObject.DhLitWorldGenRegion_forge
[31Jul2026 16:06:46.227] [DH-World Gen Thread[5]/ERROR] [bettercaves/]: Liquid regions will not be generated for this chunk. This may be fatal!
[31Jul2026 16:06:46.227] [DH-World Gen Thread[1]/ERROR] [bettercaves/]: Better Caves expected a ServerLevel, but got: com.seibel.distanthorizons.common.wrappers.worldGeneration.mimicObject.DhLitWorldGenRegion_forge
[31Jul2026 16:06:46.227] [DH-World Gen Thread[1]/ERROR] [bettercaves/]: Liquid regions will not be generated for this chunk. This may be fatal!
[31Jul2026 16:06:46.243] [DH-World Gen Thread[1]/ERROR] [bettercaves/]: Better Caves expected a ServerLevel, but got: com.seibel.distanthorizons.common.wrappers.worldGeneration.mimicObject.DhLitWorldGenRegion_forge
[31Jul2026 16:06:46.243] [DH-World Gen Thread[1]/ERROR] [bettercaves/]: Liquid regions will not be generated for this chunk. This may be fatal!
[31Jul2026 16:06:46.243] [DH-World Gen Thread[1]/ERROR] [bettercaves/]: Better Caves expected a ServerLevel, but got: com.seibel.distanthorizons.common.wrappers.worldGeneration.mimicObject.DhLitWorldGenRegion_forge
[31Jul2026 16:06:46.243] [DH-World Gen Thread[1]/ERROR] [bettercaves/]: Liquid regions will not be generated for this chunk. This may be fatal!
[31Jul2026 16:06:46.255] [DH-World Gen Thread[1]/ERROR] [bettercaves/]: Better Caves expected a ServerLevel, but got: com.seibel.distanthorizons.common.wrappers.worldGeneration.mimicObject.DhLitWorldGenRegion_forge
[31Jul2026 16:06:46.255] [DH-World Gen Thread[1]/ERROR] [bettercaves/]: Liquid regions will not be generated for this chunk. This may be fatal!
[31Jul2026 16:06:46.299] [DH-World Gen Thread[1]/ERROR] [bettercaves/]: Better Caves expected a ServerLevel, but got: com.seibel.distanthorizons.common.wrappers.worldGeneration.mimicObject.DhLitWorldGenRegion_forge
[31Jul2026 16:06:46.299] [DH-World Gen Thread[1]/ERROR] [bettercaves/]: Liquid regions will not be generated for this chunk. This may be fatal!
[31Jul2026 16:06:46.299] [DH-World Gen Thread[1]/ERROR] [bettercaves/]: Better Caves expected a ServerLevel, but got: com.seibel.distanthorizons.common.wrappers.worldGeneration.mimicObject.DhLitWorldGenRegion_forge
[31Jul2026 16:06:46.299] [DH-World Gen Thread[1]/ERROR] [bettercaves/]: Liquid regions will not be generated for this chunk. This may be fatal!
[31Jul2026 16:06:46.299] [DH-World Gen Thread[1]/ERROR] [bettercaves/]: Better Caves expected a ServerLevel, but got: com.seibel.distanthorizons.common.wrappers.worldGeneration.mimicObject.DhLitWorldGenRegion_forge
[31Jul2026 16:06:46.299] [DH-World Gen Thread[1]/ERROR] [bettercaves/]: Liquid regions will not be generated for this chunk. This may be fatal!
[31Jul2026 16:06:46.299] [DH-World Gen Thread[1]/ERROR] [bettercaves/]: Better Caves expected a ServerLevel, but got: com.seibel.distanthorizons.common.wrappers.worldGeneration.mimicObject.DhLitWorldGenRegion_forge
[31Jul2026 16:06:46.299] [DH-World Gen Thread[1]/ERROR] [bettercaves/]: Liquid regions will not be generated for this chunk. This may be fatal!
[31Jul2026 16:06:46.299] [DH-World Gen Thread[1]/ERROR] [bettercaves/]: Better Caves expected a ServerLevel, but got: com.seibel.distanthorizons.common.wrappers.worldGeneration.mimicObject.DhLitWorldGenRegion_forge
[31Jul2026 16:06:46.299] [DH-World Gen Thread[1]/ERROR] [bettercaves/]: Liquid regions will not be generated for this chunk. This may be fatal!
[31Jul2026 16:06:46.300] [DH-World Gen Thread[4]/ERROR] [bettercaves/]: Better Caves expected a ServerLevel, but got: com.seibel.distanthorizons.common.wrappers.worldGeneration.mimicObject.DhLitWorldGenRegion_forge
[31Jul2026 16:06:46.300] [DH-World Gen Thread[4]/ERROR] [bettercaves/]: Liquid regions will not be generated for this chunk. This may be fatal!
[31Jul2026 16:06:46.300] [DH-World Gen Thread[4]/ERROR] [bettercaves/]: Better Caves expected a ServerLevel, but got: com.seibel.distanthorizons.common.wrappers.worldGeneration.mimicObject.DhLitWorldGenRegion_forge
[31Jul2026 16:06:46.300] [DH-World Gen Thread[4]/ERROR] [bettercaves/]: Liquid regions will not be generated for this chunk. This may be fatal!
[31Jul2026 16:06:46.300] [DH-World Gen Thread[4]/ERROR] [bettercaves/]: Better Caves expected a ServerLevel, but got: com.seibel.distanthorizons.common.wrappers.worldGeneration.mimicObject.DhLitWorldGenRegion_forge
[31Jul2026 16:06:46.300] [DH-World Gen Thread[4]/ERROR] [bettercaves/]: Liquid regions will not be generated for this chunk. This may be fatal!
[31Jul2026 16:06:46.300] [DH-World Gen Thread[4]/ERROR] [bettercaves/]: Better Caves expected a ServerLevel, but got: com.seibel.distanthorizons.common.wrappers.worldGeneration.mimicObject.DhLitWorldGenRegion_forge
[31Jul2026 16:06:46.300] [DH-World Gen Thread[4]/ERROR] [bettercaves/]: Liquid regions will not be generated for this chunk. This may be fatal!
[31Jul2026 16:06:46.300] [DH-World Gen Thread[4]/ERROR] [bettercaves/]: Better Caves expected a ServerLevel, but got: com.seibel.distanthorizons.common.wrappers.worldGeneration.mimicObject.DhLitWorldGenRegion_forge
[31Jul2026 16:06:46.300] [DH-World Gen Thread[4]/ERROR] [bettercaves/]: Liquid regions will not be generated for this chunk. This may be fatal!
[31Jul2026 16:06:46.300] [DH-World Gen Thread[4]/ERROR] [bettercaves/]: Better Caves expected a ServerLevel, but got: com.seibel.distanthorizons.common.wrappers.worldGeneration.mimicObject.DhLitWorldGenRegion_forge
[31Jul2026 16:06:46.300] [DH-World Gen Thread[4]/ERROR] [bettercaves/]: Liquid regions will not be generated for this chunk. This may be fatal!
[31Jul2026 16:06:46.300] [DH-World Gen Thread[4]/ERROR] [bettercaves/]: Better Caves expected a ServerLevel, but got: com.seibel.distanthorizons.common.wrappers.worldGeneration.mimicObject.DhLitWorldGenRegion_forge
[31Jul2026 16:06:46.300] [DH-World Gen Thread[4]/ERROR] [bettercaves/]: Liquid regions will not be generated for this chunk. This may be fatal!
[31Jul2026 16:06:46.300] [DH-World Gen Thread[4]/ERROR] [bettercaves/]: Better Caves expected a ServerLevel, but got: com.seibel.distanthorizons.common.wrappers.worldGeneration.mimicObject.DhLitWorldGenRegion_forge
[31Jul2026 16:06:46.300] [DH-World Gen Thread[4]/ERROR] [bettercaves/]: Liquid regions will not be generated for this chunk. This may be fatal!
[31Jul2026 16:06:46.300] [DH-World Gen Thread[4]/ERROR] [bettercaves/]: Better Caves expected a ServerLevel, but got: com.seibel.distanthorizons.common.wrappers.worldGeneration.mimicObject.DhLitWorldGenRegion_forge
[31Jul2026 16:06:46.300] [DH-World Gen Thread[4]/ERROR] [bettercaves/]: Liquid regions will not be generated for this chunk. This may be fatal!
[31Jul2026 16:06:46.301] [DH-World Gen Thread[3]/ERROR] [bettercaves/]: Better Caves expected a ServerLevel, but got: com.seibel.distanthorizons.common.wrappers.worldGeneration.mimicObject.DhLitWorldGenRegion_forge
[31Jul2026 16:06:46.301] [DH-World Gen Thread[3]/ERROR] [bettercaves/]: Liquid regions will not be generated for this chunk. This may be fatal!
[31Jul2026 16:06:46.301] [DH-World Gen Thread[3]/ERROR] [bettercaves/]: Better Caves expected a ServerLevel, but got: com.seibel.distanthorizons.common.wrappers.worldGeneration.mimicObject.DhLitWorldGenRegion_forge
[31Jul2026 16:06:46.301] [DH-World Gen Thread[3]/ERROR] [bettercaves/]: Liquid regions will not be generated for this chunk. This may be fatal!
[31Jul2026 16:06:46.301] [DH-World Gen Thread[3]/ERROR] [bettercaves/]: Better Caves expected a ServerLevel, but got: com.seibel.distanthorizons.common.wrappers.worldGeneration.mimicObject.DhLitWorldGenRegion_forge
[31Jul2026 16:06:46.301] [DH-World Gen Thread[3]/ERROR] [bettercaves/]: Liquid regions will not be generated for this chunk. This may be fatal!
[31Jul2026 16:06:46.343] [DH-World Gen Thread[3]/ERROR] [bettercaves/]: Better Caves expected a ServerLevel, but got: com.seibel.distanthorizons.common.wrappers.worldGeneration.mimicObject.DhLitWorldGenRegion_forge
[31Jul2026 16:06:46.343] [DH-World Gen Thread[3]/ERROR] [bettercaves/]: Liquid regions will not be generated for this chunk. This may be fatal!
[31Jul2026 16:06:46.343] [DH-World Gen Thread[3]/ERROR] [bettercaves/]: Better Caves expected a ServerLevel, but got: com.seibel.distanthorizons.common.wrappers.worldGeneration.mimicObject.DhLitWorldGenRegion_forge
[31Jul2026 16:06:46.343] [DH-World Gen Thread[3]/ERROR] [bettercaves/]: Liquid regions will not be generated for this chunk. This may be fatal!
[31Jul2026 16:06:46.343] [DH-World Gen Thread[3]/ERROR] [bettercaves/]: Better Caves expected a ServerLevel, but got: com.seibel.distanthorizons.common.wrappers.worldGeneration.mimicObject.DhLitWorldGenRegion_forge
[31Jul2026 16:06:46.343] [DH-World Gen Thread[3]/ERROR] [bettercaves/]: Liquid regions will not be generated for this chunk. This may be fatal!
[31Jul2026 16:06:46.343] [DH-World Gen Thread[2]/ERROR] [bettercaves/]: Better Caves expected a ServerLevel, but got: com.seibel.distanthorizons.common.wrappers.worldGeneration.mimicObject.DhLitWorldGenRegion_forge
[31Jul2026 16:06:46.343] [DH-World Gen Thread[2]/ERROR] [bettercaves/]: Liquid regions will not be generated for this chunk. This may be fatal!
[31Jul2026 16:06:46.343] [DH-World Gen Thread[2]/ERROR] [bettercaves/]: Better Caves expected a ServerLevel, but got: com.seibel.distanthorizons.common.wrappers.worldGeneration.mimicObject.DhLitWorldGenRegion_forge
[31Jul2026 16:06:46.344] [DH-World Gen Thread[2]/ERROR] [bettercaves/]: Liquid regions will not be generated for this chunk. This may be fatal!
[31Jul2026 16:06:46.344] [DH-World Gen Thread[2]/ERROR] [bettercaves/]: Better Caves expected a ServerLevel, but got: com.seibel.distanthorizons.common.wrappers.worldGeneration.mimicObject.DhLitWorldGenRegion_forge
[31Jul2026 16:06:46.344] [DH-World Gen Thread[2]/ERROR] [bettercaves/]: Liquid regions will not be generated for this chunk. This may be fatal!
[31Jul2026 16:06:46.344] [DH-World Gen Thread[2]/ERROR] [bettercaves/]: Better Caves expected a ServerLevel, but got: com.seibel.distanthorizons.common.wrappers.worldGeneration.mimicObject.DhLitWorldGenRegion_forge
[31Jul2026 16:06:46.344] [DH-World Gen Thread[2]/ERROR] [bettercaves/]: Liquid regions will not be generated for this chunk. This may be fatal!
[31Jul2026 16:06:46.344] [DH-World Gen Thread[2]/ERROR] [bettercaves/]: Better Caves expected a ServerLevel, but got: com.seibel.distanthorizons.common.wrappers.worldGeneration.mimicObject.DhLitWorldGenRegion_forge
[31Jul2026 16:06:46.344] [DH-World Gen Thread[2]/ERROR] [bettercaves/]: Liquid regions will not be generated for this chunk. This may be fatal!
[31Jul2026 16:06:46.344] [DH-World Gen Thread[2]/ERROR] [bettercaves/]: Better Caves expected a ServerLevel, but got: com.seibel.distanthorizons.common.wrappers.worldGeneration.mimicObject.DhLitWorldGenRegion_forge
[31Jul2026 16:06:46.344] [DH-World Gen Thread[2]/ERROR] [bettercaves/]: Liquid regions will not be generated for this chunk. This may be fatal!
[31Jul2026 16:06:46.352] [DH-World Gen Thread[2]/ERROR] [bettercaves/]: Better Caves expected a ServerLevel, but got: com.seibel.distanthorizons.common.wrappers.worldGeneration.mimicObject.DhLitWorldGenRegion_forge
[31Jul2026 16:06:46.352] [DH-World Gen Thread[2]/ERROR] [bettercaves/]: Liquid regions will not be generated for this chunk. This may be fatal!
[31Jul2026 16:06:46.352] [DH-World Gen Thread[2]/ERROR] [bettercaves/]: Better Caves expected a ServerLevel, but got: com.seibel.distanthorizons.common.wrappers.worldGeneration.mimicObject.DhLitWorldGenRegion_forge
[31Jul2026 16:06:46.352] [DH-World Gen Thread[2]/ERROR] [bettercaves/]: Liquid regions will not be generated for this chunk. This may be fatal!
[31Jul2026 16:06:46.352] [DH-World Gen Thread[2]/ERROR] [bettercaves/]: Better Caves expected a ServerLevel, but got: com.seibel.distanthorizons.common.wrappers.worldGeneration.mimicObject.DhLitWorldGenRegion_forge
[31Jul2026 16:06:46.352] [DH-World Gen Thread[2]/ERROR] [bettercaves/]: Liquid regions will not be generated for this chunk. This may be fatal!
[31Jul2026 16:06:47.035] [DH-World Gen Thread[1]/ERROR] [bettercaves/]: Better Caves expected a ServerLevel, but got: com.seibel.distanthorizons.common.wrappers.worldGeneration.mimicObject.DhLitWorldGenRegion_forge
[31Jul2026 16:06:47.035] [DH-World Gen Thread[1]/ERROR] [bettercaves/]: Liquid regions will not be generated for this chunk. This may be fatal!
[31Jul2026 16:06:47.035] [DH-World Gen Thread[1]/ERROR] [bettercaves/]: Better Caves expected a ServerLevel, but got: com.seibel.distanthorizons.common.wrappers.worldGeneration.mimicObject.DhLitWorldGenRegion_forge
[31Jul2026 16:06:47.035] [DH-World Gen Thread[1]/ERROR] [bettercaves/]: Liquid regions will not be generated for this chunk. This may be fatal!
[31Jul2026 16:06:47.035] [DH-World Gen Thread[1]/ERROR] [bettercaves/]: Better Caves expected a ServerLevel, but got: com.seibel.distanthorizons.common.wrappers.worldGeneration.mimicObject.DhLitWorldGenRegion_forge
[31Jul2026 16:06:47.035] [DH-World Gen Thread[1]/ERROR] [bettercaves/]: Liquid regions will not be generated for this chunk. This may be fatal!
[31Jul2026 16:06:47.051] [DH-World Gen Thread[0]/ERROR] [bettercaves/]: Better Caves expected a ServerLevel, but got: com.seibel.distanthorizons.common.wrappers.worldGeneration.mimicObject.DhLitWorldGenRegion_forge
[31Jul2026 16:06:47.051] [DH-World Gen Thread[0]/ERROR] [bettercaves/]: Liquid regions will not be generated for this chunk. This may be fatal!
[31Jul2026 16:06:47.051] [DH-World Gen Thread[0]/ERROR] [bettercaves/]: Better Caves expected a ServerLevel, but got: com.seibel.distanthorizons.common.wrappers.worldGeneration.mimicObject.DhLitWorldGenRegion_forge
[31Jul2026 16:06:47.051] [DH-World Gen Thread[0]/ERROR] [bettercaves/]: Liquid regions will not be generated for this chunk. This may be fatal!
[31Jul2026 16:06:47.051] [DH-World Gen Thread[0]/ERROR] [bettercaves/]: Better Caves expected a ServerLevel, but got: com.seibel.distanthorizons.common.wrappers.worldGeneration.mimicObject.DhLitWorldGenRegion_forge
[31Jul2026 16:06:47.051] [DH-World Gen Thread[0]/ERROR] [bettercaves/]: Liquid regions will not be generated for this chunk. This may be fatal!
[31Jul2026 16:06:47.136] [DH-World Gen Thread[3]/ERROR] [bettercaves/]: Better Caves expected a ServerLevel, but got: com.seibel.distanthorizons.common.wrappers.worldGeneration.mimicObject.DhLitWorldGenRegion_forge
[31Jul2026 16:06:47.136] [DH-World Gen Thread[3]/ERROR] [bettercaves/]: Liquid regions will not be generated for this chunk. This may be fatal!
[31Jul2026 16:06:47.136] [DH-World Gen Thread[3]/ERROR] [bettercaves/]: Better Caves expected a ServerLevel, but got: com.seibel.distanthorizons.common.wrappers.worldGeneration.mimicObject.DhLitWorldGenRegion_forge
[31Jul2026 16:06:47.136] [DH-World Gen Thread[3]/ERROR] [bettercaves/]: Liquid regions will not be generated for this chunk. This may be fatal!
[31Jul2026 16:06:47.151] [DH-World Gen Thread[5]/ERROR] [bettercaves/]: Better Caves expected a ServerLevel, but got: com.seibel.distanthorizons.common.wrappers.worldGeneration.mimicObject.DhLitWorldGenRegion_forge
[31Jul2026 16:06:47.151] [DH-World Gen Thread[5]/ERROR] [bettercaves/]: Liquid regions will not be generated for this chunk. This may be fatal!
[31Jul2026 16:06:47.151] [DH-World Gen Thread[5]/ERROR] [bettercaves/]: Better Caves expected a ServerLevel, but got: com.seibel.distanthorizons.common.wrappers.worldGeneration.mimicObject.DhLitWorldGenRegion_forge
[31Jul2026 16:06:47.151] [DH-World Gen Thread[5]/ERROR] [bettercaves/]: Liquid regions will not be generated for this chunk. This may be fatal!
[31Jul2026 16:06:47.151] [DH-World Gen Thread[5]/ERROR] [bettercaves/]: Better Caves expected a ServerLevel, but got: com.seibel.distanthorizons.common.wrappers.worldGeneration.mimicObject.DhLitWorldGenRegion_forge
[31Jul2026 16:06:47.152] [DH-World Gen Thread[5]/ERROR] [bettercaves/]: Liquid regions will not be generated for this chunk. This may be fatal!
[31Jul2026 16:06:47.309] [DH-World Gen Thread[1]/ERROR] [bettercaves/]: Better Caves expected a ServerLevel, but got: com.seibel.distanthorizons.common.wrappers.worldGeneration.mimicObject.DhLitWorldGenRegion_forge
[31Jul2026 16:06:47.309] [DH-World Gen Thread[1]/ERROR] [bettercaves/]: Liquid regions will not be generated for this chunk. This may be fatal!
[31Jul2026 16:06:47.310] [DH-World Gen Thread[1]/ERROR] [bettercaves/]: Better Caves expected a ServerLevel, but got: com.seibel.distanthorizons.common.wrappers.worldGeneration.mimicObject.DhLitWorldGenRegion_forge
[31Jul2026 16:06:47.310] [DH-World Gen Thread[1]/ERROR] [bettercaves/]: Liquid regions will not be generated for this chunk. This may be fatal!
[31Jul2026 16:06:47.310] [DH-World Gen Thread[1]/ERROR] [bettercaves/]: Better Caves expected a ServerLevel, but got: com.seibel.distanthorizons.common.wrappers.worldGeneration.mimicObject.DhLitWorldGenRegion_forge
[31Jul2026 16:06:47.310] [DH-World Gen Thread[1]/ERROR] [bettercaves/]: Liquid regions will not be generated for this chunk. This may be fatal!
[31Jul2026 16:06:47.342] [DH-World Gen Thread[0]/ERROR] [bettercaves/]: Better Caves expected a ServerLevel, but got: com.seibel.distanthorizons.common.wrappers.worldGeneration.mimicObject.DhLitWorldGenRegion_forge
[31Jul2026 16:06:47.342] [DH-World Gen Thread[0]/ERROR] [bettercaves/]: Liquid regions will not be generated for this chunk. This may be fatal!
[31Jul2026 16:06:47.342] [DH-World Gen Thread[0]/ERROR] [bettercaves/]: Better Caves expected a ServerLevel, but got: com.seibel.distanthorizons.common.wrappers.worldGeneration.mimicObject.DhLitWorldGenRegion_forge
[31Jul2026 16:06:47.343] [DH-World Gen Thread[0]/ERROR] [bettercaves/]: Liquid regions will not be generated for this chunk. This may be fatal!
[31Jul2026 16:06:47.350] [DH-World Gen Thread[0]/ERROR] [bettercaves/]: Better Caves expected a ServerLevel, but got: com.seibel.distanthorizons.common.wrappers.worldGeneration.mimicObject.DhLitWorldGenRegion_forge
[31Jul2026 16:06:47.350] [DH-World Gen Thread[0]/ERROR] [bettercaves/]: Liquid regions will not be generated for this chunk. This may be fatal!
[31Jul2026 16:06:47.415] [DH-World Gen Thread[4]/ERROR] [bettercaves/]: Better Caves expected a ServerLevel, but got: com.seibel.distanthorizons.common.wrappers.worldGeneration.mimicObject.DhLitWorldGenRegion_forge
[31Jul2026 16:06:47.415] [DH-World Gen Thread[4]/ERROR] [bettercaves/]: Liquid regions will not be generated for this chunk. This may be fatal!
[31Jul2026 16:06:47.415] [DH-World Gen Thread[4]/ERROR] [bettercaves/]: Better Caves expected a ServerLevel, but got: com.seibel.distanthorizons.common.wrappers.worldGeneration.mimicObject.DhLitWorldGenRegion_forge
[31Jul2026 16:06:47.415] [DH-World Gen Thread[4]/ERROR] [bettercaves/]: Liquid regions will not be generated for this chunk. This may be fatal!
[31Jul2026 16:06:47.422] [DH-World Gen Thread[4]/ERROR] [bettercaves/]: Better Caves expected a ServerLevel, but got: com.seibel.distanthorizons.common.wrappers.worldGeneration.mimicObject.DhLitWorldGenRegion_forge
[31Jul2026 16:06:47.422] [DH-World Gen Thread[4]/ERROR] [bettercaves/]: Liquid regions will not be generated for this chunk. This may be fatal!
[31Jul2026 16:06:47.430] [DH-World Gen Thread[5]/ERROR] [bettercaves/]: Better Caves expected a ServerLevel, but got: com.seibel.distanthorizons.common.wrappers.worldGeneration.mimicObject.DhLitWorldGenRegion_forge
[31Jul2026 16:06:47.430] [DH-World Gen Thread[5]/ERROR] [bettercaves/]: Liquid regions will not be generated for this chunk. This may be fatal!
[31Jul2026 16:06:47.430] [DH-World Gen Thread[5]/ERROR] [bettercaves/]: Better Caves expected a ServerLevel, but got: com.seibel.distanthorizons.common.wrappers.worldGeneration.mimicObject.DhLitWorldGenRegion_forge
[31Jul2026 16:06:47.430] [DH-World Gen Thread[5]/ERROR] [bettercaves/]: Liquid regions will not be generated for this chunk. This may be fatal!
[31Jul2026 16:06:47.430] [DH-World Gen Thread[5]/ERROR] [bettercaves/]: Better Caves expected a ServerLevel, but got: com.seibel.distanthorizons.common.wrappers.worldGeneration.mimicObject.DhLitWorldGenRegion_forge
[31Jul2026 16:06:47.430] [DH-World Gen Thread[5]/ERROR] [bettercaves/]: Liquid regions will not be generated for this chunk. This may be fatal!
[31Jul2026 16:06:47.432] [DH-World Gen Thread[2]/ERROR] [bettercaves/]: Better Caves expected a ServerLevel, but got: com.seibel.distanthorizons.common.wrappers.worldGeneration.mimicObject.DhLitWorldGenRegion_forge
[31Jul2026 16:06:47.432] [DH-World Gen Thread[2]/ERROR] [bettercaves/]: Liquid regions will not be generated for this chunk. This may be fatal!
[31Jul2026 16:06:47.432] [DH-World Gen Thread[2]/ERROR] [bettercaves/]: Better Caves expected a ServerLevel, but got: com.seibel.distanthorizons.common.wrappers.worldGeneration.mimicObject.DhLitWorldGenRegion_forge
[31Jul2026 16:06:47.432] [DH-World Gen Thread[2]/ERROR] [bettercaves/]: Liquid regions will not be generated for this chunk. This may be fatal!
[31Jul2026 16:06:47.432] [DH-World Gen Thread[2]/ERROR] [bettercaves/]: Better Caves expected a ServerLevel, but got: com.seibel.distanthorizons.common.wrappers.worldGeneration.mimicObject.DhLitWorldGenRegion_forge
[31Jul2026 16:06:47.432] [DH-World Gen Thread[2]/ERROR] [bettercaves/]: Liquid regions will not be generated for this chunk. This may be fatal!
[31Jul2026 16:06:47.553] [DH-World Gen Thread[1]/ERROR] [bettercaves/]: Better Caves expected a ServerLevel, but got: com.seibel.distanthorizons.common.wrappers.worldGeneration.mimicObject.DhLitWorldGenRegion_forge
[31Jul2026 16:06:47.553] [DH-World Gen Thread[1]/ERROR] [bettercaves/]: Liquid regions will not be generated for this chunk. This may be fatal!
[31Jul2026 16:06:47.674] [DH-World Gen Thread[0]/ERROR] [bettercaves/]: Better Caves expected a ServerLevel, but got: com.seibel.distanthorizons.common.wrappers.worldGeneration.mimicObject.DhLitWorldGenRegion_forge
[31Jul2026 16:06:47.674] [DH-World Gen Thread[0]/ERROR] [bettercaves/]: Liquid regions will not be generated for this chunk. This may be fatal!
[31Jul2026 16:06:47.717] [DH-World Gen Thread[5]/ERROR] [bettercaves/]: Better Caves expected a ServerLevel, but got: com.seibel.distanthorizons.common.wrappers.worldGeneration.mimicObject.DhLitWorldGenRegion_forge
[31Jul2026 16:06:47.717] [DH-World Gen Thread[5]/ERROR] [bettercaves/]: Liquid regions will not be generated for this chunk. This may be fatal!
[31Jul2026 16:06:47.727] [DH-World Gen Thread[4]/ERROR] [bettercaves/]: Better Caves expected a ServerLevel, but got: com.seibel.distanthorizons.common.wrappers.worldGeneration.mimicObject.DhLitWorldGenRegion_forge
[31Jul2026 16:06:47.727] [DH-World Gen Thread[4]/ERROR] [bettercaves/]: Liquid regions will not be generated for this chunk. This may be fatal!
[31Jul2026 16:06:47.734] [DH-World Gen Thread[4]/ERROR] [bettercaves/]: Better Caves expected a ServerLevel, but got: com.seibel.distanthorizons.common.wrappers.worldGeneration.mimicObject.DhLitWorldGenRegion_forge
[31Jul2026 16:06:47.734] [DH-World Gen Thread[4]/ERROR] [bettercaves/]: Liquid regions will not be generated for this chunk. This may be fatal!
[31Jul2026 16:06:47.734] [DH-World Gen Thread[4]/ERROR] [bettercaves/]: Better Caves expected a ServerLevel, but got: com.seibel.distanthorizons.common.wrappers.worldGeneration.mimicObject.DhLitWorldGenRegion_forge
[31Jul2026 16:06:47.734] [DH-World Gen Thread[4]/ERROR] [bettercaves/]: Liquid regions will not be generated for this chunk. This may be fatal!
[31Jul2026 16:06:47.760] [DH-World Gen Thread[2]/ERROR] [bettercaves/]: Better Caves expected a ServerLevel, but got: com.seibel.distanthorizons.common.wrappers.worldGeneration.mimicObject.DhLitWorldGenRegion_forge
[31Jul2026 16:06:47.761] [DH-World Gen Thread[2]/ERROR] [bettercaves/]: Liquid regions will not be generated for this chunk. This may be fatal!
[31Jul2026 16:06:47.761] [DH-World Gen Thread[2]/ERROR] [bettercaves/]: Better Caves expected a ServerLevel, but got: com.seibel.distanthorizons.common.wrappers.worldGeneration.mimicObject.DhLitWorldGenRegion_forge
[31Jul2026 16:06:47.761] [DH-World Gen Thread[2]/ERROR] [bettercaves/]: Liquid regions will not be generated for this chunk. This may be fatal!
[31Jul2026 16:06:47.761] [DH-World Gen Thread[2]/ERROR] [bettercaves/]: Better Caves expected a ServerLevel, but got: com.seibel.distanthorizons.common.wrappers.worldGeneration.mimicObject.DhLitWorldGenRegion_forge
[31Jul2026 16:06:47.761] [DH-World Gen Thread[2]/ERROR] [bettercaves/]: Liquid regions will not be generated for this chunk. This may be fatal!
[31Jul2026 16:06:48.051] [DH-World Gen Thread[2]/ERROR] [bettercaves/]: Better Caves expected a ServerLevel, but got: com.seibel.distanthorizons.common.wrappers.worldGeneration.mimicObject.DhLitWorldGenRegion_forge
[31Jul2026 16:06:48.052] [DH-World Gen Thread[2]/ERROR] [bettercaves/]: Liquid regions will not be generated for this chunk. This may be fatal!
[31Jul2026 16:06:48.054] [DH-World Gen Thread[4]/ERROR] [bettercaves/]: Better Caves expected a ServerLevel, but got: com.seibel.distanthorizons.common.wrappers.worldGeneration.mimicObject.DhLitWorldGenRegion_forge
[31Jul2026 16:06:48.054] [DH-World Gen Thread[4]/ERROR] [bettercaves/]: Liquid regions will not be generated for this chunk. This may be fatal!
[31Jul2026 16:06:48.281] [DH-World Gen Thread[3]/ERROR] [bettercaves/]: Better Caves expected a ServerLevel, but got: com.seibel.distanthorizons.common.wrappers.worldGeneration.mimicObject.DhLitWorldGenRegion_forge
[31Jul2026 16:06:48.281] [DH-World Gen Thread[3]/ERROR] [bettercaves/]: Liquid regions will not be generated for this chunk. This may be fatal!
[31Jul2026 16:06:48.281] [DH-World Gen Thread[3]/ERROR] [bettercaves/]: Better Caves expected a ServerLevel, but got: com.seibel.distanthorizons.common.wrappers.worldGeneration.mimicObject.DhLitWorldGenRegion_forge
[31Jul2026 16:06:48.281] [DH-World Gen Thread[3]/ERROR] [bettercaves/]: Liquid regions will not be generated for this chunk. This may be fatal!
[31Jul2026 16:06:48.281] [DH-World Gen Thread[3]/ERROR] [bettercaves/]: Better Caves expected a ServerLevel, but got: com.seibel.distanthorizons.common.wrappers.worldGeneration.mimicObject.DhLitWorldGenRegion_forge
[31Jul2026 16:06:48.281] [DH-World Gen Thread[3]/ERROR] [bettercaves/]: Liquid regions will not be generated for this chunk. This may be fatal!
[31Jul2026 16:06:48.281] [DH-World Gen Thread[3]/ERROR] [bettercaves/]: Better Caves expected a ServerLevel, but got: com.seibel.distanthorizons.common.wrappers.worldGeneration.mimicObject.DhLitWorldGenRegion_forge
[31Jul2026 16:06:48.281] [DH-World Gen Thread[3]/ERROR] [bettercaves/]: Liquid regions will not be generated for this chunk. This may be fatal!
[31Jul2026 16:06:48.281] [DH-World Gen Thread[3]/ERROR] [bettercaves/]: Better Caves expected a ServerLevel, but got: com.seibel.distanthorizons.common.wrappers.worldGeneration.mimicObject.DhLitWorldGenRegion_forge
[31Jul2026 16:06:48.282] [DH-World Gen Thread[3]/ERROR] [bettercaves/]: Liquid regions will not be generated for this chunk. This may be fatal!
[31Jul2026 16:06:48.282] [DH-World Gen Thread[3]/ERROR] [bettercaves/]: Better Caves expected a ServerLevel, but got: com.seibel.distanthorizons.common.wrappers.worldGeneration.mimicObject.DhLitWorldGenRegion_forge
[31Jul2026 16:06:48.282] [DH-World Gen Thread[3]/ERROR] [bettercaves/]: Liquid regions will not be generated for this chunk. This may be fatal!
[31Jul2026 16:06:48.282] [DH-World Gen Thread[3]/ERROR] [bettercaves/]: Better Caves expected a ServerLevel, but got: com.seibel.distanthorizons.common.wrappers.worldGeneration.mimicObject.DhLitWorldGenRegion_forge
[31Jul2026 16:06:48.282] [DH-World Gen Thread[3]/ERROR] [bettercaves/]: Liquid regions will not be generated for this chunk. This may be fatal!
[31Jul2026 16:06:48.288] [DH-World Gen Thread[3]/ERROR] [bettercaves/]: Better Caves expected a ServerLevel, but got: com.seibel.distanthorizons.common.wrappers.worldGeneration.mimicObject.DhLitWorldGenRegion_forge
[31Jul2026 16:06:48.288] [DH-World Gen Thread[3]/ERROR] [bettercaves/]: Liquid regions will not be generated for this chunk. This may be fatal!
[31Jul2026 16:06:48.288] [DH-World Gen Thread[3]/ERROR] [bettercaves/]: Better Caves expected a ServerLevel, but got: com.seibel.distanthorizons.common.wrappers.worldGeneration.mimicObject.DhLitWorldGenRegion_forge
[31Jul2026 16:06:48.288] [DH-World Gen Thread[3]/ERROR] [bettercaves/]: Liquid regions will not be generated for this chunk. This may be fatal!
[31Jul2026 16:06:48.288] [DH-World Gen Thread[1]/ERROR] [bettercaves/]: Better Caves expected a ServerLevel, but got: com.seibel.distanthorizons.common.wrappers.worldGeneration.mimicObject.DhLitWorldGenRegion_forge
[31Jul2026 16:06:48.289] [DH-World Gen Thread[1]/ERROR] [bettercaves/]: Liquid regions will not be generated for this chunk. This may be fatal!
[31Jul2026 16:06:48.289] [DH-World Gen Thread[1]/ERROR] [bettercaves/]: Better Caves expected a ServerLevel, but got: com.seibel.distanthorizons.common.wrappers.worldGeneration.mimicObject.DhLitWorldGenRegion_forge
[31Jul2026 16:06:48.289] [DH-World Gen Thread[1]/ERROR] [bettercaves/]: Liquid regions will not be generated for this chunk. This may be fatal!
[31Jul2026 16:06:48.289] [DH-World Gen Thread[1]/ERROR] [bettercaves/]: Better Caves expected a ServerLevel, but got: com.seibel.distanthorizons.common.wrappers.worldGeneration.mimicObject.DhLitWorldGenRegion_forge
[31Jul2026 16:06:48.289] [DH-World Gen Thread[1]/ERROR] [bettercaves/]: Liquid regions will not be generated for this chunk. This may be fatal!
[31Jul2026 16:06:48.289] [DH-World Gen Thread[1]/ERROR] [bettercaves/]: Better Caves expected a ServerLevel, but got: com.seibel.distanthorizons.common.wrappers.worldGeneration.mimicObject.DhLitWorldGenRegion_forge
[31Jul2026 16:06:48.289] [DH-World Gen Thread[1]/ERROR] [bettercaves/]: Liquid regions will not be generated for this chunk. This may be fatal!
[31Jul2026 16:06:48.289] [DH-World Gen Thread[1]/ERROR] [bettercaves/]: Better Caves expected a ServerLevel, but got: com.seibel.distanthorizons.common.wrappers.worldGeneration.mimicObject.DhLitWorldGenRegion_forge
[31Jul2026 16:06:48.289] [DH-World Gen Thread[1]/ERROR] [bettercaves/]: Liquid regions will not be generated for this chunk. This may be fatal!
[31Jul2026 16:06:48.289] [DH-World Gen Thread[1]/ERROR] [bettercaves/]: Better Caves expected a ServerLevel, but got: com.seibel.distanthorizons.common.wrappers.worldGeneration.mimicObject.DhLitWorldGenRegion_forge
[31Jul2026 16:06:48.289] [DH-World Gen Thread[1]/ERROR] [bettercaves/]: Liquid regions will not be generated for this chunk. This may be fatal!
[31Jul2026 16:06:48.296] [DH-World Gen Thread[1]/ERROR] [bettercaves/]: Better Caves expected a ServerLevel, but got: com.seibel.distanthorizons.common.wrappers.worldGeneration.mimicObject.DhLitWorldGenRegion_forge
[31Jul2026 16:06:48.296] [DH-World Gen Thread[1]/ERROR] [bettercaves/]: Liquid regions will not be generated for this chunk. This may be fatal!
[31Jul2026 16:06:48.296] [DH-World Gen Thread[1]/ERROR] [bettercaves/]: Better Caves expected a ServerLevel, but got: com.seibel.distanthorizons.common.wrappers.worldGeneration.mimicObject.DhLitWorldGenRegion_forge
[31Jul2026 16:06:48.296] [DH-World Gen Thread[1]/ERROR] [bettercaves/]: Liquid regions will not be generated for this chunk. This may be fatal!
[31Jul2026 16:06:48.297] [DH-World Gen Thread[1]/ERROR] [bettercaves/]: Better Caves expected a ServerLevel, but got: com.seibel.distanthorizons.common.wrappers.worldGeneration.mimicObject.DhLitWorldGenRegion_forge
[31Jul2026 16:06:48.297] [DH-World Gen Thread[1]/ERROR] [bettercaves/]: Liquid regions will not be generated for this chunk. This may be fatal!
[31Jul2026 16:06:48.297] [DH-World Gen Thread[0]/ERROR] [bettercaves/]: Better Caves expected a ServerLevel, but got: com.seibel.distanthorizons.common.wrappers.worldGeneration.mimicObject.DhLitWorldGenRegion_forge
[31Jul2026 16:06:48.297] [DH-World Gen Thread[0]/ERROR] [bettercaves/]: Liquid regions will not be generated for this chunk. This may be fatal!
[31Jul2026 16:06:48.297] [DH-World Gen Thread[0]/ERROR] [bettercaves/]: Better Caves expected a ServerLevel, but got: com.seibel.distanthorizons.common.wrappers.worldGeneration.mimicObject.DhLitWorldGenRegion_forge
[31Jul2026 16:06:48.297] [DH-World Gen Thread[0]/ERROR] [bettercaves/]: Liquid regions will not be generated for this chunk. This may be fatal!
[31Jul2026 16:06:48.297] [DH-World Gen Thread[0]/ERROR] [bettercaves/]: Better Caves expected a ServerLevel, but got: com.seibel.distanthorizons.common.wrappers.worldGeneration.mimicObject.DhLitWorldGenRegion_forge
[31Jul2026 16:06:48.297] [DH-World Gen Thread[0]/ERROR] [bettercaves/]: Liquid regions will not be generated for this chunk. This may be fatal!
[31Jul2026 16:06:48.297] [DH-World Gen Thread[0]/ERROR] [bettercaves/]: Better Caves expected a ServerLevel, but got: com.seibel.distanthorizons.common.wrappers.worldGeneration.mimicObject.DhLitWorldGenRegion_forge
[31Jul2026 16:06:48.297] [DH-World Gen Thread[0]/ERROR] [bettercaves/]: Liquid regions will not be generated for this chunk. This may be fatal!
[31Jul2026 16:06:48.304] [DH-World Gen Thread[0]/ERROR] [bettercaves/]: Better Caves expected a ServerLevel, but got: com.seibel.distanthorizons.common.wrappers.worldGeneration.mimicObject.DhLitWorldGenRegion_forge
[31Jul2026 16:06:48.304] [DH-World Gen Thread[0]/ERROR] [bettercaves/]: Liquid regions will not be generated for this chunk. This may be fatal!
[31Jul2026 16:06:48.304] [DH-World Gen Thread[0]/ERROR] [bettercaves/]: Better Caves expected a ServerLevel, but got: com.seibel.distanthorizons.common.wrappers.worldGeneration.mimicObject.DhLitWorldGenRegion_forge
[31Jul2026 16:06:48.304] [DH-World Gen Thread[0]/ERROR] [bettercaves/]: Liquid regions will not be generated for this chunk. This may be fatal!
[31Jul2026 16:06:48.304] [DH-World Gen Thread[0]/ERROR] [bettercaves/]: Better Caves expected a ServerLevel, but got: com.seibel.distanthorizons.common.wrappers.worldGeneration.mimicObject.DhLitWorldGenRegion_forge
[31Jul2026 16:06:48.304] [DH-World Gen Thread[0]/ERROR] [bettercaves/]: Liquid regions will not be generated for this chunk. This may be fatal!
[31Jul2026 16:06:48.304] [DH-World Gen Thread[0]/ERROR] [bettercaves/]: Better Caves expected a ServerLevel, but got: com.seibel.distanthorizons.common.wrappers.worldGeneration.mimicObject.DhLitWorldGenRegion_forge
[31Jul2026 16:06:48.305] [DH-World Gen Thread[0]/ERROR] [bettercaves/]: Liquid regions will not be generated for this chunk. This may be fatal!
[31Jul2026 16:06:48.305] [DH-World Gen Thread[0]/ERROR] [bettercaves/]: Better Caves expected a ServerLevel, but got: com.seibel.distanthorizons.common.wrappers.worldGeneration.mimicObject.DhLitWorldGenRegion_forge
[31Jul2026 16:06:48.305] [DH-World Gen Thread[0]/ERROR] [bettercaves/]: Liquid regions will not be generated for this chunk. This may be fatal!
